eventID,eventDate,year,decimalLatitude,decimalLongitude,footprintWKT,coordinateUncertaintyInMeters,type,geodeticDatum,samplingProtocol,scientificName,scientificNameID,occurrenceStatus,occurrenceID,sex,lifeStage,organismQuantity,organismQuantityType,basisOfRecord,institutionCode,collectionCode,catalogNumber,preparations
npmsdd-33-1541,1994-06/07,1994,50.0031075448847,-145,"LINESTRING (-145.00000 44.00000, -145.00000 56.00000)",667370.3213711029,Event,EPSG:4326,https://doi.org/10.1080/00028487.2012.675914,Oncorhynchus mykiss,urn:lsid:marinespecies.org:taxname:127185,present,npmsdd-33-1541-p,unspecified,NA,11,individuals,PreservedSpecimen, , , , 
npmsdd-33-1541,1994-06/07,1994,50.0031075448847,-145,"LINESTRING (-145.00000 44.00000, -145.00000 56.00000)",667370.3213711029,Event,EPSG:4326,https://doi.org/10.1080/00028487.2012.675914,Actinopterygii,urn:lsid:marinespecies.org:taxname:10194,present,npmsdd-33-1541-pr1,NA,NA,NA,NA,PreservedSpecimen, , , , 
npmsdd-33-1541,1994-06/07,1994,50.0031075448847,-145,"LINESTRING (-145.00000 44.00000, -145.00000 56.00000)",667370.3213711029,Event,EPSG:4326,https://doi.org/10.1080/00028487.2012.675914,Coleoidea,urn:lsid:marinespecies.org:taxname:11709,present,npmsdd-33-1541-pr2,NA,NA,NA,NA,PreservedSpecimen, , , , 
npmsdd-33-1541,1994-06/07,1994,50.0031075448847,-145,"LINESTRING (-145.00000 44.00000, -145.00000 56.00000)",667370.3213711029,Event,EPSG:4326,https://doi.org/10.1080/00028487.2012.675914,Miscellaneous, ,present,npmsdd-33-1541-pr3,NA,NA,NA,NA,PreservedSpecimen, , , , 
npmsdd-33-1541,1994-06/07,1994,50.0031075448847,-145,"LINESTRING (-145.00000 44.00000, -145.00000 56.00000)",667370.3213711029,Event,EPSG:4326,https://doi.org/10.1080/00028487.2012.675914,Pteropoda,urn:lsid:marinespecies.org:taxname:325345,present,npmsdd-33-1541-pr4,NA,NA,NA,NA,PreservedSpecimen, , , , 
npmsdd-33-1542,1995-06/07,1995,50.0031075448847,-145,"LINESTRING (-145.00000 44.00000, -145.00000 56.00000)",667370.3213711029,Event,EPSG:4326,https://doi.org/10.1080/00028487.2012.675914,Oncorhynchus mykiss,urn:lsid:marinespecies.org:taxname:127185,present,npmsdd-33-1542-p,unspecified,NA,10,individuals,PreservedSpecimen, , , , 
npmsdd-33-1542,1995-06/07,1995,50.0031075448847,-145,"LINESTRING (-145.00000 44.00000, -145.00000 56.00000)",667370.3213711029,Event,EPSG:4326,https://doi.org/10.1080/00028487.2012.675914,Actinopterygii,urn:lsid:marinespecies.org:taxname:10194,present,npmsdd-33-1542-pr1,NA,NA,NA,NA,PreservedSpecimen, , , , 
npmsdd-33-1542,1995-06/07,1995,50.0031075448847,-145,"LINESTRING (-145.00000 44.00000, -145.00000 56.00000)",667370.3213711029,Event,EPSG:4326,https://doi.org/10.1080/00028487.2012.675914,Amphipoda,urn:lsid:marinespecies.org:taxname:1135,present,npmsdd-33-1542-pr2,NA,NA,NA,NA,PreservedSpecimen, , , , 
npmsdd-33-1542,1995-06/07,1995,50.0031075448847,-145,"LINESTRING (-145.00000 44.00000, -145.00000 56.00000)",667370.3213711029,Event,EPSG:4326,https://doi.org/10.1080/00028487.2012.675914,Coleoidea,urn:lsid:marinespecies.org:taxname:11709,present,npmsdd-33-1542-pr3,NA,NA,NA,NA,PreservedSpecimen, , , , 
npmsdd-33-1542,1995-06/07,1995,50.0031075448847,-145,"LINESTRING (-145.00000 44.00000, -145.00000 56.00000)",667370.3213711029,Event,EPSG:4326,https://doi.org/10.1080/00028487.2012.675914,Crustacea,urn:lsid:marinespecies.org:taxname:1066,present,npmsdd-33-1542-pr4,NA,NA,NA,NA,PreservedSpecimen, , , , 
npmsdd-33-1542,1995-06/07,1995,50.0031075448847,-145,"LINESTRING (-145.00000 44.00000, -145.00000 56.00000)",667370.3213711029,Event,EPSG:4326,https://doi.org/10.1080/00028487.2012.675914,Miscellaneous, ,present,npmsdd-33-1542-pr5,NA,NA,NA,NA,PreservedSpecimen, , , , 
npmsdd-33-1542,1995-06/07,1995,50.0031075448847,-145,"LINESTRING (-145.00000 44.00000, -145.00000 56.00000)",667370.3213711029,Event,EPSG:4326,https://doi.org/10.1080/00028487.2012.675914,Pteropoda,urn:lsid:marinespecies.org:taxname:325345,present,npmsdd-33-1542-pr6,NA,NA,NA,NA,PreservedSpecimen, , , , 
npmsdd-33-1543,1996-06/07,1996,50.0031075448847,-145,"LINESTRING (-145.00000 44.00000, -145.00000 56.00000)",667370.3213711029,Event,EPSG:4326,https://doi.org/10.1080/00028487.2012.675914,Oncorhynchus mykiss,urn:lsid:marinespecies.org:taxname:127185,present,npmsdd-33-1543-p,unspecified,NA,29,individuals,PreservedSpecimen, , , , 
npmsdd-33-1543,1996-06/07,1996,50.0031075448847,-145,"LINESTRING (-145.00000 44.00000, -145.00000 56.00000)",667370.3213711029,Event,EPSG:4326,https://doi.org/10.1080/00028487.2012.675914,Actinopterygii,urn:lsid:marinespecies.org:taxname:10194,present,npmsdd-33-1543-pr1,NA,NA,NA,NA,PreservedSpecimen, , , , 
npmsdd-33-1543,1996-06/07,1996,50.0031075448847,-145,"LINESTRING (-145.00000 44.00000, -145.00000 56.00000)",667370.3213711029,Event,EPSG:4326,https://doi.org/10.1080/00028487.2012.675914,Amphipoda,urn:lsid:marinespecies.org:taxname:1135,present,npmsdd-33-1543-pr2,NA,NA,NA,NA,PreservedSpecimen, , , , 
npmsdd-33-1543,1996-06/07,1996,50.0031075448847,-145,"LINESTRING (-145.00000 44.00000, -145.00000 56.00000)",667370.3213711029,Event,EPSG:4326,https://doi.org/10.1080/00028487.2012.675914,Coleoidea,urn:lsid:marinespecies.org:taxname:11709,present,npmsdd-33-1543-pr3,NA,NA,NA,NA,PreservedSpecimen, , , , 
npmsdd-33-1543,1996-06/07,1996,50.0031075448847,-145,"LINESTRING (-145.00000 44.00000, -145.00000 56.00000)",667370.3213711029,Event,EPSG:4326,https://doi.org/10.1080/00028487.2012.675914,Polychaeta,urn:lsid:marinespecies.org:taxname:883,present,npmsdd-33-1543-pr4,NA,NA,NA,NA,PreservedSpecimen, , , , 
npmsdd-33-1543,1996-06/07,1996,50.0031075448847,-145,"LINESTRING (-145.00000 44.00000, -145.00000 56.00000)",667370.3213711029,Event,EPSG:4326,https://doi.org/10.1080/00028487.2012.675914,Pteropoda,urn:lsid:marinespecies.org:taxname:325345,present,npmsdd-33-1543-pr5,NA,NA,NA,NA,PreservedSpecimen, , , , 
npmsdd-33-1544,1997-06/07,1997,50.0031075448847,-145,"LINESTRING (-145.00000 44.00000, -145.00000 56.00000)",667370.3213711029,Event,EPSG:4326,https://doi.org/10.1080/00028487.2012.675914,Oncorhynchus mykiss,urn:lsid:marinespecies.org:taxname:127185,present,npmsdd-33-1544-p,unspecified,NA,17,individuals,PreservedSpecimen, , , , 
npmsdd-33-1544,1997-06/07,1997,50.0031075448847,-145,"LINESTRING (-145.00000 44.00000, -145.00000 56.00000)",667370.3213711029,Event,EPSG:4326,https://doi.org/10.1080/00028487.2012.675914,Actinopterygii,urn:lsid:marinespecies.org:taxname:10194,present,npmsdd-33-1544-pr1,NA,NA,NA,NA,PreservedSpecimen, , , , 
npmsdd-33-1544,1997-06/07,1997,50.0031075448847,-145,"LINESTRING (-145.00000 44.00000, -145.00000 56.00000)",667370.3213711029,Event,EPSG:4326,https://doi.org/10.1080/00028487.2012.675914,Crustacea,urn:lsid:marinespecies.org:taxname:1066,present,npmsdd-33-1544-pr2,NA,NA,NA,NA,PreservedSpecimen, , , , 
npmsdd-33-1544,1997-06/07,1997,50.0031075448847,-145,"LINESTRING (-145.00000 44.00000, -145.00000 56.00000)",667370.3213711029,Event,EPSG:4326,https://doi.org/10.1080/00028487.2012.675914,Miscellaneous, ,present,npmsdd-33-1544-pr3,NA,NA,NA,NA,PreservedSpecimen, , , , 
npmsdd-33-1544,1997-06/07,1997,50.0031075448847,-145,"LINESTRING (-145.00000 44.00000, -145.00000 56.00000)",667370.3213711029,Event,EPSG:4326,https://doi.org/10.1080/00028487.2012.675914,Pteropoda,urn:lsid:marinespecies.org:taxname:325345,present,npmsdd-33-1544-pr4,NA,NA,NA,NA,PreservedSpecimen, , , , 
npmsdd-33-1545,1998-06/07,1998,50.0031075448847,-145,"LINESTRING (-145.00000 44.00000, -145.00000 56.00000)",667370.3213711029,Event,EPSG:4326,https://doi.org/10.1080/00028487.2012.675914,Oncorhynchus mykiss,urn:lsid:marinespecies.org:taxname:127185,present,npmsdd-33-1545-p,unspecified,NA,24,individuals,PreservedSpecimen, , , , 
npmsdd-33-1545,1998-06/07,1998,50.0031075448847,-145,"LINESTRING (-145.00000 44.00000, -145.00000 56.00000)",667370.3213711029,Event,EPSG:4326,https://doi.org/10.1080/00028487.2012.675914,Actinopterygii,urn:lsid:marinespecies.org:taxname:10194,present,npmsdd-33-1545-pr1,NA,NA,NA,NA,PreservedSpecimen, , , , 
npmsdd-33-1545,1998-06/07,1998,50.0031075448847,-145,"LINESTRING (-145.00000 44.00000, -145.00000 56.00000)",667370.3213711029,Event,EPSG:4326,https://doi.org/10.1080/00028487.2012.675914,Amphipoda,urn:lsid:marinespecies.org:taxname:1135,present,npmsdd-33-1545-pr2,NA,NA,NA,NA,PreservedSpecimen, , , , 
npmsdd-33-1545,1998-06/07,1998,50.0031075448847,-145,"LINESTRING (-145.00000 44.00000, -145.00000 56.00000)",667370.3213711029,Event,EPSG:4326,https://doi.org/10.1080/00028487.2012.675914,Coleoidea,urn:lsid:marinespecies.org:taxname:11709,present,npmsdd-33-1545-pr3,NA,NA,NA,NA,PreservedSpecimen, , , , 
npmsdd-33-1545,1998-06/07,1998,50.0031075448847,-145,"LINESTRING (-145.00000 44.00000, -145.00000 56.00000)",667370.3213711029,Event,EPSG:4326,https://doi.org/10.1080/00028487.2012.675914,Euphausiacea,urn:lsid:marinespecies.org:taxname:1128,present,npmsdd-33-1545-pr4,NA,NA,NA,NA,PreservedSpecimen, , , , 
npmsdd-33-1545,1998-06/07,1998,50.0031075448847,-145,"LINESTRING (-145.00000 44.00000, -145.00000 56.00000)",667370.3213711029,Event,EPSG:4326,https://doi.org/10.1080/00028487.2012.675914,Miscellaneous, ,present,npmsdd-33-1545-pr5,NA,NA,NA,NA,PreservedSpecimen, , , , 
npmsdd-33-1545,1998-06/07,1998,50.0031075448847,-145,"LINESTRING (-145.00000 44.00000, -145.00000 56.00000)",667370.3213711029,Event,EPSG:4326,https://doi.org/10.1080/00028487.2012.675914,Pteropoda,urn:lsid:marinespecies.org:taxname:325345,present,npmsdd-33-1545-pr6,NA,NA,NA,NA,PreservedSpecimen, , , , 
npmsdd-33-1546,1999-06/07,1999,50.0031075448847,-145,"LINESTRING (-145.00000 44.00000, -145.00000 56.00000)",667370.3213711029,Event,EPSG:4326,https://doi.org/10.1080/00028487.2012.675914,Oncorhynchus mykiss,urn:lsid:marinespecies.org:taxname:127185,present,npmsdd-33-1546-p,unspecified,NA,9,individuals,PreservedSpecimen, , , , 
npmsdd-33-1546,1999-06/07,1999,50.0031075448847,-145,"LINESTRING (-145.00000 44.00000, -145.00000 56.00000)",667370.3213711029,Event,EPSG:4326,https://doi.org/10.1080/00028487.2012.675914,Actinopterygii,urn:lsid:marinespecies.org:taxname:10194,present,npmsdd-33-1546-pr1,NA,NA,NA,NA,PreservedSpecimen, , , , 
npmsdd-33-1546,1999-06/07,1999,50.0031075448847,-145,"LINESTRING (-145.00000 44.00000, -145.00000 56.00000)",667370.3213711029,Event,EPSG:4326,https://doi.org/10.1080/00028487.2012.675914,Amphipoda,urn:lsid:marinespecies.org:taxname:1135,present,npmsdd-33-1546-pr2,NA,NA,NA,NA,PreservedSpecimen, , , , 
npmsdd-33-1546,1999-06/07,1999,50.0031075448847,-145,"LINESTRING (-145.00000 44.00000, -145.00000 56.00000)",667370.3213711029,Event,EPSG:4326,https://doi.org/10.1080/00028487.2012.675914,Coleoidea,urn:lsid:marinespecies.org:taxname:11709,present,npmsdd-33-1546-pr3,NA,NA,NA,NA,PreservedSpecimen, , , , 
npmsdd-33-1546,1999-06/07,1999,50.0031075448847,-145,"LINESTRING (-145.00000 44.00000, -145.00000 56.00000)",667370.3213711029,Event,EPSG:4326,https://doi.org/10.1080/00028487.2012.675914,Miscellaneous, ,present,npmsdd-33-1546-pr4,NA,NA,NA,NA,PreservedSpecimen, , , , 
npmsdd-33-1547,2000-06/07,2000,50.0031075448847,-145,"LINESTRING (-145.00000 44.00000, -145.00000 56.00000)",667370.3213711029,Event,EPSG:4326,https://doi.org/10.1080/00028487.2012.675914,Oncorhynchus mykiss,urn:lsid:marinespecies.org:taxname:127185,present,npmsdd-33-1547-p,unspecified,NA,27,individuals,PreservedSpecimen, , , , 
npmsdd-33-1547,2000-06/07,2000,50.0031075448847,-145,"LINESTRING (-145.00000 44.00000, -145.00000 56.00000)",667370.3213711029,Event,EPSG:4326,https://doi.org/10.1080/00028487.2012.675914,Actinopterygii,urn:lsid:marinespecies.org:taxname:10194,present,npmsdd-33-1547-pr1,NA,NA,NA,NA,PreservedSpecimen, , , , 
npmsdd-33-1547,2000-06/07,2000,50.0031075448847,-145,"LINESTRING (-145.00000 44.00000, -145.00000 56.00000)",667370.3213711029,Event,EPSG:4326,https://doi.org/10.1080/00028487.2012.675914,Amphipoda,urn:lsid:marinespecies.org:taxname:1135,present,npmsdd-33-1547-pr2,NA,NA,NA,NA,PreservedSpecimen, , , , 
npmsdd-33-1547,2000-06/07,2000,50.0031075448847,-145,"LINESTRING (-145.00000 44.00000, -145.00000 56.00000)",667370.3213711029,Event,EPSG:4326,https://doi.org/10.1080/00028487.2012.675914,Coleoidea,urn:lsid:marinespecies.org:taxname:11709,present,npmsdd-33-1547-pr3,NA,NA,NA,NA,PreservedSpecimen, , , , 
npmsdd-33-1547,2000-06/07,2000,50.0031075448847,-145,"LINESTRING (-145.00000 44.00000, -145.00000 56.00000)",667370.3213711029,Event,EPSG:4326,https://doi.org/10.1080/00028487.2012.675914,Copepoda,urn:lsid:marinespecies.org:taxname:1080,present,npmsdd-33-1547-pr4,NA,NA,NA,NA,PreservedSpecimen, , , , 
npmsdd-33-1547,2000-06/07,2000,50.0031075448847,-145,"LINESTRING (-145.00000 44.00000, -145.00000 56.00000)",667370.3213711029,Event,EPSG:4326,https://doi.org/10.1080/00028487.2012.675914,Euphausiacea,urn:lsid:marinespecies.org:taxname:1128,present,npmsdd-33-1547-pr5,NA,NA,NA,NA,PreservedSpecimen, , , , 
npmsdd-33-1547,2000-06/07,2000,50.0031075448847,-145,"LINESTRING (-145.00000 44.00000, -145.00000 56.00000)",667370.3213711029,Event,EPSG:4326,https://doi.org/10.1080/00028487.2012.675914,Miscellaneous, ,present,npmsdd-33-1547-pr6,NA,NA,NA,NA,PreservedSpecimen, , , , 
npmsdd-33-1547,2000-06/07,2000,50.0031075448847,-145,"LINESTRING (-145.00000 44.00000, -145.00000 56.00000)",667370.3213711029,Event,EPSG:4326,https://doi.org/10.1080/00028487.2012.675914,Polychaeta,urn:lsid:marinespecies.org:taxname:883,present,npmsdd-33-1547-pr7,NA,NA,NA,NA,PreservedSpecimen, , , , 
npmsdd-33-1547,2000-06/07,2000,50.0031075448847,-145,"LINESTRING (-145.00000 44.00000, -145.00000 56.00000)",667370.3213711029,Event,EPSG:4326,https://doi.org/10.1080/00028487.2012.675914,Pteropoda,urn:lsid:marinespecies.org:taxname:325345,present,npmsdd-33-1547-pr8,NA,NA,NA,NA,PreservedSpecimen, , , , 
npmsdd-33-1548,2001-06/07,2001,50.0031075448847,-145,"LINESTRING (-145.00000 44.00000, -145.00000 56.00000)",667370.3213711029,Event,EPSG:4326,https://doi.org/10.1080/00028487.2012.675914,Oncorhynchus mykiss,urn:lsid:marinespecies.org:taxname:127185,present,npmsdd-33-1548-p,unspecified,NA,2,individuals,PreservedSpecimen, , , , 
npmsdd-33-1548,2001-06/07,2001,50.0031075448847,-145,"LINESTRING (-145.00000 44.00000, -145.00000 56.00000)",667370.3213711029,Event,EPSG:4326,https://doi.org/10.1080/00028487.2012.675914,Actinopterygii,urn:lsid:marinespecies.org:taxname:10194,present,npmsdd-33-1548-pr1,NA,NA,NA,NA,PreservedSpecimen, , , , 
npmsdd-33-1548,2001-06/07,2001,50.0031075448847,-145,"LINESTRING (-145.00000 44.00000, -145.00000 56.00000)",667370.3213711029,Event,EPSG:4326,https://doi.org/10.1080/00028487.2012.675914,Copepoda,urn:lsid:marinespecies.org:taxname:1080,present,npmsdd-33-1548-pr2,NA,NA,NA,NA,PreservedSpecimen, , , , 
npmsdd-33-1549,2002-06/07,2002,50.0031075448847,-145,"LINESTRING (-145.00000 44.00000, -145.00000 56.00000)",667370.3213711029,Event,EPSG:4326,https://doi.org/10.1080/00028487.2012.675914,Oncorhynchus mykiss,urn:lsid:marinespecies.org:taxname:127185,present,npmsdd-33-1549-p,unspecified,NA,21,individuals,PreservedSpecimen, , , , 
npmsdd-33-1549,2002-06/07,2002,50.0031075448847,-145,"LINESTRING (-145.00000 44.00000, -145.00000 56.00000)",667370.3213711029,Event,EPSG:4326,https://doi.org/10.1080/00028487.2012.675914,Actinopterygii,urn:lsid:marinespecies.org:taxname:10194,present,npmsdd-33-1549-pr1,NA,NA,NA,NA,PreservedSpecimen, , , , 
npmsdd-33-1549,2002-06/07,2002,50.0031075448847,-145,"LINESTRING (-145.00000 44.00000, -145.00000 56.00000)",667370.3213711029,Event,EPSG:4326,https://doi.org/10.1080/00028487.2012.675914,Amphipoda,urn:lsid:marinespecies.org:taxname:1135,present,npmsdd-33-1549-pr2,NA,NA,NA,NA,PreservedSpecimen, , , , 
npmsdd-33-1549,2002-06/07,2002,50.0031075448847,-145,"LINESTRING (-145.00000 44.00000, -145.00000 56.00000)",667370.3213711029,Event,EPSG:4326,https://doi.org/10.1080/00028487.2012.675914,Coleoidea,urn:lsid:marinespecies.org:taxname:11709,present,npmsdd-33-1549-pr3,NA,NA,NA,NA,PreservedSpecimen, , , , 
npmsdd-33-1549,2002-06/07,2002,50.0031075448847,-145,"LINESTRING (-145.00000 44.00000, -145.00000 56.00000)",667370.3213711029,Event,EPSG:4326,https://doi.org/10.1080/00028487.2012.675914,Crustacea,urn:lsid:marinespecies.org:taxname:1066,present,npmsdd-33-1549-pr4,NA,NA,NA,NA,PreservedSpecimen, , , , 
npmsdd-33-1549,2002-06/07,2002,50.0031075448847,-145,"LINESTRING (-145.00000 44.00000, -145.00000 56.00000)",667370.3213711029,Event,EPSG:4326,https://doi.org/10.1080/00028487.2012.675914,Euphausiacea,urn:lsid:marinespecies.org:taxname:1128,present,npmsdd-33-1549-pr5,NA,NA,NA,NA,PreservedSpecimen, , , , 
npmsdd-33-1549,2002-06/07,2002,50.0031075448847,-145,"LINESTRING (-145.00000 44.00000, -145.00000 56.00000)",667370.3213711029,Event,EPSG:4326,https://doi.org/10.1080/00028487.2012.675914,Pteropoda,urn:lsid:marinespecies.org:taxname:325345,present,npmsdd-33-1549-pr6,NA,NA,NA,NA,PreservedSpecimen, , , , 
npmsdd-33-1550,1993-06/07,1993,50.0031075448847,-145,"LINESTRING (-145.00000 44.00000, -145.00000 56.00000)",667370.3213711029,Event,EPSG:4326,https://doi.org/10.1080/00028487.2012.675914,Oncorhynchus mykiss,urn:lsid:marinespecies.org:taxname:127185,present,npmsdd-33-1550-p,unspecified,NA,23,individuals,PreservedSpecimen, , , , 
npmsdd-33-1550,1993-06/07,1993,50.0031075448847,-145,"LINESTRING (-145.00000 44.00000, -145.00000 56.00000)",667370.3213711029,Event,EPSG:4326,https://doi.org/10.1080/00028487.2012.675914,Actinopterygii,urn:lsid:marinespecies.org:taxname:10194,present,npmsdd-33-1550-pr1,NA,NA,NA,NA,PreservedSpecimen, , , , 
npmsdd-33-1550,1993-06/07,1993,50.0031075448847,-145,"LINESTRING (-145.00000 44.00000, -145.00000 56.00000)",667370.3213711029,Event,EPSG:4326,https://doi.org/10.1080/00028487.2012.675914,Amphipoda,urn:lsid:marinespecies.org:taxname:1135,present,npmsdd-33-1550-pr2,NA,NA,NA,NA,PreservedSpecimen, , , , 
npmsdd-33-1550,1993-06/07,1993,50.0031075448847,-145,"LINESTRING (-145.00000 44.00000, -145.00000 56.00000)",667370.3213711029,Event,EPSG:4326,https://doi.org/10.1080/00028487.2012.675914,Coleoidea,urn:lsid:marinespecies.org:taxname:11709,present,npmsdd-33-1550-pr3,NA,NA,NA,NA,PreservedSpecimen, , , , 
npmsdd-33-1550,1993-06/07,1993,50.0031075448847,-145,"LINESTRING (-145.00000 44.00000, -145.00000 56.00000)",667370.3213711029,Event,EPSG:4326,https://doi.org/10.1080/00028487.2012.675914,Crustacea,urn:lsid:marinespecies.org:taxname:1066,present,npmsdd-33-1550-pr4,NA,NA,NA,NA,PreservedSpecimen, , , , 
npmsdd-33-1550,1993-06/07,1993,50.0031075448847,-145,"LINESTRING (-145.00000 44.00000, -145.00000 56.00000)",667370.3213711029,Event,EPSG:4326,https://doi.org/10.1080/00028487.2012.675914,Euphausiacea,urn:lsid:marinespecies.org:taxname:1128,present,npmsdd-33-1550-pr5,NA,NA,NA,NA,PreservedSpecimen, , , , 
npmsdd-33-1550,1993-06/07,1993,50.0031075448847,-145,"LINESTRING (-145.00000 44.00000, -145.00000 56.00000)",667370.3213711029,Event,EPSG:4326,https://doi.org/10.1080/00028487.2012.675914,Miscellaneous, ,present,npmsdd-33-1550-pr6,NA,NA,NA,NA,PreservedSpecimen, , , , 
npmsdd-33-1550,1993-06/07,1993,50.0031075448847,-145,"LINESTRING (-145.00000 44.00000, -145.00000 56.00000)",667370.3213711029,Event,EPSG:4326,https://doi.org/10.1080/00028487.2012.675914,Pteropoda,urn:lsid:marinespecies.org:taxname:325345,present,npmsdd-33-1550-pr7,NA,NA,NA,NA,PreservedSpecimen, , , , 
npmsdd-33-1551,1994-06/07,1994,50.0031075448847,-145,"LINESTRING (-145.00000 44.00000, -145.00000 56.00000)",667370.3213711029,Event,EPSG:4326,https://doi.org/10.1080/00028487.2012.675914,Oncorhynchus mykiss,urn:lsid:marinespecies.org:taxname:127185,present,npmsdd-33-1551-p,unspecified,NA,28,individuals,PreservedSpecimen, , , , 
npmsdd-33-1551,1994-06/07,1994,50.0031075448847,-145,"LINESTRING (-145.00000 44.00000, -145.00000 56.00000)",667370.3213711029,Event,EPSG:4326,https://doi.org/10.1080/00028487.2012.675914,Actinopterygii,urn:lsid:marinespecies.org:taxname:10194,present,npmsdd-33-1551-pr1,NA,NA,NA,NA,PreservedSpecimen, , , , 
npmsdd-33-1551,1994-06/07,1994,50.0031075448847,-145,"LINESTRING (-145.00000 44.00000, -145.00000 56.00000)",667370.3213711029,Event,EPSG:4326,https://doi.org/10.1080/00028487.2012.675914,Amphipoda,urn:lsid:marinespecies.org:taxname:1135,present,npmsdd-33-1551-pr2,NA,NA,NA,NA,PreservedSpecimen, , , , 
npmsdd-33-1551,1994-06/07,1994,50.0031075448847,-145,"LINESTRING (-145.00000 44.00000, -145.00000 56.00000)",667370.3213711029,Event,EPSG:4326,https://doi.org/10.1080/00028487.2012.675914,Coleoidea,urn:lsid:marinespecies.org:taxname:11709,present,npmsdd-33-1551-pr3,NA,NA,NA,NA,PreservedSpecimen, , , , 
npmsdd-33-1551,1994-06/07,1994,50.0031075448847,-145,"LINESTRING (-145.00000 44.00000, -145.00000 56.00000)",667370.3213711029,Event,EPSG:4326,https://doi.org/10.1080/00028487.2012.675914,Pteropoda,urn:lsid:marinespecies.org:taxname:325345,present,npmsdd-33-1551-pr4,NA,NA,NA,NA,PreservedSpecimen, , , , 
npmsdd-33-1552,1995-06/07,1995,50.0031075448847,-145,"LINESTRING (-145.00000 44.00000, -145.00000 56.00000)",667370.3213711029,Event,EPSG:4326,https://doi.org/10.1080/00028487.2012.675914,Oncorhynchus mykiss,urn:lsid:marinespecies.org:taxname:127185,present,npmsdd-33-1552-p,unspecified,NA,58,individuals,PreservedSpecimen, , , , 
npmsdd-33-1552,1995-06/07,1995,50.0031075448847,-145,"LINESTRING (-145.00000 44.00000, -145.00000 56.00000)",667370.3213711029,Event,EPSG:4326,https://doi.org/10.1080/00028487.2012.675914,Actinopterygii,urn:lsid:marinespecies.org:taxname:10194,present,npmsdd-33-1552-pr1,NA,NA,NA,NA,PreservedSpecimen, , , , 
npmsdd-33-1552,1995-06/07,1995,50.0031075448847,-145,"LINESTRING (-145.00000 44.00000, -145.00000 56.00000)",667370.3213711029,Event,EPSG:4326,https://doi.org/10.1080/00028487.2012.675914,Amphipoda,urn:lsid:marinespecies.org:taxname:1135,present,npmsdd-33-1552-pr2,NA,NA,NA,NA,PreservedSpecimen, , , , 
npmsdd-33-1552,1995-06/07,1995,50.0031075448847,-145,"LINESTRING (-145.00000 44.00000, -145.00000 56.00000)",667370.3213711029,Event,EPSG:4326,https://doi.org/10.1080/00028487.2012.675914,Coleoidea,urn:lsid:marinespecies.org:taxname:11709,present,npmsdd-33-1552-pr3,NA,NA,NA,NA,PreservedSpecimen, , , , 
npmsdd-33-1552,1995-06/07,1995,50.0031075448847,-145,"LINESTRING (-145.00000 44.00000, -145.00000 56.00000)",667370.3213711029,Event,EPSG:4326,https://doi.org/10.1080/00028487.2012.675914,Crustacea,urn:lsid:marinespecies.org:taxname:1066,present,npmsdd-33-1552-pr4,NA,NA,NA,NA,PreservedSpecimen, , , , 
npmsdd-33-1552,1995-06/07,1995,50.0031075448847,-145,"LINESTRING (-145.00000 44.00000, -145.00000 56.00000)",667370.3213711029,Event,EPSG:4326,https://doi.org/10.1080/00028487.2012.675914,Miscellaneous, ,present,npmsdd-33-1552-pr5,NA,NA,NA,NA,PreservedSpecimen, , , , 
npmsdd-33-1552,1995-06/07,1995,50.0031075448847,-145,"LINESTRING (-145.00000 44.00000, -145.00000 56.00000)",667370.3213711029,Event,EPSG:4326,https://doi.org/10.1080/00028487.2012.675914,Polychaeta,urn:lsid:marinespecies.org:taxname:883,present,npmsdd-33-1552-pr6,NA,NA,NA,NA,PreservedSpecimen, , , , 
npmsdd-33-1552,1995-06/07,1995,50.0031075448847,-145,"LINESTRING (-145.00000 44.00000, -145.00000 56.00000)",667370.3213711029,Event,EPSG:4326,https://doi.org/10.1080/00028487.2012.675914,Pteropoda,urn:lsid:marinespecies.org:taxname:325345,present,npmsdd-33-1552-pr7,NA,NA,NA,NA,PreservedSpecimen, , , , 
npmsdd-33-1553,1996-06/07,1996,50.0031075448847,-145,"LINESTRING (-145.00000 44.00000, -145.00000 56.00000)",667370.3213711029,Event,EPSG:4326,https://doi.org/10.1080/00028487.2012.675914,Oncorhynchus mykiss,urn:lsid:marinespecies.org:taxname:127185,present,npmsdd-33-1553-p,unspecified,NA,24,individuals,PreservedSpecimen, , , , 
npmsdd-33-1553,1996-06/07,1996,50.0031075448847,-145,"LINESTRING (-145.00000 44.00000, -145.00000 56.00000)",667370.3213711029,Event,EPSG:4326,https://doi.org/10.1080/00028487.2012.675914,Actinopterygii,urn:lsid:marinespecies.org:taxname:10194,present,npmsdd-33-1553-pr1,NA,NA,NA,NA,PreservedSpecimen, , , , 
npmsdd-33-1553,1996-06/07,1996,50.0031075448847,-145,"LINESTRING (-145.00000 44.00000, -145.00000 56.00000)",667370.3213711029,Event,EPSG:4326,https://doi.org/10.1080/00028487.2012.675914,Amphipoda,urn:lsid:marinespecies.org:taxname:1135,present,npmsdd-33-1553-pr2,NA,NA,NA,NA,PreservedSpecimen, , , , 
npmsdd-33-1553,1996-06/07,1996,50.0031075448847,-145,"LINESTRING (-145.00000 44.00000, -145.00000 56.00000)",667370.3213711029,Event,EPSG:4326,https://doi.org/10.1080/00028487.2012.675914,Coleoidea,urn:lsid:marinespecies.org:taxname:11709,present,npmsdd-33-1553-pr3,NA,NA,NA,NA,PreservedSpecimen, , , , 
npmsdd-33-1553,1996-06/07,1996,50.0031075448847,-145,"LINESTRING (-145.00000 44.00000, -145.00000 56.00000)",667370.3213711029,Event,EPSG:4326,https://doi.org/10.1080/00028487.2012.675914,Miscellaneous, ,present,npmsdd-33-1553-pr4,NA,NA,NA,NA,PreservedSpecimen, , , , 
npmsdd-33-1553,1996-06/07,1996,50.0031075448847,-145,"LINESTRING (-145.00000 44.00000, -145.00000 56.00000)",667370.3213711029,Event,EPSG:4326,https://doi.org/10.1080/00028487.2012.675914,Polychaeta,urn:lsid:marinespecies.org:taxname:883,present,npmsdd-33-1553-pr5,NA,NA,NA,NA,PreservedSpecimen, , , , 
npmsdd-33-1553,1996-06/07,1996,50.0031075448847,-145,"LINESTRING (-145.00000 44.00000, -145.00000 56.00000)",667370.3213711029,Event,EPSG:4326,https://doi.org/10.1080/00028487.2012.675914,Pteropoda,urn:lsid:marinespecies.org:taxname:325345,present,npmsdd-33-1553-pr6,NA,NA,NA,NA,PreservedSpecimen, , , , 
npmsdd-33-1554,1997-06/07,1997,50.0031075448847,-145,"LINESTRING (-145.00000 44.00000, -145.00000 56.00000)",667370.3213711029,Event,EPSG:4326,https://doi.org/10.1080/00028487.2012.675914,Oncorhynchus mykiss,urn:lsid:marinespecies.org:taxname:127185,present,npmsdd-33-1554-p,unspecified,NA,31,individuals,PreservedSpecimen, , , , 
npmsdd-33-1554,1997-06/07,1997,50.0031075448847,-145,"LINESTRING (-145.00000 44.00000, -145.00000 56.00000)",667370.3213711029,Event,EPSG:4326,https://doi.org/10.1080/00028487.2012.675914,Actinopterygii,urn:lsid:marinespecies.org:taxname:10194,present,npmsdd-33-1554-pr1,NA,NA,NA,NA,PreservedSpecimen, , , , 
npmsdd-33-1554,1997-06/07,1997,50.0031075448847,-145,"LINESTRING (-145.00000 44.00000, -145.00000 56.00000)",667370.3213711029,Event,EPSG:4326,https://doi.org/10.1080/00028487.2012.675914,Amphipoda,urn:lsid:marinespecies.org:taxname:1135,present,npmsdd-33-1554-pr2,NA,NA,NA,NA,PreservedSpecimen, , , , 
npmsdd-33-1554,1997-06/07,1997,50.0031075448847,-145,"LINESTRING (-145.00000 44.00000, -145.00000 56.00000)",667370.3213711029,Event,EPSG:4326,https://doi.org/10.1080/00028487.2012.675914,Coleoidea,urn:lsid:marinespecies.org:taxname:11709,present,npmsdd-33-1554-pr3,NA,NA,NA,NA,PreservedSpecimen, , , , 
npmsdd-33-1554,1997-06/07,1997,50.0031075448847,-145,"LINESTRING (-145.00000 44.00000, -145.00000 56.00000)",667370.3213711029,Event,EPSG:4326,https://doi.org/10.1080/00028487.2012.675914,Crustacea,urn:lsid:marinespecies.org:taxname:1066,present,npmsdd-33-1554-pr4,NA,NA,NA,NA,PreservedSpecimen, , , , 
npmsdd-33-1554,1997-06/07,1997,50.0031075448847,-145,"LINESTRING (-145.00000 44.00000, -145.00000 56.00000)",667370.3213711029,Event,EPSG:4326,https://doi.org/10.1080/00028487.2012.675914,Miscellaneous, ,present,npmsdd-33-1554-pr5,NA,NA,NA,NA,PreservedSpecimen, , , , 
npmsdd-33-1554,1997-06/07,1997,50.0031075448847,-145,"LINESTRING (-145.00000 44.00000, -145.00000 56.00000)",667370.3213711029,Event,EPSG:4326,https://doi.org/10.1080/00028487.2012.675914,Polychaeta,urn:lsid:marinespecies.org:taxname:883,present,npmsdd-33-1554-pr6,NA,NA,NA,NA,PreservedSpecimen, , , , 
npmsdd-33-1554,1997-06/07,1997,50.0031075448847,-145,"LINESTRING (-145.00000 44.00000, -145.00000 56.00000)",667370.3213711029,Event,EPSG:4326,https://doi.org/10.1080/00028487.2012.675914,Pteropoda,urn:lsid:marinespecies.org:taxname:325345,present,npmsdd-33-1554-pr7,NA,NA,NA,NA,PreservedSpecimen, , , , 
npmsdd-33-1555,1998-06/07,1998,50.0031075448847,-145,"LINESTRING (-145.00000 44.00000, -145.00000 56.00000)",667370.3213711029,Event,EPSG:4326,https://doi.org/10.1080/00028487.2012.675914,Oncorhynchus mykiss,urn:lsid:marinespecies.org:taxname:127185,present,npmsdd-33-1555-p,unspecified,NA,49,individuals,PreservedSpecimen, , , , 
npmsdd-33-1555,1998-06/07,1998,50.0031075448847,-145,"LINESTRING (-145.00000 44.00000, -145.00000 56.00000)",667370.3213711029,Event,EPSG:4326,https://doi.org/10.1080/00028487.2012.675914,Actinopterygii,urn:lsid:marinespecies.org:taxname:10194,present,npmsdd-33-1555-pr1,NA,NA,NA,NA,PreservedSpecimen, , , , 
npmsdd-33-1555,1998-06/07,1998,50.0031075448847,-145,"LINESTRING (-145.00000 44.00000, -145.00000 56.00000)",667370.3213711029,Event,EPSG:4326,https://doi.org/10.1080/00028487.2012.675914,Amphipoda,urn:lsid:marinespecies.org:taxname:1135,present,npmsdd-33-1555-pr2,NA,NA,NA,NA,PreservedSpecimen, , , , 
npmsdd-33-1555,1998-06/07,1998,50.0031075448847,-145,"LINESTRING (-145.00000 44.00000, -145.00000 56.00000)",667370.3213711029,Event,EPSG:4326,https://doi.org/10.1080/00028487.2012.675914,Coleoidea,urn:lsid:marinespecies.org:taxname:11709,present,npmsdd-33-1555-pr3,NA,NA,NA,NA,PreservedSpecimen, , , , 
npmsdd-33-1555,1998-06/07,1998,50.0031075448847,-145,"LINESTRING (-145.00000 44.00000, -145.00000 56.00000)",667370.3213711029,Event,EPSG:4326,https://doi.org/10.1080/00028487.2012.675914,Euphausiacea,urn:lsid:marinespecies.org:taxname:1128,present,npmsdd-33-1555-pr4,NA,NA,NA,NA,PreservedSpecimen, , , , 
npmsdd-33-1555,1998-06/07,1998,50.0031075448847,-145,"LINESTRING (-145.00000 44.00000, -145.00000 56.00000)",667370.3213711029,Event,EPSG:4326,https://doi.org/10.1080/00028487.2012.675914,Miscellaneous, ,present,npmsdd-33-1555-pr5,NA,NA,NA,NA,PreservedSpecimen, , , , 
npmsdd-33-1555,1998-06/07,1998,50.0031075448847,-145,"LINESTRING (-145.00000 44.00000, -145.00000 56.00000)",667370.3213711029,Event,EPSG:4326,https://doi.org/10.1080/00028487.2012.675914,Polychaeta,urn:lsid:marinespecies.org:taxname:883,present,npmsdd-33-1555-pr6,NA,NA,NA,NA,PreservedSpecimen, , , , 
npmsdd-33-1555,1998-06/07,1998,50.0031075448847,-145,"LINESTRING (-145.00000 44.00000, -145.00000 56.00000)",667370.3213711029,Event,EPSG:4326,https://doi.org/10.1080/00028487.2012.675914,Pteropoda,urn:lsid:marinespecies.org:taxname:325345,present,npmsdd-33-1555-pr7,NA,NA,NA,NA,PreservedSpecimen, , , , 
npmsdd-33-1556,1999-06/07,1999,50.0031075448847,-145,"LINESTRING (-145.00000 44.00000, -145.00000 56.00000)",667370.3213711029,Event,EPSG:4326,https://doi.org/10.1080/00028487.2012.675914,Oncorhynchus mykiss,urn:lsid:marinespecies.org:taxname:127185,present,npmsdd-33-1556-p,unspecified,NA,92,individuals,PreservedSpecimen, , , , 
npmsdd-33-1556,1999-06/07,1999,50.0031075448847,-145,"LINESTRING (-145.00000 44.00000, -145.00000 56.00000)",667370.3213711029,Event,EPSG:4326,https://doi.org/10.1080/00028487.2012.675914,Actinopterygii,urn:lsid:marinespecies.org:taxname:10194,present,npmsdd-33-1556-pr1,NA,NA,NA,NA,PreservedSpecimen, , , , 
npmsdd-33-1556,1999-06/07,1999,50.0031075448847,-145,"LINESTRING (-145.00000 44.00000, -145.00000 56.00000)",667370.3213711029,Event,EPSG:4326,https://doi.org/10.1080/00028487.2012.675914,Amphipoda,urn:lsid:marinespecies.org:taxname:1135,present,npmsdd-33-1556-pr2,NA,NA,NA,NA,PreservedSpecimen, , , , 
npmsdd-33-1556,1999-06/07,1999,50.0031075448847,-145,"LINESTRING (-145.00000 44.00000, -145.00000 56.00000)",667370.3213711029,Event,EPSG:4326,https://doi.org/10.1080/00028487.2012.675914,Coleoidea,urn:lsid:marinespecies.org:taxname:11709,present,npmsdd-33-1556-pr3,NA,NA,NA,NA,PreservedSpecimen, , , , 
npmsdd-33-1556,1999-06/07,1999,50.0031075448847,-145,"LINESTRING (-145.00000 44.00000, -145.00000 56.00000)",667370.3213711029,Event,EPSG:4326,https://doi.org/10.1080/00028487.2012.675914,Copepoda,urn:lsid:marinespecies.org:taxname:1080,present,npmsdd-33-1556-pr4,NA,NA,NA,NA,PreservedSpecimen, , , , 
npmsdd-33-1556,1999-06/07,1999,50.0031075448847,-145,"LINESTRING (-145.00000 44.00000, -145.00000 56.00000)",667370.3213711029,Event,EPSG:4326,https://doi.org/10.1080/00028487.2012.675914,Miscellaneous, ,present,npmsdd-33-1556-pr5,NA,NA,NA,NA,PreservedSpecimen, , , , 
npmsdd-33-1556,1999-06/07,1999,50.0031075448847,-145,"LINESTRING (-145.00000 44.00000, -145.00000 56.00000)",667370.3213711029,Event,EPSG:4326,https://doi.org/10.1080/00028487.2012.675914,Polychaeta,urn:lsid:marinespecies.org:taxname:883,present,npmsdd-33-1556-pr6,NA,NA,NA,NA,PreservedSpecimen, , , , 
npmsdd-33-1556,1999-06/07,1999,50.0031075448847,-145,"LINESTRING (-145.00000 44.00000, -145.00000 56.00000)",667370.3213711029,Event,EPSG:4326,https://doi.org/10.1080/00028487.2012.675914,Pteropoda,urn:lsid:marinespecies.org:taxname:325345,present,npmsdd-33-1556-pr7,NA,NA,NA,NA,PreservedSpecimen, , , , 
npmsdd-33-1557,2000-06/07,2000,50.0031075448847,-145,"LINESTRING (-145.00000 44.00000, -145.00000 56.00000)",667370.3213711029,Event,EPSG:4326,https://doi.org/10.1080/00028487.2012.675914,Oncorhynchus mykiss,urn:lsid:marinespecies.org:taxname:127185,present,npmsdd-33-1557-p,unspecified,NA,60,individuals,PreservedSpecimen, , , , 
npmsdd-33-1557,2000-06/07,2000,50.0031075448847,-145,"LINESTRING (-145.00000 44.00000, -145.00000 56.00000)",667370.3213711029,Event,EPSG:4326,https://doi.org/10.1080/00028487.2012.675914,Actinopterygii,urn:lsid:marinespecies.org:taxname:10194,present,npmsdd-33-1557-pr1,NA,NA,NA,NA,PreservedSpecimen, , , , 
npmsdd-33-1557,2000-06/07,2000,50.0031075448847,-145,"LINESTRING (-145.00000 44.00000, -145.00000 56.00000)",667370.3213711029,Event,EPSG:4326,https://doi.org/10.1080/00028487.2012.675914,Amphipoda,urn:lsid:marinespecies.org:taxname:1135,present,npmsdd-33-1557-pr2,NA,NA,NA,NA,PreservedSpecimen, , , , 
npmsdd-33-1557,2000-06/07,2000,50.0031075448847,-145,"LINESTRING (-145.00000 44.00000, -145.00000 56.00000)",667370.3213711029,Event,EPSG:4326,https://doi.org/10.1080/00028487.2012.675914,Coleoidea,urn:lsid:marinespecies.org:taxname:11709,present,npmsdd-33-1557-pr3,NA,NA,NA,NA,PreservedSpecimen, , , , 
npmsdd-33-1557,2000-06/07,2000,50.0031075448847,-145,"LINESTRING (-145.00000 44.00000, -145.00000 56.00000)",667370.3213711029,Event,EPSG:4326,https://doi.org/10.1080/00028487.2012.675914,Copepoda,urn:lsid:marinespecies.org:taxname:1080,present,npmsdd-33-1557-pr4,NA,NA,NA,NA,PreservedSpecimen, , , , 
npmsdd-33-1557,2000-06/07,2000,50.0031075448847,-145,"LINESTRING (-145.00000 44.00000, -145.00000 56.00000)",667370.3213711029,Event,EPSG:4326,https://doi.org/10.1080/00028487.2012.675914,Euphausiacea,urn:lsid:marinespecies.org:taxname:1128,present,npmsdd-33-1557-pr5,NA,NA,NA,NA,PreservedSpecimen, , , , 
npmsdd-33-1557,2000-06/07,2000,50.0031075448847,-145,"LINESTRING (-145.00000 44.00000, -145.00000 56.00000)",667370.3213711029,Event,EPSG:4326,https://doi.org/10.1080/00028487.2012.675914,Polychaeta,urn:lsid:marinespecies.org:taxname:883,present,npmsdd-33-1557-pr6,NA,NA,NA,NA,PreservedSpecimen, , , , 
npmsdd-33-1557,2000-06/07,2000,50.0031075448847,-145,"LINESTRING (-145.00000 44.00000, -145.00000 56.00000)",667370.3213711029,Event,EPSG:4326,https://doi.org/10.1080/00028487.2012.675914,Pteropoda,urn:lsid:marinespecies.org:taxname:325345,present,npmsdd-33-1557-pr7,NA,NA,NA,NA,PreservedSpecimen, , , , 
npmsdd-33-1558,2001-06/07,2001,50.0031075448847,-145,"LINESTRING (-145.00000 44.00000, -145.00000 56.00000)",667370.3213711029,Event,EPSG:4326,https://doi.org/10.1080/00028487.2012.675914,Oncorhynchus mykiss,urn:lsid:marinespecies.org:taxname:127185,present,npmsdd-33-1558-p,unspecified,NA,75,individuals,PreservedSpecimen, , , , 
npmsdd-33-1558,2001-06/07,2001,50.0031075448847,-145,"LINESTRING (-145.00000 44.00000, -145.00000 56.00000)",667370.3213711029,Event,EPSG:4326,https://doi.org/10.1080/00028487.2012.675914,Actinopterygii,urn:lsid:marinespecies.org:taxname:10194,present,npmsdd-33-1558-pr1,NA,NA,NA,NA,PreservedSpecimen, , , , 
npmsdd-33-1558,2001-06/07,2001,50.0031075448847,-145,"LINESTRING (-145.00000 44.00000, -145.00000 56.00000)",667370.3213711029,Event,EPSG:4326,https://doi.org/10.1080/00028487.2012.675914,Amphipoda,urn:lsid:marinespecies.org:taxname:1135,present,npmsdd-33-1558-pr2,NA,NA,NA,NA,PreservedSpecimen, , , , 
npmsdd-33-1558,2001-06/07,2001,50.0031075448847,-145,"LINESTRING (-145.00000 44.00000, -145.00000 56.00000)",667370.3213711029,Event,EPSG:4326,https://doi.org/10.1080/00028487.2012.675914,Coleoidea,urn:lsid:marinespecies.org:taxname:11709,present,npmsdd-33-1558-pr3,NA,NA,NA,NA,PreservedSpecimen, , , , 
npmsdd-33-1558,2001-06/07,2001,50.0031075448847,-145,"LINESTRING (-145.00000 44.00000, -145.00000 56.00000)",667370.3213711029,Event,EPSG:4326,https://doi.org/10.1080/00028487.2012.675914,Copepoda,urn:lsid:marinespecies.org:taxname:1080,present,npmsdd-33-1558-pr4,NA,NA,NA,NA,PreservedSpecimen, , , , 
npmsdd-33-1558,2001-06/07,2001,50.0031075448847,-145,"LINESTRING (-145.00000 44.00000, -145.00000 56.00000)",667370.3213711029,Event,EPSG:4326,https://doi.org/10.1080/00028487.2012.675914,Crustacea,urn:lsid:marinespecies.org:taxname:1066,present,npmsdd-33-1558-pr5,NA,NA,NA,NA,PreservedSpecimen, , , , 
npmsdd-33-1558,2001-06/07,2001,50.0031075448847,-145,"LINESTRING (-145.00000 44.00000, -145.00000 56.00000)",667370.3213711029,Event,EPSG:4326,https://doi.org/10.1080/00028487.2012.675914,Miscellaneous, ,present,npmsdd-33-1558-pr6,NA,NA,NA,NA,PreservedSpecimen, , , , 
npmsdd-33-1558,2001-06/07,2001,50.0031075448847,-145,"LINESTRING (-145.00000 44.00000, -145.00000 56.00000)",667370.3213711029,Event,EPSG:4326,https://doi.org/10.1080/00028487.2012.675914,Polychaeta,urn:lsid:marinespecies.org:taxname:883,present,npmsdd-33-1558-pr7,NA,NA,NA,NA,PreservedSpecimen, , , , 
npmsdd-33-1558,2001-06/07,2001,50.0031075448847,-145,"LINESTRING (-145.00000 44.00000, -145.00000 56.00000)",667370.3213711029,Event,EPSG:4326,https://doi.org/10.1080/00028487.2012.675914,Pteropoda,urn:lsid:marinespecies.org:taxname:325345,present,npmsdd-33-1558-pr8,NA,NA,NA,NA,PreservedSpecimen, , , , 
npmsdd-33-1559,2002-06/07,2002,50.0031075448847,-145,"LINESTRING (-145.00000 44.00000, -145.00000 56.00000)",667370.3213711029,Event,EPSG:4326,https://doi.org/10.1080/00028487.2012.675914,Oncorhynchus mykiss,urn:lsid:marinespecies.org:taxname:127185,present,npmsdd-33-1559-p,unspecified,NA,21,individuals,PreservedSpecimen, , , , 
npmsdd-33-1559,2002-06/07,2002,50.0031075448847,-145,"LINESTRING (-145.00000 44.00000, -145.00000 56.00000)",667370.3213711029,Event,EPSG:4326,https://doi.org/10.1080/00028487.2012.675914,Actinopterygii,urn:lsid:marinespecies.org:taxname:10194,present,npmsdd-33-1559-pr1,NA,NA,NA,NA,PreservedSpecimen, , , , 
npmsdd-33-1559,2002-06/07,2002,50.0031075448847,-145,"LINESTRING (-145.00000 44.00000, -145.00000 56.00000)",667370.3213711029,Event,EPSG:4326,https://doi.org/10.1080/00028487.2012.675914,Amphipoda,urn:lsid:marinespecies.org:taxname:1135,present,npmsdd-33-1559-pr2,NA,NA,NA,NA,PreservedSpecimen, , , , 
npmsdd-33-1559,2002-06/07,2002,50.0031075448847,-145,"LINESTRING (-145.00000 44.00000, -145.00000 56.00000)",667370.3213711029,Event,EPSG:4326,https://doi.org/10.1080/00028487.2012.675914,Coleoidea,urn:lsid:marinespecies.org:taxname:11709,present,npmsdd-33-1559-pr3,NA,NA,NA,NA,PreservedSpecimen, , , , 
npmsdd-33-1559,2002-06/07,2002,50.0031075448847,-145,"LINESTRING (-145.00000 44.00000, -145.00000 56.00000)",667370.3213711029,Event,EPSG:4326,https://doi.org/10.1080/00028487.2012.675914,Crustacea,urn:lsid:marinespecies.org:taxname:1066,present,npmsdd-33-1559-pr4,NA,NA,NA,NA,PreservedSpecimen, , , , 
npmsdd-33-1559,2002-06/07,2002,50.0031075448847,-145,"LINESTRING (-145.00000 44.00000, -145.00000 56.00000)",667370.3213711029,Event,EPSG:4326,https://doi.org/10.1080/00028487.2012.675914,Euphausiacea,urn:lsid:marinespecies.org:taxname:1128,present,npmsdd-33-1559-pr5,NA,NA,NA,NA,PreservedSpecimen, , , , 
npmsdd-33-1559,2002-06/07,2002,50.0031075448847,-145,"LINESTRING (-145.00000 44.00000, -145.00000 56.00000)",667370.3213711029,Event,EPSG:4326,https://doi.org/10.1080/00028487.2012.675914,Polychaeta,urn:lsid:marinespecies.org:taxname:883,present,npmsdd-33-1559-pr6,NA,NA,NA,NA,PreservedSpecimen, , , , 
npmsdd-33-1559,2002-06/07,2002,50.0031075448847,-145,"LINESTRING (-145.00000 44.00000, -145.00000 56.00000)",667370.3213711029,Event,EPSG:4326,https://doi.org/10.1080/00028487.2012.675914,Pteropoda,urn:lsid:marinespecies.org:taxname:325345,present,npmsdd-33-1559-pr7,NA,NA,NA,NA,PreservedSpecimen, , , , 
npmsdd-33-1566,1997-06/07,1997,48.00865857151073,-180,"LINESTRING (-180.00000 38.00000, -180.00000 58.00000)",1111892.3264239517,Event,EPSG:4326,https://doi.org/10.1080/00028487.2012.675914,Oncorhynchus mykiss,urn:lsid:marinespecies.org:taxname:127185,present,npmsdd-33-1566-p,unspecified,NA,54,individuals,PreservedSpecimen, , , , 
npmsdd-33-1566,1997-06/07,1997,48.00865857151073,-180,"LINESTRING (-180.00000 38.00000, -180.00000 58.00000)",1111892.3264239517,Event,EPSG:4326,https://doi.org/10.1080/00028487.2012.675914,Actinopterygii,urn:lsid:marinespecies.org:taxname:10194,present,npmsdd-33-1566-pr1,NA,NA,NA,NA,PreservedSpecimen, , , , 
npmsdd-33-1566,1997-06/07,1997,48.00865857151073,-180,"LINESTRING (-180.00000 38.00000, -180.00000 58.00000)",1111892.3264239517,Event,EPSG:4326,https://doi.org/10.1080/00028487.2012.675914,Amphipoda,urn:lsid:marinespecies.org:taxname:1135,present,npmsdd-33-1566-pr2,NA,NA,NA,NA,PreservedSpecimen, , , , 
npmsdd-33-1566,1997-06/07,1997,48.00865857151073,-180,"LINESTRING (-180.00000 38.00000, -180.00000 58.00000)",1111892.3264239517,Event,EPSG:4326,https://doi.org/10.1080/00028487.2012.675914,Coleoidea,urn:lsid:marinespecies.org:taxname:11709,present,npmsdd-33-1566-pr3,NA,NA,NA,NA,PreservedSpecimen, , , , 
npmsdd-33-1566,1997-06/07,1997,48.00865857151073,-180,"LINESTRING (-180.00000 38.00000, -180.00000 58.00000)",1111892.3264239517,Event,EPSG:4326,https://doi.org/10.1080/00028487.2012.675914,Copepoda,urn:lsid:marinespecies.org:taxname:1080,present,npmsdd-33-1566-pr4,NA,NA,NA,NA,PreservedSpecimen, , , , 
npmsdd-33-1566,1997-06/07,1997,48.00865857151073,-180,"LINESTRING (-180.00000 38.00000, -180.00000 58.00000)",1111892.3264239517,Event,EPSG:4326,https://doi.org/10.1080/00028487.2012.675914,Crustacea,urn:lsid:marinespecies.org:taxname:1066,present,npmsdd-33-1566-pr5,NA,NA,NA,NA,PreservedSpecimen, , , , 
npmsdd-33-1566,1997-06/07,1997,48.00865857151073,-180,"LINESTRING (-180.00000 38.00000, -180.00000 58.00000)",1111892.3264239517,Event,EPSG:4326,https://doi.org/10.1080/00028487.2012.675914,Euphausiacea,urn:lsid:marinespecies.org:taxname:1128,present,npmsdd-33-1566-pr6,NA,NA,NA,NA,PreservedSpecimen, , , , 
npmsdd-33-1566,1997-06/07,1997,48.00865857151073,-180,"LINESTRING (-180.00000 38.00000, -180.00000 58.00000)",1111892.3264239517,Event,EPSG:4326,https://doi.org/10.1080/00028487.2012.675914,Polychaeta,urn:lsid:marinespecies.org:taxname:883,present,npmsdd-33-1566-pr7,NA,NA,NA,NA,PreservedSpecimen, , , , 
npmsdd-33-1566,1997-06/07,1997,48.00865857151073,-180,"LINESTRING (-180.00000 38.00000, -180.00000 58.00000)",1111892.3264239517,Event,EPSG:4326,https://doi.org/10.1080/00028487.2012.675914,Pteropoda,urn:lsid:marinespecies.org:taxname:325345,present,npmsdd-33-1566-pr8,NA,NA,NA,NA,PreservedSpecimen, , , , 
npmsdd-33-1567,1998-06/07,1998,48.00865857151073,-180,"LINESTRING (-180.00000 38.00000, -180.00000 58.00000)",1111892.3264239517,Event,EPSG:4326,https://doi.org/10.1080/00028487.2012.675914,Oncorhynchus mykiss,urn:lsid:marinespecies.org:taxname:127185,present,npmsdd-33-1567-p,unspecified,NA,21,individuals,PreservedSpecimen, , , , 
npmsdd-33-1567,1998-06/07,1998,48.00865857151073,-180,"LINESTRING (-180.00000 38.00000, -180.00000 58.00000)",1111892.3264239517,Event,EPSG:4326,https://doi.org/10.1080/00028487.2012.675914,Actinopterygii,urn:lsid:marinespecies.org:taxname:10194,present,npmsdd-33-1567-pr1,NA,NA,NA,NA,PreservedSpecimen, , , , 
npmsdd-33-1567,1998-06/07,1998,48.00865857151073,-180,"LINESTRING (-180.00000 38.00000, -180.00000 58.00000)",1111892.3264239517,Event,EPSG:4326,https://doi.org/10.1080/00028487.2012.675914,Amphipoda,urn:lsid:marinespecies.org:taxname:1135,present,npmsdd-33-1567-pr2,NA,NA,NA,NA,PreservedSpecimen, , , , 
npmsdd-33-1567,1998-06/07,1998,48.00865857151073,-180,"LINESTRING (-180.00000 38.00000, -180.00000 58.00000)",1111892.3264239517,Event,EPSG:4326,https://doi.org/10.1080/00028487.2012.675914,Coleoidea,urn:lsid:marinespecies.org:taxname:11709,present,npmsdd-33-1567-pr3,NA,NA,NA,NA,PreservedSpecimen, , , , 
npmsdd-33-1567,1998-06/07,1998,48.00865857151073,-180,"LINESTRING (-180.00000 38.00000, -180.00000 58.00000)",1111892.3264239517,Event,EPSG:4326,https://doi.org/10.1080/00028487.2012.675914,Pteropoda,urn:lsid:marinespecies.org:taxname:325345,present,npmsdd-33-1567-pr4,NA,NA,NA,NA,PreservedSpecimen, , , , 
npmsdd-33-1568,1999-06/07,1999,48.00865857151073,-180,"LINESTRING (-180.00000 38.00000, -180.00000 58.00000)",1111892.3264239517,Event,EPSG:4326,https://doi.org/10.1080/00028487.2012.675914,Oncorhynchus mykiss,urn:lsid:marinespecies.org:taxname:127185,present,npmsdd-33-1568-p,unspecified,NA,9,individuals,PreservedSpecimen, , , , 
npmsdd-33-1568,1999-06/07,1999,48.00865857151073,-180,"LINESTRING (-180.00000 38.00000, -180.00000 58.00000)",1111892.3264239517,Event,EPSG:4326,https://doi.org/10.1080/00028487.2012.675914,Actinopterygii,urn:lsid:marinespecies.org:taxname:10194,present,npmsdd-33-1568-pr1,NA,NA,NA,NA,PreservedSpecimen, , , , 
npmsdd-33-1568,1999-06/07,1999,48.00865857151073,-180,"LINESTRING (-180.00000 38.00000, -180.00000 58.00000)",1111892.3264239517,Event,EPSG:4326,https://doi.org/10.1080/00028487.2012.675914,Amphipoda,urn:lsid:marinespecies.org:taxname:1135,present,npmsdd-33-1568-pr2,NA,NA,NA,NA,PreservedSpecimen, , , , 
npmsdd-33-1568,1999-06/07,1999,48.00865857151073,-180,"LINESTRING (-180.00000 38.00000, -180.00000 58.00000)",1111892.3264239517,Event,EPSG:4326,https://doi.org/10.1080/00028487.2012.675914,Coleoidea,urn:lsid:marinespecies.org:taxname:11709,present,npmsdd-33-1568-pr3,NA,NA,NA,NA,PreservedSpecimen, , , , 
npmsdd-33-1568,1999-06/07,1999,48.00865857151073,-180,"LINESTRING (-180.00000 38.00000, -180.00000 58.00000)",1111892.3264239517,Event,EPSG:4326,https://doi.org/10.1080/00028487.2012.675914,Copepoda,urn:lsid:marinespecies.org:taxname:1080,present,npmsdd-33-1568-pr4,NA,NA,NA,NA,PreservedSpecimen, , , , 
npmsdd-33-1568,1999-06/07,1999,48.00865857151073,-180,"LINESTRING (-180.00000 38.00000, -180.00000 58.00000)",1111892.3264239517,Event,EPSG:4326,https://doi.org/10.1080/00028487.2012.675914,Pteropoda,urn:lsid:marinespecies.org:taxname:325345,present,npmsdd-33-1568-pr5,NA,NA,NA,NA,PreservedSpecimen, , , , 
npmsdd-33-1569,2000-06/07,2000,48.00865857151073,-180,"LINESTRING (-180.00000 38.00000, -180.00000 58.00000)",1111892.3264239517,Event,EPSG:4326,https://doi.org/10.1080/00028487.2012.675914,Oncorhynchus mykiss,urn:lsid:marinespecies.org:taxname:127185,present,npmsdd-33-1569-p,unspecified,NA,28,individuals,PreservedSpecimen, , , , 
npmsdd-33-1569,2000-06/07,2000,48.00865857151073,-180,"LINESTRING (-180.00000 38.00000, -180.00000 58.00000)",1111892.3264239517,Event,EPSG:4326,https://doi.org/10.1080/00028487.2012.675914,Actinopterygii,urn:lsid:marinespecies.org:taxname:10194,present,npmsdd-33-1569-pr1,NA,NA,NA,NA,PreservedSpecimen, , , , 
npmsdd-33-1569,2000-06/07,2000,48.00865857151073,-180,"LINESTRING (-180.00000 38.00000, -180.00000 58.00000)",1111892.3264239517,Event,EPSG:4326,https://doi.org/10.1080/00028487.2012.675914,Coleoidea,urn:lsid:marinespecies.org:taxname:11709,present,npmsdd-33-1569-pr2,NA,NA,NA,NA,PreservedSpecimen, , , , 
npmsdd-33-1569,2000-06/07,2000,48.00865857151073,-180,"LINESTRING (-180.00000 38.00000, -180.00000 58.00000)",1111892.3264239517,Event,EPSG:4326,https://doi.org/10.1080/00028487.2012.675914,Crustacea,urn:lsid:marinespecies.org:taxname:1066,present,npmsdd-33-1569-pr3,NA,NA,NA,NA,PreservedSpecimen, , , , 
npmsdd-33-1569,2000-06/07,2000,48.00865857151073,-180,"LINESTRING (-180.00000 38.00000, -180.00000 58.00000)",1111892.3264239517,Event,EPSG:4326,https://doi.org/10.1080/00028487.2012.675914,Polychaeta,urn:lsid:marinespecies.org:taxname:883,present,npmsdd-33-1569-pr4,NA,NA,NA,NA,PreservedSpecimen, , , , 
npmsdd-33-1570,2001-06/07,2001,48.00865857151073,-180,"LINESTRING (-180.00000 38.00000, -180.00000 58.00000)",1111892.3264239517,Event,EPSG:4326,https://doi.org/10.1080/00028487.2012.675914,Oncorhynchus mykiss,urn:lsid:marinespecies.org:taxname:127185,present,npmsdd-33-1570-p,unspecified,NA,25,individuals,PreservedSpecimen, , , , 
npmsdd-33-1570,2001-06/07,2001,48.00865857151073,-180,"LINESTRING (-180.00000 38.00000, -180.00000 58.00000)",1111892.3264239517,Event,EPSG:4326,https://doi.org/10.1080/00028487.2012.675914,Actinopterygii,urn:lsid:marinespecies.org:taxname:10194,present,npmsdd-33-1570-pr1,NA,NA,NA,NA,PreservedSpecimen, , , , 
npmsdd-33-1570,2001-06/07,2001,48.00865857151073,-180,"LINESTRING (-180.00000 38.00000, -180.00000 58.00000)",1111892.3264239517,Event,EPSG:4326,https://doi.org/10.1080/00028487.2012.675914,Amphipoda,urn:lsid:marinespecies.org:taxname:1135,present,npmsdd-33-1570-pr2,NA,NA,NA,NA,PreservedSpecimen, , , , 
npmsdd-33-1570,2001-06/07,2001,48.00865857151073,-180,"LINESTRING (-180.00000 38.00000, -180.00000 58.00000)",1111892.3264239517,Event,EPSG:4326,https://doi.org/10.1080/00028487.2012.675914,Coleoidea,urn:lsid:marinespecies.org:taxname:11709,present,npmsdd-33-1570-pr3,NA,NA,NA,NA,PreservedSpecimen, , , , 
npmsdd-33-1570,2001-06/07,2001,48.00865857151073,-180,"LINESTRING (-180.00000 38.00000, -180.00000 58.00000)",1111892.3264239517,Event,EPSG:4326,https://doi.org/10.1080/00028487.2012.675914,Miscellaneous, ,present,npmsdd-33-1570-pr4,NA,NA,NA,NA,PreservedSpecimen, , , , 
npmsdd-33-1570,2001-06/07,2001,48.00865857151073,-180,"LINESTRING (-180.00000 38.00000, -180.00000 58.00000)",1111892.3264239517,Event,EPSG:4326,https://doi.org/10.1080/00028487.2012.675914,Polychaeta,urn:lsid:marinespecies.org:taxname:883,present,npmsdd-33-1570-pr5,NA,NA,NA,NA,PreservedSpecimen, , , , 
npmsdd-33-1571,2002-06/07,2002,48.00865857151073,-180,"LINESTRING (-180.00000 38.00000, -180.00000 58.00000)",1111892.3264239517,Event,EPSG:4326,https://doi.org/10.1080/00028487.2012.675914,Oncorhynchus mykiss,urn:lsid:marinespecies.org:taxname:127185,present,npmsdd-33-1571-p,unspecified,NA,23,individuals,PreservedSpecimen, , , , 
npmsdd-33-1571,2002-06/07,2002,48.00865857151073,-180,"LINESTRING (-180.00000 38.00000, -180.00000 58.00000)",1111892.3264239517,Event,EPSG:4326,https://doi.org/10.1080/00028487.2012.675914,Actinopterygii,urn:lsid:marinespecies.org:taxname:10194,present,npmsdd-33-1571-pr1,NA,NA,NA,NA,PreservedSpecimen, , , , 
npmsdd-33-1571,2002-06/07,2002,48.00865857151073,-180,"LINESTRING (-180.00000 38.00000, -180.00000 58.00000)",1111892.3264239517,Event,EPSG:4326,https://doi.org/10.1080/00028487.2012.675914,Coleoidea,urn:lsid:marinespecies.org:taxname:11709,present,npmsdd-33-1571-pr2,NA,NA,NA,NA,PreservedSpecimen, , , , 
npmsdd-33-1571,2002-06/07,2002,48.00865857151073,-180,"LINESTRING (-180.00000 38.00000, -180.00000 58.00000)",1111892.3264239517,Event,EPSG:4326,https://doi.org/10.1080/00028487.2012.675914,Miscellaneous, ,present,npmsdd-33-1571-pr3,NA,NA,NA,NA,PreservedSpecimen, , , , 
npmsdd-33-1571,2002-06/07,2002,48.00865857151073,-180,"LINESTRING (-180.00000 38.00000, -180.00000 58.00000)",1111892.3264239517,Event,EPSG:4326,https://doi.org/10.1080/00028487.2012.675914,Polychaeta,urn:lsid:marinespecies.org:taxname:883,present,npmsdd-33-1571-pr4,NA,NA,NA,NA,PreservedSpecimen, , , , 
npmsdd-33-1572,2003-06/07,2003,48.00865857151073,-180,"LINESTRING (-180.00000 38.00000, -180.00000 58.00000)",1111892.3264239517,Event,EPSG:4326,https://doi.org/10.1080/00028487.2012.675914,Oncorhynchus mykiss,urn:lsid:marinespecies.org:taxname:127185,present,npmsdd-33-1572-p,unspecified,NA,12,individuals,PreservedSpecimen, , , , 
npmsdd-33-1572,2003-06/07,2003,48.00865857151073,-180,"LINESTRING (-180.00000 38.00000, -180.00000 58.00000)",1111892.3264239517,Event,EPSG:4326,https://doi.org/10.1080/00028487.2012.675914,Actinopterygii,urn:lsid:marinespecies.org:taxname:10194,present,npmsdd-33-1572-pr1,NA,NA,NA,NA,PreservedSpecimen, , , , 
npmsdd-33-1572,2003-06/07,2003,48.00865857151073,-180,"LINESTRING (-180.00000 38.00000, -180.00000 58.00000)",1111892.3264239517,Event,EPSG:4326,https://doi.org/10.1080/00028487.2012.675914,Coleoidea,urn:lsid:marinespecies.org:taxname:11709,present,npmsdd-33-1572-pr2,NA,NA,NA,NA,PreservedSpecimen, , , , 
npmsdd-33-1573,2004-06/07,2004,48.00865857151073,-180,"LINESTRING (-180.00000 38.00000, -180.00000 58.00000)",1111892.3264239517,Event,EPSG:4326,https://doi.org/10.1080/00028487.2012.675914,Oncorhynchus mykiss,urn:lsid:marinespecies.org:taxname:127185,present,npmsdd-33-1573-p,unspecified,NA,26,individuals,PreservedSpecimen, , , , 
npmsdd-33-1573,2004-06/07,2004,48.00865857151073,-180,"LINESTRING (-180.00000 38.00000, -180.00000 58.00000)",1111892.3264239517,Event,EPSG:4326,https://doi.org/10.1080/00028487.2012.675914,Actinopterygii,urn:lsid:marinespecies.org:taxname:10194,present,npmsdd-33-1573-pr1,NA,NA,NA,NA,PreservedSpecimen, , , , 
npmsdd-33-1573,2004-06/07,2004,48.00865857151073,-180,"LINESTRING (-180.00000 38.00000, -180.00000 58.00000)",1111892.3264239517,Event,EPSG:4326,https://doi.org/10.1080/00028487.2012.675914,Amphipoda,urn:lsid:marinespecies.org:taxname:1135,present,npmsdd-33-1573-pr2,NA,NA,NA,NA,PreservedSpecimen, , , , 
npmsdd-33-1573,2004-06/07,2004,48.00865857151073,-180,"LINESTRING (-180.00000 38.00000, -180.00000 58.00000)",1111892.3264239517,Event,EPSG:4326,https://doi.org/10.1080/00028487.2012.675914,Coleoidea,urn:lsid:marinespecies.org:taxname:11709,present,npmsdd-33-1573-pr3,NA,NA,NA,NA,PreservedSpecimen, , , , 
npmsdd-33-1573,2004-06/07,2004,48.00865857151073,-180,"LINESTRING (-180.00000 38.00000, -180.00000 58.00000)",1111892.3264239517,Event,EPSG:4326,https://doi.org/10.1080/00028487.2012.675914,Euphausiacea,urn:lsid:marinespecies.org:taxname:1128,present,npmsdd-33-1573-pr4,NA,NA,NA,NA,PreservedSpecimen, , , , 
npmsdd-33-1573,2004-06/07,2004,48.00865857151073,-180,"LINESTRING (-180.00000 38.00000, -180.00000 58.00000)",1111892.3264239517,Event,EPSG:4326,https://doi.org/10.1080/00028487.2012.675914,Polychaeta,urn:lsid:marinespecies.org:taxname:883,present,npmsdd-33-1573-pr5,NA,NA,NA,NA,PreservedSpecimen, , , , 
npmsdd-33-1574,2005-06/07,2005,48.00865857151073,-180,"LINESTRING (-180.00000 38.00000, -180.00000 58.00000)",1111892.3264239517,Event,EPSG:4326,https://doi.org/10.1080/00028487.2012.675914,Oncorhynchus mykiss,urn:lsid:marinespecies.org:taxname:127185,present,npmsdd-33-1574-p,unspecified,NA,50,individuals,PreservedSpecimen, , , , 
npmsdd-33-1574,2005-06/07,2005,48.00865857151073,-180,"LINESTRING (-180.00000 38.00000, -180.00000 58.00000)",1111892.3264239517,Event,EPSG:4326,https://doi.org/10.1080/00028487.2012.675914,Actinopterygii,urn:lsid:marinespecies.org:taxname:10194,present,npmsdd-33-1574-pr1,NA,NA,NA,NA,PreservedSpecimen, , , , 
npmsdd-33-1574,2005-06/07,2005,48.00865857151073,-180,"LINESTRING (-180.00000 38.00000, -180.00000 58.00000)",1111892.3264239517,Event,EPSG:4326,https://doi.org/10.1080/00028487.2012.675914,Amphipoda,urn:lsid:marinespecies.org:taxname:1135,present,npmsdd-33-1574-pr2,NA,NA,NA,NA,PreservedSpecimen, , , , 
npmsdd-33-1574,2005-06/07,2005,48.00865857151073,-180,"LINESTRING (-180.00000 38.00000, -180.00000 58.00000)",1111892.3264239517,Event,EPSG:4326,https://doi.org/10.1080/00028487.2012.675914,Coleoidea,urn:lsid:marinespecies.org:taxname:11709,present,npmsdd-33-1574-pr3,NA,NA,NA,NA,PreservedSpecimen, , , , 
npmsdd-33-1574,2005-06/07,2005,48.00865857151073,-180,"LINESTRING (-180.00000 38.00000, -180.00000 58.00000)",1111892.3264239517,Event,EPSG:4326,https://doi.org/10.1080/00028487.2012.675914,Euphausiacea,urn:lsid:marinespecies.org:taxname:1128,present,npmsdd-33-1574-pr4,NA,NA,NA,NA,PreservedSpecimen, , , , 
npmsdd-33-1574,2005-06/07,2005,48.00865857151073,-180,"LINESTRING (-180.00000 38.00000, -180.00000 58.00000)",1111892.3264239517,Event,EPSG:4326,https://doi.org/10.1080/00028487.2012.675914,Polychaeta,urn:lsid:marinespecies.org:taxname:883,present,npmsdd-33-1574-pr5,NA,NA,NA,NA,PreservedSpecimen, , , , 
npmsdd-33-1574,2005-06/07,2005,48.00865857151073,-180,"LINESTRING (-180.00000 38.00000, -180.00000 58.00000)",1111892.3264239517,Event,EPSG:4326,https://doi.org/10.1080/00028487.2012.675914,Pteropoda,urn:lsid:marinespecies.org:taxname:325345,present,npmsdd-33-1574-pr6,NA,NA,NA,NA,PreservedSpecimen, , , , 
npmsdd-33-1575,2006-06/07,2006,48.00865857151073,-180,"LINESTRING (-180.00000 38.00000, -180.00000 58.00000)",1111892.3264239517,Event,EPSG:4326,https://doi.org/10.1080/00028487.2012.675914,Oncorhynchus mykiss,urn:lsid:marinespecies.org:taxname:127185,present,npmsdd-33-1575-p,unspecified,NA,38,individuals,PreservedSpecimen, , , , 
npmsdd-33-1575,2006-06/07,2006,48.00865857151073,-180,"LINESTRING (-180.00000 38.00000, -180.00000 58.00000)",1111892.3264239517,Event,EPSG:4326,https://doi.org/10.1080/00028487.2012.675914,Actinopterygii,urn:lsid:marinespecies.org:taxname:10194,present,npmsdd-33-1575-pr1,NA,NA,NA,NA,PreservedSpecimen, , , , 
npmsdd-33-1575,2006-06/07,2006,48.00865857151073,-180,"LINESTRING (-180.00000 38.00000, -180.00000 58.00000)",1111892.3264239517,Event,EPSG:4326,https://doi.org/10.1080/00028487.2012.675914,Amphipoda,urn:lsid:marinespecies.org:taxname:1135,present,npmsdd-33-1575-pr2,NA,NA,NA,NA,PreservedSpecimen, , , , 
npmsdd-33-1575,2006-06/07,2006,48.00865857151073,-180,"LINESTRING (-180.00000 38.00000, -180.00000 58.00000)",1111892.3264239517,Event,EPSG:4326,https://doi.org/10.1080/00028487.2012.675914,Coleoidea,urn:lsid:marinespecies.org:taxname:11709,present,npmsdd-33-1575-pr3,NA,NA,NA,NA,PreservedSpecimen, , , , 
npmsdd-33-1575,2006-06/07,2006,48.00865857151073,-180,"LINESTRING (-180.00000 38.00000, -180.00000 58.00000)",1111892.3264239517,Event,EPSG:4326,https://doi.org/10.1080/00028487.2012.675914,Copepoda,urn:lsid:marinespecies.org:taxname:1080,present,npmsdd-33-1575-pr4,NA,NA,NA,NA,PreservedSpecimen, , , , 
npmsdd-33-1575,2006-06/07,2006,48.00865857151073,-180,"LINESTRING (-180.00000 38.00000, -180.00000 58.00000)",1111892.3264239517,Event,EPSG:4326,https://doi.org/10.1080/00028487.2012.675914,Crustacea,urn:lsid:marinespecies.org:taxname:1066,present,npmsdd-33-1575-pr5,NA,NA,NA,NA,PreservedSpecimen, , , , 
npmsdd-33-1575,2006-06/07,2006,48.00865857151073,-180,"LINESTRING (-180.00000 38.00000, -180.00000 58.00000)",1111892.3264239517,Event,EPSG:4326,https://doi.org/10.1080/00028487.2012.675914,Miscellaneous, ,present,npmsdd-33-1575-pr6,NA,NA,NA,NA,PreservedSpecimen, , , , 
npmsdd-33-1575,2006-06/07,2006,48.00865857151073,-180,"LINESTRING (-180.00000 38.00000, -180.00000 58.00000)",1111892.3264239517,Event,EPSG:4326,https://doi.org/10.1080/00028487.2012.675914,Polychaeta,urn:lsid:marinespecies.org:taxname:883,present,npmsdd-33-1575-pr7,NA,NA,NA,NA,PreservedSpecimen, , , , 
npmsdd-33-1575,2006-06/07,2006,48.00865857151073,-180,"LINESTRING (-180.00000 38.00000, -180.00000 58.00000)",1111892.3264239517,Event,EPSG:4326,https://doi.org/10.1080/00028487.2012.675914,Pteropoda,urn:lsid:marinespecies.org:taxname:325345,present,npmsdd-33-1575-pr8,NA,NA,NA,NA,PreservedSpecimen, , , , 
npmsdd-33-1576,2007-06/07,2007,48.00865857151073,-180,"LINESTRING (-180.00000 38.00000, -180.00000 58.00000)",1111892.3264239517,Event,EPSG:4326,https://doi.org/10.1080/00028487.2012.675914,Oncorhynchus mykiss,urn:lsid:marinespecies.org:taxname:127185,present,npmsdd-33-1576-p,unspecified,NA,29,individuals,PreservedSpecimen, , , , 
npmsdd-33-1576,2007-06/07,2007,48.00865857151073,-180,"LINESTRING (-180.00000 38.00000, -180.00000 58.00000)",1111892.3264239517,Event,EPSG:4326,https://doi.org/10.1080/00028487.2012.675914,Actinopterygii,urn:lsid:marinespecies.org:taxname:10194,present,npmsdd-33-1576-pr1,NA,NA,NA,NA,PreservedSpecimen, , , , 
npmsdd-33-1576,2007-06/07,2007,48.00865857151073,-180,"LINESTRING (-180.00000 38.00000, -180.00000 58.00000)",1111892.3264239517,Event,EPSG:4326,https://doi.org/10.1080/00028487.2012.675914,Amphipoda,urn:lsid:marinespecies.org:taxname:1135,present,npmsdd-33-1576-pr2,NA,NA,NA,NA,PreservedSpecimen, , , , 
npmsdd-33-1576,2007-06/07,2007,48.00865857151073,-180,"LINESTRING (-180.00000 38.00000, -180.00000 58.00000)",1111892.3264239517,Event,EPSG:4326,https://doi.org/10.1080/00028487.2012.675914,Coleoidea,urn:lsid:marinespecies.org:taxname:11709,present,npmsdd-33-1576-pr3,NA,NA,NA,NA,PreservedSpecimen, , , , 
npmsdd-33-1576,2007-06/07,2007,48.00865857151073,-180,"LINESTRING (-180.00000 38.00000, -180.00000 58.00000)",1111892.3264239517,Event,EPSG:4326,https://doi.org/10.1080/00028487.2012.675914,Copepoda,urn:lsid:marinespecies.org:taxname:1080,present,npmsdd-33-1576-pr4,NA,NA,NA,NA,PreservedSpecimen, , , , 
npmsdd-33-1577,2008-06/07,2008,48.00865857151073,-180,"LINESTRING (-180.00000 38.00000, -180.00000 58.00000)",1111892.3264239517,Event,EPSG:4326,https://doi.org/10.1080/00028487.2012.675914,Oncorhynchus mykiss,urn:lsid:marinespecies.org:taxname:127185,present,npmsdd-33-1577-p,unspecified,NA,15,individuals,PreservedSpecimen, , , , 
npmsdd-33-1577,2008-06/07,2008,48.00865857151073,-180,"LINESTRING (-180.00000 38.00000, -180.00000 58.00000)",1111892.3264239517,Event,EPSG:4326,https://doi.org/10.1080/00028487.2012.675914,Actinopterygii,urn:lsid:marinespecies.org:taxname:10194,present,npmsdd-33-1577-pr1,NA,NA,NA,NA,PreservedSpecimen, , , , 
npmsdd-33-1577,2008-06/07,2008,48.00865857151073,-180,"LINESTRING (-180.00000 38.00000, -180.00000 58.00000)",1111892.3264239517,Event,EPSG:4326,https://doi.org/10.1080/00028487.2012.675914,Amphipoda,urn:lsid:marinespecies.org:taxname:1135,present,npmsdd-33-1577-pr2,NA,NA,NA,NA,PreservedSpecimen, , , , 
npmsdd-33-1577,2008-06/07,2008,48.00865857151073,-180,"LINESTRING (-180.00000 38.00000, -180.00000 58.00000)",1111892.3264239517,Event,EPSG:4326,https://doi.org/10.1080/00028487.2012.675914,Chaetognatha,urn:lsid:marinespecies.org:taxname:2081,present,npmsdd-33-1577-pr3,NA,NA,NA,NA,PreservedSpecimen, , , , 
npmsdd-33-1577,2008-06/07,2008,48.00865857151073,-180,"LINESTRING (-180.00000 38.00000, -180.00000 58.00000)",1111892.3264239517,Event,EPSG:4326,https://doi.org/10.1080/00028487.2012.675914,Coleoidea,urn:lsid:marinespecies.org:taxname:11709,present,npmsdd-33-1577-pr4,NA,NA,NA,NA,PreservedSpecimen, , , , 
npmsdd-33-1577,2008-06/07,2008,48.00865857151073,-180,"LINESTRING (-180.00000 38.00000, -180.00000 58.00000)",1111892.3264239517,Event,EPSG:4326,https://doi.org/10.1080/00028487.2012.675914,Copepoda,urn:lsid:marinespecies.org:taxname:1080,present,npmsdd-33-1577-pr5,NA,NA,NA,NA,PreservedSpecimen, , , , 
npmsdd-33-1577,2008-06/07,2008,48.00865857151073,-180,"LINESTRING (-180.00000 38.00000, -180.00000 58.00000)",1111892.3264239517,Event,EPSG:4326,https://doi.org/10.1080/00028487.2012.675914,Crustacea,urn:lsid:marinespecies.org:taxname:1066,present,npmsdd-33-1577-pr6,NA,NA,NA,NA,PreservedSpecimen, , , , 
npmsdd-33-1577,2008-06/07,2008,48.00865857151073,-180,"LINESTRING (-180.00000 38.00000, -180.00000 58.00000)",1111892.3264239517,Event,EPSG:4326,https://doi.org/10.1080/00028487.2012.675914,Euphausiacea,urn:lsid:marinespecies.org:taxname:1128,present,npmsdd-33-1577-pr7,NA,NA,NA,NA,PreservedSpecimen, , , , 
npmsdd-33-1577,2008-06/07,2008,48.00865857151073,-180,"LINESTRING (-180.00000 38.00000, -180.00000 58.00000)",1111892.3264239517,Event,EPSG:4326,https://doi.org/10.1080/00028487.2012.675914,Polychaeta,urn:lsid:marinespecies.org:taxname:883,present,npmsdd-33-1577-pr8,NA,NA,NA,NA,PreservedSpecimen, , , , 
npmsdd-33-1577,2008-06/07,2008,48.00865857151073,-180,"LINESTRING (-180.00000 38.00000, -180.00000 58.00000)",1111892.3264239517,Event,EPSG:4326,https://doi.org/10.1080/00028487.2012.675914,Pteropoda,urn:lsid:marinespecies.org:taxname:325345,present,npmsdd-33-1577-pr9,NA,NA,NA,NA,PreservedSpecimen, , , , 
npmsdd-33-1578,2009-06/07,2009,48.00865857151073,-180,"LINESTRING (-180.00000 38.00000, -180.00000 58.00000)",1111892.3264239517,Event,EPSG:4326,https://doi.org/10.1080/00028487.2012.675914,Oncorhynchus mykiss,urn:lsid:marinespecies.org:taxname:127185,present,npmsdd-33-1578-p,unspecified,NA,15,individuals,PreservedSpecimen, , , , 
npmsdd-33-1578,2009-06/07,2009,48.00865857151073,-180,"LINESTRING (-180.00000 38.00000, -180.00000 58.00000)",1111892.3264239517,Event,EPSG:4326,https://doi.org/10.1080/00028487.2012.675914,Actinopterygii,urn:lsid:marinespecies.org:taxname:10194,present,npmsdd-33-1578-pr1,NA,NA,NA,NA,PreservedSpecimen, , , , 
npmsdd-33-1578,2009-06/07,2009,48.00865857151073,-180,"LINESTRING (-180.00000 38.00000, -180.00000 58.00000)",1111892.3264239517,Event,EPSG:4326,https://doi.org/10.1080/00028487.2012.675914,Amphipoda,urn:lsid:marinespecies.org:taxname:1135,present,npmsdd-33-1578-pr2,NA,NA,NA,NA,PreservedSpecimen, , , , 
npmsdd-33-1578,2009-06/07,2009,48.00865857151073,-180,"LINESTRING (-180.00000 38.00000, -180.00000 58.00000)",1111892.3264239517,Event,EPSG:4326,https://doi.org/10.1080/00028487.2012.675914,Coleoidea,urn:lsid:marinespecies.org:taxname:11709,present,npmsdd-33-1578-pr3,NA,NA,NA,NA,PreservedSpecimen, , , , 
npmsdd-33-1578,2009-06/07,2009,48.00865857151073,-180,"LINESTRING (-180.00000 38.00000, -180.00000 58.00000)",1111892.3264239517,Event,EPSG:4326,https://doi.org/10.1080/00028487.2012.675914,Crustacea,urn:lsid:marinespecies.org:taxname:1066,present,npmsdd-33-1578-pr4,NA,NA,NA,NA,PreservedSpecimen, , , , 
npmsdd-33-1578,2009-06/07,2009,48.00865857151073,-180,"LINESTRING (-180.00000 38.00000, -180.00000 58.00000)",1111892.3264239517,Event,EPSG:4326,https://doi.org/10.1080/00028487.2012.675914,Euphausiacea,urn:lsid:marinespecies.org:taxname:1128,present,npmsdd-33-1578-pr5,NA,NA,NA,NA,PreservedSpecimen, , , , 
npmsdd-33-1578,2009-06/07,2009,48.00865857151073,-180,"LINESTRING (-180.00000 38.00000, -180.00000 58.00000)",1111892.3264239517,Event,EPSG:4326,https://doi.org/10.1080/00028487.2012.675914,Polychaeta,urn:lsid:marinespecies.org:taxname:883,present,npmsdd-33-1578-pr6,NA,NA,NA,NA,PreservedSpecimen, , , , 
npmsdd-33-1578,2009-06/07,2009,48.00865857151073,-180,"LINESTRING (-180.00000 38.00000, -180.00000 58.00000)",1111892.3264239517,Event,EPSG:4326,https://doi.org/10.1080/00028487.2012.675914,Pteropoda,urn:lsid:marinespecies.org:taxname:325345,present,npmsdd-33-1578-pr7,NA,NA,NA,NA,PreservedSpecimen, , , , 
