eventID,occurrenceID,occurrenceStatus,scientificName,scientificNameID,scientificNameAuthorship,kingdom,phylum,class,order,family,genus,Stage,organismQuantity,organismQuantityType,occurrenceRemarks,preparations,verbatimTaxonRank,vernacularName,identificationQualifier
GoA2020_Stn:1:bongo:Net2,GoA2020_Stn:1:bongo:Net2:G1,present,Clione limacina,urn:lsid:marinespecies.org:taxname:139178,"(Phipps, 1774)",Animalia,Mollusca,Gastropoda,Pteropoda,Clionidae,Clione,"NA",1,individuals,NA,-80,NA,NA,NA
GoA2020_Stn:1:bongo:Net2,GoA2020_Stn:1:bongo:Net2:G2,present,Euphausia pacifica,urn:lsid:marinespecies.org:taxname:237851,"Hansen, 1911",Animalia,Arthropoda,Malacostraca,Euphausiacea,Euphausiidae,Euphausia,"NA",1,individuals,NA,-80,NA,NA,NA
GoA2020_Stn:1:bongo:Net2,GoA2020_Stn:1:bongo:Net2:G3,present,Tomopteris septentrionalis,urn:lsid:marinespecies.org:taxname:131568,"Steenstrup, 1849",Animalia,Annelida,Polychaeta,Phyllodocida,Tomopteridae,Tomopteris,"NA",1,individuals,NA,-80,NA,NA,NA
GoA2020_Stn:1:bongo:Net2,GoA2020_Stn:1:bongo:Net2:G4,present,Parasagitta elegans,urn:lsid:marinespecies.org:taxname:105440,"(Verrill, 1873)",Animalia,Chaetognatha,Sagittoidea,Aphragmophora,Sagittidae,Parasagitta,"NA",4,individuals,NA,-80,NA,NA,NA
GoA2020_Stn:1:bongo:Net2,GoA2020_Stn:1:bongo:Net2:G5,present,Siphonophorae,urn:lsid:marinespecies.org:taxname:1371,"Eschscholtz, 1829",Animalia,Cnidaria,Hydrozoa,Siphonophorae,NA,NA,"NA",1,individuals,NA,-80,NA,NA,NA
GoA2020_Stn:10:bongo:Net2,GoA2020_Stn:10:bongo:Net2:G34,present,Cyphocaris challengeri,urn:lsid:marinespecies.org:taxname:428630,"Stebbing, 1888",Animalia,Arthropoda,Malacostraca,Amphipoda,Cyphocarididae,Cyphocaris,NA,1,individuals,NA,-80,NA,NA,NA
GoA2020_Stn:10:bongo:Net2,GoA2020_Stn:10:bongo:Net2:G35-1,present,Pseudosagitta lyra,urn:lsid:marinespecies.org:taxname:105444,"(Krohn, 1853)",Animalia,Chaetognatha,Sagittoidea,Aphragmophora,Sagittidae,Pseudosagitta,NA,1,individuals,NA,-80,NA,NA,NA
GoA2020_Stn:10:bongo:Net2,GoA2020_Stn:10:bongo:Net2:G35-2,present,Pseudosagitta lyra,urn:lsid:marinespecies.org:taxname:105444,"(Krohn, 1853)",Animalia,Chaetognatha,Sagittoidea,Aphragmophora,Sagittidae,Pseudosagitta,NA,1,individuals,NA,-80,NA,NA,NA
GoA2020_Stn:10:bongo:Net2,GoA2020_Stn:10:bongo:Net2:G35-3,present,Pseudosagitta lyra,urn:lsid:marinespecies.org:taxname:105444,"(Krohn, 1853)",Animalia,Chaetognatha,Sagittoidea,Aphragmophora,Sagittidae,Pseudosagitta,NA,1,individuals,NA,-80,NA,NA,NA
GoA2020_Stn:10:bongo:Net2,GoA2020_Stn:10:bongo:Net2:G35-4,present,Pseudosagitta lyra,urn:lsid:marinespecies.org:taxname:105444,"(Krohn, 1853)",Animalia,Chaetognatha,Sagittoidea,Aphragmophora,Sagittidae,Pseudosagitta,NA,1,individuals,NA,-80,NA,NA,NA
GoA2020_Stn:10:bongo:Net2,GoA2020_Stn:10:bongo:Net2:G35-5,present,Pseudosagitta lyra,urn:lsid:marinespecies.org:taxname:105444,"(Krohn, 1853)",Animalia,Chaetognatha,Sagittoidea,Aphragmophora,Sagittidae,Pseudosagitta,NA,1,individuals,NA,-80,NA,NA,NA
GoA2020_Stn:10:bongo:Net2,GoA2020_Stn:10:bongo:Net2:G35-6,present,Pseudosagitta lyra,urn:lsid:marinespecies.org:taxname:105444,"(Krohn, 1853)",Animalia,Chaetognatha,Sagittoidea,Aphragmophora,Sagittidae,Pseudosagitta,NA,1,individuals,NA,-80,NA,NA,NA
GoA2020_Stn:11:bongo:Net2,GoA2020_Stn:11:bongo:Net2:G36,present,Aegina,urn:lsid:marinespecies.org:taxname:116994,"Eschscholtz, 1829",Animalia,Cnidaria,Hydrozoa,Narcomedusae,Aeginidae,Aegina,NA,1,individuals,NA,-80,NA,NA,NA
GoA2020_Stn:11:bongo:Net2,GoA2020_Stn:11:bongo:Net2:G37-1,present,Pseudosagitta lyra,urn:lsid:marinespecies.org:taxname:105444,"(Krohn, 1853)",Animalia,Chaetognatha,Sagittoidea,Aphragmophora,Sagittidae,Pseudosagitta,NA,1,individuals,NA,-80,NA,NA,NA
GoA2020_Stn:11:bongo:Net2,GoA2020_Stn:11:bongo:Net2:G37-2,present,Pseudosagitta lyra,urn:lsid:marinespecies.org:taxname:105444,"(Krohn, 1853)",Animalia,Chaetognatha,Sagittoidea,Aphragmophora,Sagittidae,Pseudosagitta,NA,1,individuals,NA,-80,NA,NA,NA
GoA2020_Stn:11:bongo:Net2,GoA2020_Stn:11:bongo:Net2:G37-3,present,Pseudosagitta lyra,urn:lsid:marinespecies.org:taxname:105444,"(Krohn, 1853)",Animalia,Chaetognatha,Sagittoidea,Aphragmophora,Sagittidae,Pseudosagitta,NA,1,individuals,NA,-80,NA,NA,NA
GoA2020_Stn:11:bongo:Net2,GoA2020_Stn:11:bongo:Net2:G37-4,present,Pseudosagitta lyra,urn:lsid:marinespecies.org:taxname:105444,"(Krohn, 1853)",Animalia,Chaetognatha,Sagittoidea,Aphragmophora,Sagittidae,Pseudosagitta,NA,1,individuals,NA,-80,NA,NA,NA
GoA2020_Stn:11:bongo:Net2,GoA2020_Stn:11:bongo:Net2:G37-5,present,Pseudosagitta lyra,urn:lsid:marinespecies.org:taxname:105444,"(Krohn, 1853)",Animalia,Chaetognatha,Sagittoidea,Aphragmophora,Sagittidae,Pseudosagitta,NA,1,individuals,NA,-80,NA,NA,NA
GoA2020_Stn:11:bongo:Net2,GoA2020_Stn:11:bongo:Net2:G37-6,present,Pseudosagitta lyra,urn:lsid:marinespecies.org:taxname:105444,"(Krohn, 1853)",Animalia,Chaetognatha,Sagittoidea,Aphragmophora,Sagittidae,Pseudosagitta,NA,1,individuals,NA,-80,NA,NA,NA
GoA2020_Stn:11:bongo:Net2,GoA2020_Stn:11:bongo:Net2:G37-7,present,Pseudosagitta lyra,urn:lsid:marinespecies.org:taxname:105444,"(Krohn, 1853)",Animalia,Chaetognatha,Sagittoidea,Aphragmophora,Sagittidae,Pseudosagitta,NA,1,individuals,NA,-80,NA,NA,NA
GoA2020_Stn:12:bongo:Net2,GoA2020_Stn:12:bongo:Net2:G42,present,Thysanoessa inermis,urn:lsid:marinespecies.org:taxname:110708,"(Krøyer, 1846)",Animalia,Arthropoda,Malacostraca,Euphausiacea,Euphausiidae,Thysanoessa,NA,1,individuals,Could be T. raschii?,-80,NA,NA,NA
GoA2020_Stn:12:bongo:Net2,GoA2020_Stn:12:bongo:Net2:G43,present,Hormiphora cucumis,urn:lsid:marinespecies.org:taxname:106382,"(Mertens, 1833)",Animalia,Ctenophora,Tentaculata,Cydippida,Pleurobrachiidae,Hormiphora,NA,1,individuals,NA,-80,NA,NA,NA
GoA2020_Stn:12:bongo:Net2,GoA2020_Stn:12:bongo:Net2:G38-1,present,Cyphocaris challengeri,urn:lsid:marinespecies.org:taxname:428630,"Stebbing, 1888",Animalia,Arthropoda,Malacostraca,Amphipoda,Cyphocarididae,Cyphocaris,NA,1,individuals,NA,-80,NA,NA,NA
GoA2020_Stn:12:bongo:Net2,GoA2020_Stn:12:bongo:Net2:G38-2,present,Cyphocaris challengeri,urn:lsid:marinespecies.org:taxname:428630,"Stebbing, 1888",Animalia,Arthropoda,Malacostraca,Amphipoda,Cyphocarididae,Cyphocaris,NA,1,individuals,NA,-80,NA,NA,NA
GoA2020_Stn:12:bongo:Net2,GoA2020_Stn:12:bongo:Net2:G39-1,present,Pseudosagitta lyra,urn:lsid:marinespecies.org:taxname:105444,"(Krohn, 1853)",Animalia,Chaetognatha,Sagittoidea,Aphragmophora,Sagittidae,Pseudosagitta,NA,1,individuals,NA,-80,NA,NA,NA
GoA2020_Stn:12:bongo:Net2,GoA2020_Stn:12:bongo:Net2:G39-2,present,Pseudosagitta lyra,urn:lsid:marinespecies.org:taxname:105444,"(Krohn, 1853)",Animalia,Chaetognatha,Sagittoidea,Aphragmophora,Sagittidae,Pseudosagitta,NA,1,individuals,NA,-80,NA,NA,NA
GoA2020_Stn:12:bongo:Net2,GoA2020_Stn:12:bongo:Net2:G39-3,present,Pseudosagitta lyra,urn:lsid:marinespecies.org:taxname:105444,"(Krohn, 1853)",Animalia,Chaetognatha,Sagittoidea,Aphragmophora,Sagittidae,Pseudosagitta,NA,1,individuals,NA,-80,NA,NA,NA
GoA2020_Stn:12:bongo:Net2,GoA2020_Stn:12:bongo:Net2:G39-4,present,Pseudosagitta lyra,urn:lsid:marinespecies.org:taxname:105444,"(Krohn, 1853)",Animalia,Chaetognatha,Sagittoidea,Aphragmophora,Sagittidae,Pseudosagitta,NA,1,individuals,NA,-80,NA,NA,NA
GoA2020_Stn:12:bongo:Net2,GoA2020_Stn:12:bongo:Net2:G39-5,present,Pseudosagitta lyra,urn:lsid:marinespecies.org:taxname:105444,"(Krohn, 1853)",Animalia,Chaetognatha,Sagittoidea,Aphragmophora,Sagittidae,Pseudosagitta,NA,1,individuals,NA,-80,NA,NA,NA
GoA2020_Stn:12:bongo:Net2,GoA2020_Stn:12:bongo:Net2:G39-6,present,Pseudosagitta lyra,urn:lsid:marinespecies.org:taxname:105444,"(Krohn, 1853)",Animalia,Chaetognatha,Sagittoidea,Aphragmophora,Sagittidae,Pseudosagitta,NA,1,individuals,NA,-80,NA,NA,NA
GoA2020_Stn:12:bongo:Net2,GoA2020_Stn:12:bongo:Net2:G39-7,present,Pseudosagitta lyra,urn:lsid:marinespecies.org:taxname:105444,"(Krohn, 1853)",Animalia,Chaetognatha,Sagittoidea,Aphragmophora,Sagittidae,Pseudosagitta,NA,1,individuals,NA,-80,NA,NA,NA
GoA2020_Stn:12:bongo:Net2,GoA2020_Stn:12:bongo:Net2:G39-8,present,Pseudosagitta lyra,urn:lsid:marinespecies.org:taxname:105444,"(Krohn, 1853)",Animalia,Chaetognatha,Sagittoidea,Aphragmophora,Sagittidae,Pseudosagitta,NA,1,individuals,NA,-80,NA,NA,NA
GoA2020_Stn:12:bongo:Net2,GoA2020_Stn:12:bongo:Net2:G40-1,present,Eusergestes similis,urn:lsid:marinespecies.org:taxname:514127,"(Hansen, 1903)",Animalia,Arthropoda,Malacostraca,Decapoda,Sergestidae,Eusergestes,NA,1,individuals,NA,-80,NA,NA,NA
GoA2020_Stn:12:bongo:Net2,GoA2020_Stn:12:bongo:Net2:G40-2,present,Eusergestes similis,urn:lsid:marinespecies.org:taxname:514127,"(Hansen, 1903)",Animalia,Arthropoda,Malacostraca,Decapoda,Sergestidae,Eusergestes,NA,1,individuals,NA,-80,NA,NA,NA
GoA2020_Stn:12:bongo:Net2,GoA2020_Stn:12:bongo:Net2:G41-1,present,Euphausia pacifica,urn:lsid:marinespecies.org:taxname:237851,"Hansen, 1911",Animalia,Arthropoda,Malacostraca,Euphausiacea,Euphausiidae,Euphausia,NA,1,individuals,NA,-80,NA,NA,NA
GoA2020_Stn:12:bongo:Net2,GoA2020_Stn:12:bongo:Net2:G41-2,present,Euphausia pacifica,urn:lsid:marinespecies.org:taxname:237851,"Hansen, 1911",Animalia,Arthropoda,Malacostraca,Euphausiacea,Euphausiidae,Euphausia,NA,1,individuals,NA,-80,NA,NA,NA
GoA2020_Stn:12:bongo:Net2,GoA2020_Stn:12:bongo:Net2:G41-3,present,Euphausia pacifica,urn:lsid:marinespecies.org:taxname:237851,"Hansen, 1911",Animalia,Arthropoda,Malacostraca,Euphausiacea,Euphausiidae,Euphausia,NA,1,individuals,NA,-80,NA,NA,NA
GoA2020_Stn:12:bongo:Net2,GoA2020_Stn:12:bongo:Net2:G41-4,present,Euphausia pacifica,urn:lsid:marinespecies.org:taxname:237851,"Hansen, 1911",Animalia,Arthropoda,Malacostraca,Euphausiacea,Euphausiidae,Euphausia,NA,1,individuals,NA,-80,NA,NA,NA
GoA2020_Stn:12:bongo:Net2,GoA2020_Stn:12:bongo:Net2:G41-5,present,Euphausia pacifica,urn:lsid:marinespecies.org:taxname:237851,"Hansen, 1911",Animalia,Arthropoda,Malacostraca,Euphausiacea,Euphausiidae,Euphausia,NA,1,individuals,NA,-80,NA,NA,NA
GoA2020_Stn:12:bongo:Net2,GoA2020_Stn:12:bongo:Net2:G41-6,present,Euphausia pacifica,urn:lsid:marinespecies.org:taxname:237851,"Hansen, 1911",Animalia,Arthropoda,Malacostraca,Euphausiacea,Euphausiidae,Euphausia,NA,1,individuals,NA,-80,NA,NA,NA
GoA2020_Stn:12:bongo:Net2,GoA2020_Stn:12:bongo:Net2:G41-7,present,Euphausia pacifica,urn:lsid:marinespecies.org:taxname:237851,"Hansen, 1911",Animalia,Arthropoda,Malacostraca,Euphausiacea,Euphausiidae,Euphausia,NA,1,individuals,NA,-80,NA,NA,NA
GoA2020_Stn:12:bongo:Net2,GoA2020_Stn:12:bongo:Net2:G41-8,present,Euphausia pacifica,urn:lsid:marinespecies.org:taxname:237851,"Hansen, 1911",Animalia,Arthropoda,Malacostraca,Euphausiacea,Euphausiidae,Euphausia,NA,1,individuals,NA,-80,NA,NA,NA
GoA2020_Stn:12:bongo:Net2,GoA2020_Stn:12:bongo:Net2:G41-9,present,Euphausia pacifica,urn:lsid:marinespecies.org:taxname:237851,"Hansen, 1911",Animalia,Arthropoda,Malacostraca,Euphausiacea,Euphausiidae,Euphausia,NA,1,individuals,NA,-80,NA,NA,NA
GoA2020_Stn:13:bongo:Net2,GoA2020_Stn:13:bongo:Net2:G46,present,Thysanoessa inermis,urn:lsid:marinespecies.org:taxname:110708,"(Krøyer, 1846)",Animalia,Arthropoda,Malacostraca,Euphausiacea,Euphausiidae,Thysanoessa,NA,1,individuals,Could be N. difficilis?,-80,NA,NA,NA
GoA2020_Stn:13:bongo:Net2,GoA2020_Stn:13:bongo:Net2:G45-1,present,Pseudosagitta lyra,urn:lsid:marinespecies.org:taxname:105444,"(Krohn, 1853)",Animalia,Chaetognatha,Sagittoidea,Aphragmophora,Sagittidae,Pseudosagitta,NA,1,individuals,NA,-80,NA,NA,NA
GoA2020_Stn:13:bongo:Net2,GoA2020_Stn:13:bongo:Net2:G45-2,present,Pseudosagitta lyra,urn:lsid:marinespecies.org:taxname:105444,"(Krohn, 1853)",Animalia,Chaetognatha,Sagittoidea,Aphragmophora,Sagittidae,Pseudosagitta,NA,1,individuals,NA,-80,NA,NA,NA
GoA2020_Stn:13:bongo:Net2,GoA2020_Stn:13:bongo:Net2:G45-3,present,Pseudosagitta lyra,urn:lsid:marinespecies.org:taxname:105444,"(Krohn, 1853)",Animalia,Chaetognatha,Sagittoidea,Aphragmophora,Sagittidae,Pseudosagitta,NA,1,individuals,NA,-80,NA,NA,NA
GoA2020_Stn:13:bongo:Net2,GoA2020_Stn:13:bongo:Net2:G45-4,present,Pseudosagitta lyra,urn:lsid:marinespecies.org:taxname:105444,"(Krohn, 1853)",Animalia,Chaetognatha,Sagittoidea,Aphragmophora,Sagittidae,Pseudosagitta,NA,1,individuals,NA,-80,NA,NA,NA
GoA2020_Stn:13:bongo:Net2,GoA2020_Stn:13:bongo:Net2:G45-5,present,Pseudosagitta lyra,urn:lsid:marinespecies.org:taxname:105444,"(Krohn, 1853)",Animalia,Chaetognatha,Sagittoidea,Aphragmophora,Sagittidae,Pseudosagitta,NA,1,individuals,NA,-80,NA,NA,NA
GoA2020_Stn:13:bongo:Net2,GoA2020_Stn:13:bongo:Net2:G45-6,present,Pseudosagitta lyra,urn:lsid:marinespecies.org:taxname:105444,"(Krohn, 1853)",Animalia,Chaetognatha,Sagittoidea,Aphragmophora,Sagittidae,Pseudosagitta,NA,1,individuals,NA,-80,NA,NA,NA
GoA2020_Stn:13:bongo:Net2,GoA2020_Stn:13:bongo:Net2:G45-7,present,Pseudosagitta lyra,urn:lsid:marinespecies.org:taxname:105444,"(Krohn, 1853)",Animalia,Chaetognatha,Sagittoidea,Aphragmophora,Sagittidae,Pseudosagitta,NA,1,individuals,NA,-80,NA,NA,NA
GoA2020_Stn:13:bongo:Net2,GoA2020_Stn:13:bongo:Net2:G45-8,present,Pseudosagitta lyra,urn:lsid:marinespecies.org:taxname:105444,"(Krohn, 1853)",Animalia,Chaetognatha,Sagittoidea,Aphragmophora,Sagittidae,Pseudosagitta,NA,1,individuals,NA,-80,NA,NA,NA
GoA2020_Stn:14:bongo:Net2,GoA2020_Stn:14:bongo:Net2:G48,present,Primno abyssalis,urn:lsid:marinespecies.org:taxname:421603,"(Bowman, 1968)",Animalia,Arthropoda,Malacostraca,Amphipoda,Phrosinidae,Primno,NA,1,individuals,NA,-80,NA,NA,NA
GoA2020_Stn:14:bongo:Net2,GoA2020_Stn:14:bongo:Net2:G49,present,Euphausia pacifica,urn:lsid:marinespecies.org:taxname:237851,"Hansen, 1911",Animalia,Arthropoda,Malacostraca,Euphausiacea,Euphausiidae,Euphausia,NA,1,individuals,NA,-80,NA,NA,NA
GoA2020_Stn:14:bongo:Net2,GoA2020_Stn:14:bongo:Net2:G50,present,Thysanoessa spinifera,urn:lsid:marinespecies.org:taxname:237874,"Holmes, 1900",Animalia,Arthropoda,Malacostraca,Euphausiacea,Euphausiidae,Thysanoessa,NA,1,individuals,NA,-80,NA,NA,NA
GoA2020_Stn:14:bongo:Net2,GoA2020_Stn:14:bongo:Net2:G47-1,present,Pseudosagitta lyra,urn:lsid:marinespecies.org:taxname:105444,"(Krohn, 1853)",Animalia,Chaetognatha,Sagittoidea,Aphragmophora,Sagittidae,Pseudosagitta,NA,1,individuals,NA,-80,NA,NA,NA
GoA2020_Stn:14:bongo:Net2,GoA2020_Stn:14:bongo:Net2:G47-2,present,Pseudosagitta lyra,urn:lsid:marinespecies.org:taxname:105444,"(Krohn, 1853)",Animalia,Chaetognatha,Sagittoidea,Aphragmophora,Sagittidae,Pseudosagitta,NA,1,individuals,NA,-80,NA,NA,NA
GoA2020_Stn:14:bongo:Net2,GoA2020_Stn:14:bongo:Net2:G47-3,present,Pseudosagitta lyra,urn:lsid:marinespecies.org:taxname:105444,"(Krohn, 1853)",Animalia,Chaetognatha,Sagittoidea,Aphragmophora,Sagittidae,Pseudosagitta,NA,1,individuals,NA,-80,NA,NA,NA
GoA2020_Stn:15:bongo:Net2,GoA2020_Stn:15:bongo:Net2:G51,present,Aequorea,urn:lsid:marinespecies.org:taxname:116998,"Péron & Lesueur, 1810",Animalia,Cnidaria,Hydrozoa,Leptothecata,Aequoreidae,Aequorea,NA,1,individuals,NA,-80,NA,NA,NA
GoA2020_Stn:15:bongo:Net2,GoA2020_Stn:15:bongo:Net2:G53,present,Eusergestes similis,urn:lsid:marinespecies.org:taxname:514127,"(Hansen, 1903)",Animalia,Arthropoda,Malacostraca,Decapoda,Sergestidae,Eusergestes,NA,1,individuals,NA,-80,NA,NA,NA
GoA2020_Stn:15:bongo:Net2,GoA2020_Stn:15:bongo:Net2:G54,present,Munida quadrispina,urn:lsid:marinespecies.org:taxname:392422,"Benedict, 1902",Animalia,Arthropoda,Malacostraca,Decapoda,Munididae,Munida,NA,1,individuals,NA,-80,NA,NA,NA
GoA2020_Stn:15:bongo:Net2,GoA2020_Stn:15:bongo:Net2:G55,present,Primno abyssalis,urn:lsid:marinespecies.org:taxname:421603,"(Bowman, 1968)",Animalia,Arthropoda,Malacostraca,Amphipoda,Phrosinidae,Primno,NA,1,individuals,NA,-80,NA,NA,NA
GoA2020_Stn:15:bongo:Net2,GoA2020_Stn:15:bongo:Net2:G56,present,Thysanoessa inermis,urn:lsid:marinespecies.org:taxname:110708,"(Krøyer, 1846)",Animalia,Arthropoda,Malacostraca,Euphausiacea,Euphausiidae,Thysanoessa,NA,1,individuals,Could be a different species,-80,NA,NA,NA
GoA2020_Stn:15:bongo:Net2,GoA2020_Stn:15:bongo:Net2:G52-1,present,Euphausia pacifica,urn:lsid:marinespecies.org:taxname:237851,"Hansen, 1911",Animalia,Arthropoda,Malacostraca,Euphausiacea,Euphausiidae,Euphausia,NA,1,individuals,NA,-80,NA,NA,NA
GoA2020_Stn:15:bongo:Net2,GoA2020_Stn:15:bongo:Net2:G52-2,present,Euphausia pacifica,urn:lsid:marinespecies.org:taxname:237851,"Hansen, 1911",Animalia,Arthropoda,Malacostraca,Euphausiacea,Euphausiidae,Euphausia,NA,1,individuals,NA,-80,NA,NA,NA
GoA2020_Stn:15:bongo:Net2,GoA2020_Stn:15:bongo:Net2:G52-3,present,Euphausia pacifica,urn:lsid:marinespecies.org:taxname:237851,"Hansen, 1911",Animalia,Arthropoda,Malacostraca,Euphausiacea,Euphausiidae,Euphausia,NA,1,individuals,NA,-80,NA,NA,NA
GoA2020_Stn:15:bongo:Net2,GoA2020_Stn:15:bongo:Net2:G52-4,present,Euphausia pacifica,urn:lsid:marinespecies.org:taxname:237851,"Hansen, 1911",Animalia,Arthropoda,Malacostraca,Euphausiacea,Euphausiidae,Euphausia,NA,1,individuals,NA,-80,NA,NA,NA
GoA2020_Stn:16:bongo:Net2,GoA2020_Stn:16:bongo:Net2:G57-1,present,Pseudosagitta lyra,urn:lsid:marinespecies.org:taxname:105444,"(Krohn, 1853)",Animalia,Chaetognatha,Sagittoidea,Aphragmophora,Sagittidae,Pseudosagitta,NA,1,individuals,NA,-80,NA,NA,NA
GoA2020_Stn:16:bongo:Net2,GoA2020_Stn:16:bongo:Net2:G57-2,present,Pseudosagitta lyra,urn:lsid:marinespecies.org:taxname:105444,"(Krohn, 1853)",Animalia,Chaetognatha,Sagittoidea,Aphragmophora,Sagittidae,Pseudosagitta,NA,1,individuals,NA,-80,NA,NA,NA
GoA2020_Stn:16:bongo:Net2,GoA2020_Stn:16:bongo:Net2:G57-3,present,Pseudosagitta lyra,urn:lsid:marinespecies.org:taxname:105444,"(Krohn, 1853)",Animalia,Chaetognatha,Sagittoidea,Aphragmophora,Sagittidae,Pseudosagitta,NA,1,individuals,NA,-80,NA,NA,NA
GoA2020_Stn:16:bongo:Net2,GoA2020_Stn:16:bongo:Net2:G57-4,present,Pseudosagitta lyra,urn:lsid:marinespecies.org:taxname:105444,"(Krohn, 1853)",Animalia,Chaetognatha,Sagittoidea,Aphragmophora,Sagittidae,Pseudosagitta,NA,1,individuals,NA,-80,NA,NA,NA
GoA2020_Stn:16:bongo:Net2,GoA2020_Stn:16:bongo:Net2:G57-5,present,Pseudosagitta lyra,urn:lsid:marinespecies.org:taxname:105444,"(Krohn, 1853)",Animalia,Chaetognatha,Sagittoidea,Aphragmophora,Sagittidae,Pseudosagitta,NA,1,individuals,NA,-80,NA,NA,NA
GoA2020_Stn:16:bongo:Net2,GoA2020_Stn:16:bongo:Net2:G57-6,present,Pseudosagitta lyra,urn:lsid:marinespecies.org:taxname:105444,"(Krohn, 1853)",Animalia,Chaetognatha,Sagittoidea,Aphragmophora,Sagittidae,Pseudosagitta,NA,1,individuals,NA,-80,NA,NA,NA
GoA2020_Stn:2:bongo:Net2,GoA2020_Stn:2:bongo:Net2:G6,present,Euphausia pacifica,urn:lsid:marinespecies.org:taxname:237851,"Hansen, 1911",Animalia,Arthropoda,Malacostraca,Euphausiacea,Euphausiidae,Euphausia,Adult,4,individuals,NA,-80,NA,NA,NA
GoA2020_Stn:2:bongo:Net2,GoA2020_Stn:2:bongo:Net2:G7,present,Eucalanus bungii,urn:lsid:marinespecies.org:taxname:196775,"Giesbrecht, 1893",Animalia,Arthropoda,Hexanauplia,Calanoida,Eucalanidae,Eucalanus,C4-C5,22,individuals,NA,-80,NA,NA,NA
GoA2020_Stn:2:bongo:Net2,GoA2020_Stn:2:bongo:Net2:G8,present,Themisto pacifica,urn:lsid:marinespecies.org:taxname:254453,"(Stebbing, 1888)",Animalia,Arthropoda,Malacostraca,Amphipoda,Hyperiidae,Themisto,NA,5,individuals,NA,-80,NA,NA,NA
GoA2020_Stn:2:bongo:Net2,GoA2020_Stn:2:bongo:Net2:G9,present,Parasagitta elegans,urn:lsid:marinespecies.org:taxname:105440,"(Verrill, 1873)",Animalia,Chaetognatha,Sagittoidea,Aphragmophora,Sagittidae,Parasagitta,NA,9,individuals,NA,-80,NA,NA,NA
GoA2020_Stn:2:bongo:Net2,GoA2020_Stn:2:bongo:Net2:G10,present,Tomopteris septentrionalis,urn:lsid:marinespecies.org:taxname:131568,"Steenstrup, 1849",Animalia,Annelida,Polychaeta,Phyllodocida,Tomopteridae,Tomopteris,NA,15,individuals,NA,-80,NA,NA,NA
GoA2020_Stn:2:bongo:Net2,GoA2020_Stn:2:bongo:Net2:G11,present,Clione limacina,urn:lsid:marinespecies.org:taxname:139178,"(Phipps, 1774)",Animalia,Mollusca,Gastropoda,Pteropoda,Clionidae,Clione,NA,3,individuals,NA,-80,NA,NA,NA
GoA2020_Stn:2:bongo:Net2,GoA2020_Stn:2:bongo:Net2:G12,present,Limacina helicina,urn:lsid:marinespecies.org:taxname:140223,"(Phipps, 1774)",Animalia,Mollusca,Gastropoda,Pteropoda,Limacinidae,Limacina,NA,40,individuals,NA,-80,NA,NA,NA
GoA2020_Stn:21:bongo:Net2,GoA2020_Stn:21:bongo:Net2:G58,present,Phronima,urn:lsid:marinespecies.org:taxname:101804,"Latreille, 1802",Animalia,Arthropoda,Malacostraca,Amphipoda,Phronimidae,Phronima,NA,1,individuals,NA,-80,NA,NA,NA
GoA2020_Stn:21:bongo:Net2,GoA2020_Stn:21:bongo:Net2:G59-1,present,Siphonophorae,urn:lsid:marinespecies.org:taxname:1371,"Eschscholtz, 1829",Animalia,Cnidaria,Hydrozoa,Siphonophorae,NA,NA,NA,1,individuals,NA,-80,NA,NA,NA
GoA2020_Stn:21:bongo:Net2,GoA2020_Stn:21:bongo:Net2:G59-2,present,Siphonophorae,urn:lsid:marinespecies.org:taxname:1371,"Eschscholtz, 1829",Animalia,Cnidaria,Hydrozoa,Siphonophorae,NA,NA,NA,1,individuals,NA,-80,NA,NA,NA
GoA2020_Stn:21:bongo:Net2,GoA2020_Stn:21:bongo:Net2:G60-1,present,Euphausia pacifica,urn:lsid:marinespecies.org:taxname:237851,"Hansen, 1911",Animalia,Arthropoda,Malacostraca,Euphausiacea,Euphausiidae,Euphausia,NA,1,individuals,NA,-80,NA,NA,NA
GoA2020_Stn:21:bongo:Net2,GoA2020_Stn:21:bongo:Net2:G60-2,present,Euphausia pacifica,urn:lsid:marinespecies.org:taxname:237851,"Hansen, 1911",Animalia,Arthropoda,Malacostraca,Euphausiacea,Euphausiidae,Euphausia,NA,1,individuals,NA,-80,NA,NA,NA
GoA2020_Stn:21:bongo:Net2,GoA2020_Stn:21:bongo:Net2:G60-3,present,Euphausia pacifica,urn:lsid:marinespecies.org:taxname:237851,"Hansen, 1911",Animalia,Arthropoda,Malacostraca,Euphausiacea,Euphausiidae,Euphausia,NA,1,individuals,NA,-80,NA,NA,NA
GoA2020_Stn:21:bongo:Net2,GoA2020_Stn:21:bongo:Net2:G61-1,present,Pseudosagitta lyra,urn:lsid:marinespecies.org:taxname:105444,"(Krohn, 1853)",Animalia,Chaetognatha,Sagittoidea,Aphragmophora,Sagittidae,Pseudosagitta,NA,1,individuals,NA,-80,NA,NA,NA
GoA2020_Stn:21:bongo:Net2,GoA2020_Stn:21:bongo:Net2:G61-2,present,Pseudosagitta lyra,urn:lsid:marinespecies.org:taxname:105444,"(Krohn, 1853)",Animalia,Chaetognatha,Sagittoidea,Aphragmophora,Sagittidae,Pseudosagitta,NA,1,individuals,NA,-80,NA,NA,NA
GoA2020_Stn:21:bongo:Net2,GoA2020_Stn:21:bongo:Net2:G61-3,present,Pseudosagitta lyra,urn:lsid:marinespecies.org:taxname:105444,"(Krohn, 1853)",Animalia,Chaetognatha,Sagittoidea,Aphragmophora,Sagittidae,Pseudosagitta,NA,1,individuals,NA,-80,NA,NA,NA
GoA2020_Stn:21:bongo:Net2,GoA2020_Stn:21:bongo:Net2:G61-4,present,Pseudosagitta lyra,urn:lsid:marinespecies.org:taxname:105444,"(Krohn, 1853)",Animalia,Chaetognatha,Sagittoidea,Aphragmophora,Sagittidae,Pseudosagitta,NA,1,individuals,NA,-80,NA,NA,NA
GoA2020_Stn:21:bongo:Net2,GoA2020_Stn:21:bongo:Net2:G61-5,present,Pseudosagitta lyra,urn:lsid:marinespecies.org:taxname:105444,"(Krohn, 1853)",Animalia,Chaetognatha,Sagittoidea,Aphragmophora,Sagittidae,Pseudosagitta,NA,1,individuals,NA,-80,NA,NA,NA
GoA2020_Stn:21:bongo:Net2,GoA2020_Stn:21:bongo:Net2:G61-6,present,Pseudosagitta lyra,urn:lsid:marinespecies.org:taxname:105444,"(Krohn, 1853)",Animalia,Chaetognatha,Sagittoidea,Aphragmophora,Sagittidae,Pseudosagitta,NA,1,individuals,NA,-80,NA,NA,NA
GoA2020_Stn:21:bongo:Net2,GoA2020_Stn:21:bongo:Net2:G61-7,present,Pseudosagitta lyra,urn:lsid:marinespecies.org:taxname:105444,"(Krohn, 1853)",Animalia,Chaetognatha,Sagittoidea,Aphragmophora,Sagittidae,Pseudosagitta,NA,1,individuals,NA,-80,NA,NA,NA
GoA2020_Stn:21:bongo:Net2,GoA2020_Stn:21:bongo:Net2:G61-8,present,Pseudosagitta lyra,urn:lsid:marinespecies.org:taxname:105444,"(Krohn, 1853)",Animalia,Chaetognatha,Sagittoidea,Aphragmophora,Sagittidae,Pseudosagitta,NA,1,individuals,NA,-80,NA,NA,NA
GoA2020_Stn:22:bongo:Net2,GoA2020_Stn:22:bongo:Net2:G62-1,present,Pseudosagitta lyra,urn:lsid:marinespecies.org:taxname:105444,"(Krohn, 1853)",Animalia,Chaetognatha,Sagittoidea,Aphragmophora,Sagittidae,Pseudosagitta,NA,1,individuals,NA,-80,NA,NA,NA
GoA2020_Stn:22:bongo:Net2,GoA2020_Stn:22:bongo:Net2:G62-2,present,Pseudosagitta lyra,urn:lsid:marinespecies.org:taxname:105444,"(Krohn, 1853)",Animalia,Chaetognatha,Sagittoidea,Aphragmophora,Sagittidae,Pseudosagitta,NA,1,individuals,NA,-80,NA,NA,NA
GoA2020_Stn:22:bongo:Net2,GoA2020_Stn:22:bongo:Net2:G62-3,present,Pseudosagitta lyra,urn:lsid:marinespecies.org:taxname:105444,"(Krohn, 1853)",Animalia,Chaetognatha,Sagittoidea,Aphragmophora,Sagittidae,Pseudosagitta,NA,1,individuals,NA,-80,NA,NA,NA
GoA2020_Stn:23:bongo:Net2,GoA2020_Stn:23:bongo:Net2:G63,present,Munida quadrispina,urn:lsid:marinespecies.org:taxname:392422,"Benedict, 1902",Animalia,Arthropoda,Malacostraca,Decapoda,Munididae,Munida,NA,1,individuals,NA,-80,NA,NA,NA
GoA2020_Stn:23:bongo:Net2,GoA2020_Stn:23:bongo:Net2:G64,present,Euphausia pacifica,urn:lsid:marinespecies.org:taxname:237851,"Hansen, 1911",Animalia,Arthropoda,Malacostraca,Euphausiacea,Euphausiidae,Euphausia,NA,1,individuals,NA,-80,NA,NA,NA
GoA2020_Stn:28:bongo:Net2,GoA2020_Stn:28:bongo:Net2:G65,present,Aequorea,urn:lsid:marinespecies.org:taxname:116998,"Péron & Lesueur, 1810",Animalia,Cnidaria,Hydrozoa,Leptothecata,Aequoreidae,Aequorea,NA,1,individuals,NA,-80,NA,NA,NA
GoA2020_Stn:28:bongo:Net2,GoA2020_Stn:28:bongo:Net2:G67,present,Euphausia pacifica,urn:lsid:marinespecies.org:taxname:237851,"Hansen, 1911",Animalia,Arthropoda,Malacostraca,Euphausiacea,Euphausiidae,Euphausia,NA,1,individuals,NA,-80,NA,NA,NA
GoA2020_Stn:28:bongo:Net2,GoA2020_Stn:28:bongo:Net2:G68,present,Thysanoessa spinifera,urn:lsid:marinespecies.org:taxname:237874,"Holmes, 1900",Animalia,Arthropoda,Malacostraca,Euphausiacea,Euphausiidae,Thysanoessa,NA,1,individuals,NA,-80,NA,NA,NA
GoA2020_Stn:28:bongo:Net2,GoA2020_Stn:28:bongo:Net2:G66-1,present,Siphonophorae,urn:lsid:marinespecies.org:taxname:1371,"Eschscholtz, 1829",Animalia,Cnidaria,Hydrozoa,Siphonophorae,NA,NA,NA,1,individuals,NA,-80,NA,NA,NA
GoA2020_Stn:28:bongo:Net2,GoA2020_Stn:28:bongo:Net2:G66-2,present,Siphonophorae,urn:lsid:marinespecies.org:taxname:1371,"Eschscholtz, 1829",Animalia,Cnidaria,Hydrozoa,Siphonophorae,NA,NA,NA,1,individuals,NA,-80,NA,NA,NA
GoA2020_Stn:28:bongo:Net2,GoA2020_Stn:28:bongo:Net2:G69-1,present,Pseudosagitta lyra,urn:lsid:marinespecies.org:taxname:105444,"(Krohn, 1853)",Animalia,Chaetognatha,Sagittoidea,Aphragmophora,Sagittidae,Pseudosagitta,NA,1,individuals,NA,-80,NA,NA,NA
GoA2020_Stn:28:bongo:Net2,GoA2020_Stn:28:bongo:Net2:G69-2,present,Pseudosagitta lyra,urn:lsid:marinespecies.org:taxname:105444,"(Krohn, 1853)",Animalia,Chaetognatha,Sagittoidea,Aphragmophora,Sagittidae,Pseudosagitta,NA,1,individuals,NA,-80,NA,NA,NA
GoA2020_Stn:28:bongo:Net2,GoA2020_Stn:28:bongo:Net2:G69-3,present,Pseudosagitta lyra,urn:lsid:marinespecies.org:taxname:105444,"(Krohn, 1853)",Animalia,Chaetognatha,Sagittoidea,Aphragmophora,Sagittidae,Pseudosagitta,NA,1,individuals,NA,-80,NA,NA,NA
GoA2020_Stn:3:bongo:Net2,GoA2020_Stn:3:bongo:Net2:G14,present,Corolla spectabilis,urn:lsid:marinespecies.org:taxname:139492,"Dall, 1871",Animalia,Mollusca,Gastropoda,Pteropoda,Cymbuliidae,Corolla,NA,1,individuals,NA,-80,NA,NA,NA
GoA2020_Stn:3:bongo:Net2,GoA2020_Stn:3:bongo:Net2:G112,present,Pseudosagitta lyra,urn:lsid:marinespecies.org:taxname:105444,"(Krohn, 1853)",Animalia,Chaetognatha,Sagittoidea,Aphragmophora,Sagittidae,Pseudosagitta,NA,1,individuals,NA,-80,NA,NA,NA
GoA2020_Stn:3:bongo:Net2,GoA2020_Stn:3:bongo:Net2:G13-1,present,Aequorea victoria,urn:lsid:marinespecies.org:taxname:283998,"(Murbach & Shearer, 1902)",Animalia,Cnidaria,Hydrozoa,Leptothecata,Aequoreidae,Aequorea,NA,1,individuals,NA,-80,NA,NA,NA
GoA2020_Stn:3:bongo:Net2,GoA2020_Stn:3:bongo:Net2:G13-1,present,Aequorea victoria,urn:lsid:marinespecies.org:taxname:283998,"(Murbach & Shearer, 1902)",Animalia,Cnidaria,Hydrozoa,Leptothecata,Aequoreidae,Aequorea,NA,1,individuals,NA,-80,NA,NA,NA
GoA2020_Stn:3:bongo:Net2,GoA2020_Stn:3:bongo:Net2:G13-2,present,Aequorea victoria,urn:lsid:marinespecies.org:taxname:283998,"(Murbach & Shearer, 1902)",Animalia,Cnidaria,Hydrozoa,Leptothecata,Aequoreidae,Aequorea,NA,1,individuals,NA,-80,NA,NA,NA
GoA2020_Stn:3:bongo:Net2,GoA2020_Stn:3:bongo:Net2:G13-2,present,Aequorea victoria,urn:lsid:marinespecies.org:taxname:283998,"(Murbach & Shearer, 1902)",Animalia,Cnidaria,Hydrozoa,Leptothecata,Aequoreidae,Aequorea,NA,1,individuals,NA,-80,NA,NA,NA
GoA2020_Stn:3:bongo:Net2,GoA2020_Stn:3:bongo:Net2:G113-1,present,Aglantha digitale,urn:lsid:marinespecies.org:taxname:117849,"(O. F. Müller, 1776)",Animalia,Cnidaria,Hydrozoa,Trachymedusae,Rhopalonematidae,Aglantha,NA,1,individuals,NA,-80,NA,NA,NA
GoA2020_Stn:3:bongo:Net2,GoA2020_Stn:3:bongo:Net2:G113-2,present,Aglantha digitale,urn:lsid:marinespecies.org:taxname:117849,"(O. F. Müller, 1776)",Animalia,Cnidaria,Hydrozoa,Trachymedusae,Rhopalonematidae,Aglantha,NA,1,individuals,NA,-80,NA,NA,NA
GoA2020_Stn:4:bongo:Net2,GoA2020_Stn:4:bongo:Net2:G15,present,Euphausia pacifica,urn:lsid:marinespecies.org:taxname:237851,"Hansen, 1911",Animalia,Arthropoda,Malacostraca,Euphausiacea,Euphausiidae,Euphausia,NA,1,individuals,NA,-80,NA,NA,NA
GoA2020_Stn:4:bongo:Net2,GoA2020_Stn:4:bongo:Net2:G16-1,present,Aequorea victoria,urn:lsid:marinespecies.org:taxname:283998,"(Murbach & Shearer, 1902)",Animalia,Cnidaria,Hydrozoa,Leptothecata,Aequoreidae,Aequorea,NA,1,individuals,NA,-80,NA,NA,NA
GoA2020_Stn:4:bongo:Net2,GoA2020_Stn:4:bongo:Net2:G16-1,present,Aequorea victoria,urn:lsid:marinespecies.org:taxname:283998,"(Murbach & Shearer, 1902)",Animalia,Cnidaria,Hydrozoa,Leptothecata,Aequoreidae,Aequorea,NA,1,individuals,NA,-80,NA,NA,NA
GoA2020_Stn:4:bongo:Net2,GoA2020_Stn:4:bongo:Net2:G16-2,present,Aequorea victoria,urn:lsid:marinespecies.org:taxname:283998,"(Murbach & Shearer, 1902)",Animalia,Cnidaria,Hydrozoa,Leptothecata,Aequoreidae,Aequorea,NA,1,individuals,NA,-80,NA,NA,NA
GoA2020_Stn:4:bongo:Net2,GoA2020_Stn:4:bongo:Net2:G16-2,present,Aequorea victoria,urn:lsid:marinespecies.org:taxname:283998,"(Murbach & Shearer, 1902)",Animalia,Cnidaria,Hydrozoa,Leptothecata,Aequoreidae,Aequorea,NA,1,individuals,NA,-80,NA,NA,NA
GoA2020_Stn:5:bongo:Net2,GoA2020_Stn:5:bongo:Net2:G17,present,Hormiphora cucumis,urn:lsid:marinespecies.org:taxname:106382,"(Mertens, 1833)",Animalia,Ctenophora,Tentaculata,Cydippida,Pleurobrachiidae,Hormiphora,NA,1,individuals,NA,-80,NA,NA,NA
GoA2020_Stn:5:bongo:Net2,GoA2020_Stn:5:bongo:Net2:G18,present,Parasagitta elegans,urn:lsid:marinespecies.org:taxname:105440,"(Verrill, 1873)",Animalia,Chaetognatha,Sagittoidea,Aphragmophora,Sagittidae,Parasagitta,NA,11,individuals,NA,-80,NA,NA,NA
GoA2020_Stn:5:bongo:Net2,GoA2020_Stn:5:bongo:Net2:G19,present,Pterotrachea,urn:lsid:marinespecies.org:taxname:138009,"Forsskål, 1775",Animalia,Mollusca,Gastropoda,Littorinimorpha,Pterotracheidae,Pterotrachea,NA,1,individuals,NA,-80,spp.,NA,NA
GoA2020_Stn:6:bongo:Net2,GoA2020_Stn:6:bongo:Net2:G22,present,Hormiphora cucumis,urn:lsid:marinespecies.org:taxname:106382,"(Mertens, 1833)",Animalia,Ctenophora,Tentaculata,Cydippida,Pleurobrachiidae,Hormiphora,NA,1,individuals,NA,-80,NA,NA,NA
GoA2020_Stn:6:bongo:Net2,GoA2020_Stn:6:bongo:Net2:G20-1,present,Parasagitta elegans,urn:lsid:marinespecies.org:taxname:105440,"(Verrill, 1873)",Animalia,Chaetognatha,Sagittoidea,Aphragmophora,Sagittidae,Parasagitta,NA,1,individuals,NA,-80,NA,NA,NA
GoA2020_Stn:6:bongo:Net2,GoA2020_Stn:6:bongo:Net2:G20-2,present,Parasagitta elegans,urn:lsid:marinespecies.org:taxname:105440,"(Verrill, 1873)",Animalia,Chaetognatha,Sagittoidea,Aphragmophora,Sagittidae,Parasagitta,NA,1,individuals,NA,-80,NA,NA,NA
GoA2020_Stn:6:bongo:Net2,GoA2020_Stn:6:bongo:Net2:G20-3,present,Parasagitta elegans,urn:lsid:marinespecies.org:taxname:105440,"(Verrill, 1873)",Animalia,Chaetognatha,Sagittoidea,Aphragmophora,Sagittidae,Parasagitta,NA,1,individuals,NA,-80,NA,NA,NA
GoA2020_Stn:6:bongo:Net2,GoA2020_Stn:6:bongo:Net2:G20-4,present,Parasagitta elegans,urn:lsid:marinespecies.org:taxname:105440,"(Verrill, 1873)",Animalia,Chaetognatha,Sagittoidea,Aphragmophora,Sagittidae,Parasagitta,NA,1,individuals,NA,-80,NA,NA,NA
GoA2020_Stn:6:bongo:Net2,GoA2020_Stn:6:bongo:Net2:G20-5,present,Parasagitta elegans,urn:lsid:marinespecies.org:taxname:105440,"(Verrill, 1873)",Animalia,Chaetognatha,Sagittoidea,Aphragmophora,Sagittidae,Parasagitta,NA,1,individuals,NA,-80,NA,NA,NA
GoA2020_Stn:6:bongo:Net2,GoA2020_Stn:6:bongo:Net2:G20-6,present,Parasagitta elegans,urn:lsid:marinespecies.org:taxname:105440,"(Verrill, 1873)",Animalia,Chaetognatha,Sagittoidea,Aphragmophora,Sagittidae,Parasagitta,NA,1,individuals,NA,-80,NA,NA,NA
GoA2020_Stn:6:bongo:Net2,GoA2020_Stn:6:bongo:Net2:G21-1,present,Pseudosagitta lyra,urn:lsid:marinespecies.org:taxname:105444,"(Krohn, 1853)",Animalia,Chaetognatha,Sagittoidea,Aphragmophora,Sagittidae,Pseudosagitta,NA,1,individuals,NA,-80,NA,NA,NA
GoA2020_Stn:6:bongo:Net2,GoA2020_Stn:6:bongo:Net2:G21-2,present,Pseudosagitta lyra,urn:lsid:marinespecies.org:taxname:105444,"(Krohn, 1853)",Animalia,Chaetognatha,Sagittoidea,Aphragmophora,Sagittidae,Pseudosagitta,NA,1,individuals,NA,-80,NA,NA,NA
GoA2020_Stn:6:bongo:Net2,GoA2020_Stn:6:bongo:Net2:G21-3,present,Pseudosagitta lyra,urn:lsid:marinespecies.org:taxname:105444,"(Krohn, 1853)",Animalia,Chaetognatha,Sagittoidea,Aphragmophora,Sagittidae,Pseudosagitta,NA,1,individuals,NA,-80,NA,NA,NA
GoA2020_Stn:6:bongo:Net2,GoA2020_Stn:6:bongo:Net2:G21-4,present,Pseudosagitta lyra,urn:lsid:marinespecies.org:taxname:105444,"(Krohn, 1853)",Animalia,Chaetognatha,Sagittoidea,Aphragmophora,Sagittidae,Pseudosagitta,NA,1,individuals,NA,-80,NA,NA,NA
GoA2020_Stn:6:bongo:Net2,GoA2020_Stn:6:bongo:Net2:G23-1,present,Doliolida,urn:lsid:marinespecies.org:taxname:137212,"Delage & Hérouard, 1898",Animalia,Chordata,Thaliacea,Doliolida,NA,NA,NA,1,individuals,Too much algae/breakage to ID,-80,spp.,NA,This species identification is a best guess by Natalie M.
GoA2020_Stn:6:bongo:Net2,GoA2020_Stn:6:bongo:Net2:G23-2,present,Doliolida,urn:lsid:marinespecies.org:taxname:137212,"Delage & Hérouard, 1898",Animalia,Chordata,Thaliacea,Doliolida,NA,NA,NA,1,individuals,Too much algae/breakage to ID,-80,spp.,NA,This species identification is a best guess by Natalie M.
GoA2020_Stn:6:bongo:Net2,GoA2020_Stn:6:bongo:Net2:G23-3,present,Doliolida,urn:lsid:marinespecies.org:taxname:137212,"Delage & Hérouard, 1898",Animalia,Chordata,Thaliacea,Doliolida,NA,NA,NA,1,individuals,Too much algae/breakage to ID,-80,spp.,NA,This species identification is a best guess by Natalie M.
GoA2020_Stn:6:bongo:Net2,GoA2020_Stn:6:bongo:Net2:G23-4,present,Doliolida,urn:lsid:marinespecies.org:taxname:137212,"Delage & Hérouard, 1898",Animalia,Chordata,Thaliacea,Doliolida,NA,NA,NA,1,individuals,Too much algae/breakage to ID,-80,spp.,NA,This species identification is a best guess by Natalie M.
GoA2020_Stn:6:bongo:Net2,GoA2020_Stn:6:bongo:Net2:G23-5,present,Doliolida,urn:lsid:marinespecies.org:taxname:137212,"Delage & Hérouard, 1898",Animalia,Chordata,Thaliacea,Doliolida,NA,NA,NA,1,individuals,Too much algae/breakage to ID,-80,spp.,NA,This species identification is a best guess by Natalie M.
GoA2020_Stn:6:bongo:Net2,GoA2020_Stn:6:bongo:Net2:G23-6,present,Doliolida,urn:lsid:marinespecies.org:taxname:137212,"Delage & Hérouard, 1898",Animalia,Chordata,Thaliacea,Doliolida,NA,NA,NA,1,individuals,Too much algae/breakage to ID,-80,spp.,NA,This species identification is a best guess by Natalie M.
GoA2020_Stn:6:bongo:Net2,GoA2020_Stn:6:bongo:Net2:G23-7,present,Doliolida,urn:lsid:marinespecies.org:taxname:137212,"Delage & Hérouard, 1898",Animalia,Chordata,Thaliacea,Doliolida,NA,NA,NA,1,individuals,Too much algae/breakage to ID,-80,spp.,NA,This species identification is a best guess by Natalie M.
GoA2020_Stn:6:bongo:Net2,GoA2020_Stn:6:bongo:Net2:G23-8,present,Doliolida,urn:lsid:marinespecies.org:taxname:137212,"Delage & Hérouard, 1898",Animalia,Chordata,Thaliacea,Doliolida,NA,NA,NA,1,individuals,Too much algae/breakage to ID,-80,spp.,NA,This species identification is a best guess by Natalie M.
GoA2020_Stn:6:bongo:Net2,GoA2020_Stn:6:bongo:Net2:G23-9,present,Doliolida,urn:lsid:marinespecies.org:taxname:137212,"Delage & Hérouard, 1898",Animalia,Chordata,Thaliacea,Doliolida,NA,NA,NA,1,individuals,Too much algae/breakage to ID,-80,spp.,NA,This species identification is a best guess by Natalie M.
GoA2020_Stn:7:bongo:Net2,GoA2020_Stn:7:bongo:Net2:G24,present,Pseudosagitta lyra,urn:lsid:marinespecies.org:taxname:105444,"(Krohn, 1853)",Animalia,Chaetognatha,Sagittoidea,Aphragmophora,Sagittidae,Pseudosagitta,NA,1,individuals,NA,-80,NA,NA,NA
GoA2020_Stn:7:bongo:Net2,GoA2020_Stn:7:bongo:Net2:G25,present,Hormiphora cucumis,urn:lsid:marinespecies.org:taxname:106382,"(Mertens, 1833)",Animalia,Ctenophora,Tentaculata,Cydippida,Pleurobrachiidae,Hormiphora,NA,1,individuals,NA,-80,NA,NA,NA
GoA2020_Stn:7:bongo:Net2,GoA2020_Stn:7:bongo:Net2:G26,present,Parasagitta elegans,urn:lsid:marinespecies.org:taxname:105440,"(Verrill, 1873)",Animalia,Chaetognatha,Sagittoidea,Aphragmophora,Sagittidae,Parasagitta,NA,1,individuals,NA,-80,NA,NA,NA
GoA2020_Stn:7:bongo:Net2,GoA2020_Stn:7:bongo:Net2:G27,present,Aglantha digitale,urn:lsid:marinespecies.org:taxname:117849,"(O. F. Müller, 1776)",Animalia,Cnidaria,Hydrozoa,Trachymedusae,Rhopalonematidae,Aglantha,NA,1,individuals,NA,-80,NA,NA,NA
GoA2020_Stn:8:bongo:Net2,GoA2020_Stn:8:bongo:Net2:G28,present,Hormiphora cucumis,urn:lsid:marinespecies.org:taxname:106382,"(Mertens, 1833)",Animalia,Ctenophora,Tentaculata,Cydippida,Pleurobrachiidae,Hormiphora,NA,1,individuals,NA,-80,NA,NA,NA
GoA2020_Stn:8:bongo:Net2,GoA2020_Stn:8:bongo:Net2:G29-1,present,Parasagitta elegans,urn:lsid:marinespecies.org:taxname:105440,"(Verrill, 1873)",Animalia,Chaetognatha,Sagittoidea,Aphragmophora,Sagittidae,Parasagitta,NA,1,individuals,NA,-80,NA,NA,NA
GoA2020_Stn:8:bongo:Net2,GoA2020_Stn:8:bongo:Net2:G29-2,present,Parasagitta elegans,urn:lsid:marinespecies.org:taxname:105440,"(Verrill, 1873)",Animalia,Chaetognatha,Sagittoidea,Aphragmophora,Sagittidae,Parasagitta,NA,1,individuals,NA,-80,NA,NA,NA
GoA2020_Stn:8:bongo:Net2,GoA2020_Stn:8:bongo:Net2:G30-1,present,Pseudosagitta lyra,urn:lsid:marinespecies.org:taxname:105444,"(Krohn, 1853)",Animalia,Chaetognatha,Sagittoidea,Aphragmophora,Sagittidae,Pseudosagitta,NA,1,individuals,NA,-80,NA,NA,NA
GoA2020_Stn:8:bongo:Net2,GoA2020_Stn:8:bongo:Net2:G30-2,present,Pseudosagitta lyra,urn:lsid:marinespecies.org:taxname:105444,"(Krohn, 1853)",Animalia,Chaetognatha,Sagittoidea,Aphragmophora,Sagittidae,Pseudosagitta,NA,1,individuals,NA,-80,NA,NA,NA
GoA2020_Stn:9:bongo:Net2,GoA2020_Stn:9:bongo:Net2:G32,present,Hydrozoa,urn:lsid:marinespecies.org:taxname:1337,"Owen, 1843",Animalia,Cnidaria,Hydrozoa,NA,NA,NA,NA,1,individuals,Could be a damaged Aegina?,-80,NA,NA,NA
GoA2020_Stn:9:bongo:Net2,GoA2020_Stn:9:bongo:Net2:G31-1,present,Hormiphora cucumis,urn:lsid:marinespecies.org:taxname:106382,"(Mertens, 1833)",Animalia,Ctenophora,Tentaculata,Cydippida,Pleurobrachiidae,Hormiphora,NA,1,individuals,NA,-80,NA,NA,NA
GoA2020_Stn:9:bongo:Net2,GoA2020_Stn:9:bongo:Net2:G31-2,present,Hormiphora cucumis,urn:lsid:marinespecies.org:taxname:106382,"(Mertens, 1833)",Animalia,Ctenophora,Tentaculata,Cydippida,Pleurobrachiidae,Hormiphora,NA,1,individuals,NA,-80,NA,NA,NA
GoA2020_Stn:9:bongo:Net2,GoA2020_Stn:9:bongo:Net2:G31-3,present,Hormiphora cucumis,urn:lsid:marinespecies.org:taxname:106382,"(Mertens, 1833)",Animalia,Ctenophora,Tentaculata,Cydippida,Pleurobrachiidae,Hormiphora,NA,1,individuals,NA,-80,NA,NA,NA
GoA2020_Stn:9:bongo:Net2,GoA2020_Stn:9:bongo:Net2:G31-4,present,Hormiphora cucumis,urn:lsid:marinespecies.org:taxname:106382,"(Mertens, 1833)",Animalia,Ctenophora,Tentaculata,Cydippida,Pleurobrachiidae,Hormiphora,NA,1,individuals,NA,-80,NA,NA,NA
GoA2020_Stn:9:bongo:Net2,GoA2020_Stn:9:bongo:Net2:G31-5,present,Hormiphora cucumis,urn:lsid:marinespecies.org:taxname:106382,"(Mertens, 1833)",Animalia,Ctenophora,Tentaculata,Cydippida,Pleurobrachiidae,Hormiphora,NA,1,individuals,NA,-80,NA,NA,NA
GoA2020_Stn:9:bongo:Net2,GoA2020_Stn:9:bongo:Net2:G31-6,present,Hormiphora cucumis,urn:lsid:marinespecies.org:taxname:106382,"(Mertens, 1833)",Animalia,Ctenophora,Tentaculata,Cydippida,Pleurobrachiidae,Hormiphora,NA,1,individuals,NA,-80,NA,NA,NA
GoA2020_Stn:9:bongo:Net2,GoA2020_Stn:9:bongo:Net2:G33-1,present,Pseudosagitta lyra,urn:lsid:marinespecies.org:taxname:105444,"(Krohn, 1853)",Animalia,Chaetognatha,Sagittoidea,Aphragmophora,Sagittidae,Pseudosagitta,NA,1,individuals,NA,-80,NA,NA,NA
GoA2020_Stn:9:bongo:Net2,GoA2020_Stn:9:bongo:Net2:G33-2,present,Pseudosagitta lyra,urn:lsid:marinespecies.org:taxname:105444,"(Krohn, 1853)",Animalia,Chaetognatha,Sagittoidea,Aphragmophora,Sagittidae,Pseudosagitta,NA,1,individuals,NA,-80,NA,NA,NA
GoA2020_Stn:9:bongo:Net2,GoA2020_Stn:9:bongo:Net2:G33-3,present,Pseudosagitta lyra,urn:lsid:marinespecies.org:taxname:105444,"(Krohn, 1853)",Animalia,Chaetognatha,Sagittoidea,Aphragmophora,Sagittidae,Pseudosagitta,NA,1,individuals,NA,-80,NA,NA,NA
GoA2020_Stn:9:bongo:Net2,GoA2020_Stn:9:bongo:Net2:G33-4,present,Pseudosagitta lyra,urn:lsid:marinespecies.org:taxname:105444,"(Krohn, 1853)",Animalia,Chaetognatha,Sagittoidea,Aphragmophora,Sagittidae,Pseudosagitta,NA,1,individuals,NA,-80,NA,NA,NA
GoA2020_Stn:9:bongo:Net2,GoA2020_Stn:9:bongo:Net2:G33-5,present,Pseudosagitta lyra,urn:lsid:marinespecies.org:taxname:105444,"(Krohn, 1853)",Animalia,Chaetognatha,Sagittoidea,Aphragmophora,Sagittidae,Pseudosagitta,NA,1,individuals,NA,-80,NA,NA,NA
GoA2020_Stn:9:bongo:Net2,GoA2020_Stn:9:bongo:Net2:G33-6,present,Pseudosagitta lyra,urn:lsid:marinespecies.org:taxname:105444,"(Krohn, 1853)",Animalia,Chaetognatha,Sagittoidea,Aphragmophora,Sagittidae,Pseudosagitta,NA,1,individuals,NA,-80,NA,NA,NA
GoA2020_Stn:AH:bongo:Net2,GoA2020_Stn:AH:bongo:Net2:G99,present,Hormiphora cucumis,urn:lsid:marinespecies.org:taxname:106382,"(Mertens, 1833)",Animalia,Ctenophora,Tentaculata,Cydippida,Pleurobrachiidae,Hormiphora,NA,1,individuals,NA,-80,NA,NA,NA
GoA2020_Stn:AH:bongo:Net2,GoA2020_Stn:AH:bongo:Net2:G98-1,present,Pseudosagitta lyra,urn:lsid:marinespecies.org:taxname:105444,"(Krohn, 1853)",Animalia,Chaetognatha,Sagittoidea,Aphragmophora,Sagittidae,Pseudosagitta,NA,1,individuals,NA,-80,NA,NA,NA
GoA2020_Stn:AH:bongo:Net2,GoA2020_Stn:AH:bongo:Net2:G98-2,present,Pseudosagitta lyra,urn:lsid:marinespecies.org:taxname:105444,"(Krohn, 1853)",Animalia,Chaetognatha,Sagittoidea,Aphragmophora,Sagittidae,Pseudosagitta,NA,1,individuals,NA,-80,NA,NA,NA
GoA2020_Stn:AH:bongo:Net2,GoA2020_Stn:AH:bongo:Net2:G98-3,present,Pseudosagitta lyra,urn:lsid:marinespecies.org:taxname:105444,"(Krohn, 1853)",Animalia,Chaetognatha,Sagittoidea,Aphragmophora,Sagittidae,Pseudosagitta,NA,1,individuals,NA,-80,NA,NA,NA
GoA2020_Stn:AH:bongo:Net2,GoA2020_Stn:AH:bongo:Net2:G98-4,present,Pseudosagitta lyra,urn:lsid:marinespecies.org:taxname:105444,"(Krohn, 1853)",Animalia,Chaetognatha,Sagittoidea,Aphragmophora,Sagittidae,Pseudosagitta,NA,1,individuals,NA,-80,NA,NA,NA
GoA2020_Stn:AI:bongo:Net2,GoA2020_Stn:AI:bongo:Net2:G95-1,present,Pseudosagitta lyra,urn:lsid:marinespecies.org:taxname:105444,"(Krohn, 1853)",Animalia,Chaetognatha,Sagittoidea,Aphragmophora,Sagittidae,Pseudosagitta,NA,1,individuals,NA,-80,NA,NA,NA
GoA2020_Stn:AI:bongo:Net2,GoA2020_Stn:AI:bongo:Net2:G95-2,present,Pseudosagitta lyra,urn:lsid:marinespecies.org:taxname:105444,"(Krohn, 1853)",Animalia,Chaetognatha,Sagittoidea,Aphragmophora,Sagittidae,Pseudosagitta,NA,1,individuals,NA,-80,NA,NA,NA
GoA2020_Stn:AI:bongo:Net2,GoA2020_Stn:AI:bongo:Net2:G95-3,present,Pseudosagitta lyra,urn:lsid:marinespecies.org:taxname:105444,"(Krohn, 1853)",Animalia,Chaetognatha,Sagittoidea,Aphragmophora,Sagittidae,Pseudosagitta,NA,1,individuals,NA,-80,NA,NA,NA
GoA2020_Stn:AI:bongo:Net2,GoA2020_Stn:AI:bongo:Net2:G95-4,present,Pseudosagitta lyra,urn:lsid:marinespecies.org:taxname:105444,"(Krohn, 1853)",Animalia,Chaetognatha,Sagittoidea,Aphragmophora,Sagittidae,Pseudosagitta,NA,1,individuals,NA,-80,NA,NA,NA
GoA2020_Stn:AI:bongo:Net2,GoA2020_Stn:AI:bongo:Net2:G95-5,present,Pseudosagitta lyra,urn:lsid:marinespecies.org:taxname:105444,"(Krohn, 1853)",Animalia,Chaetognatha,Sagittoidea,Aphragmophora,Sagittidae,Pseudosagitta,NA,1,individuals,NA,-80,NA,NA,NA
GoA2020_Stn:AI:bongo:Net2,GoA2020_Stn:AI:bongo:Net2:G95-6,present,Pseudosagitta lyra,urn:lsid:marinespecies.org:taxname:105444,"(Krohn, 1853)",Animalia,Chaetognatha,Sagittoidea,Aphragmophora,Sagittidae,Pseudosagitta,NA,1,individuals,NA,-80,NA,NA,NA
GoA2020_Stn:AI:bongo:Net2,GoA2020_Stn:AI:bongo:Net2:G97-1,present,Hormiphora cucumis,urn:lsid:marinespecies.org:taxname:106382,"(Mertens, 1833)",Animalia,Ctenophora,Tentaculata,Cydippida,Pleurobrachiidae,Hormiphora,NA,1,individuals,Could be something else - pretty mangled,-80,NA,NA,NA
GoA2020_Stn:AI:bongo:Net2,GoA2020_Stn:AI:bongo:Net2:G97-2,present,Hormiphora cucumis,urn:lsid:marinespecies.org:taxname:106382,"(Mertens, 1833)",Animalia,Ctenophora,Tentaculata,Cydippida,Pleurobrachiidae,Hormiphora,NA,1,individuals,Could be something else - pretty mangled,-80,NA,NA,NA
GoA2020_Stn:AI:bongo:Net2,GoA2020_Stn:AI:bongo:Net2:G97-3,present,Hormiphora cucumis,urn:lsid:marinespecies.org:taxname:106382,"(Mertens, 1833)",Animalia,Ctenophora,Tentaculata,Cydippida,Pleurobrachiidae,Hormiphora,NA,1,individuals,Could be something else - pretty mangled,-80,NA,NA,NA
GoA2020_Stn:AI:bongo:Net2,GoA2020_Stn:AI:bongo:Net2:G97-4,present,Hormiphora cucumis,urn:lsid:marinespecies.org:taxname:106382,"(Mertens, 1833)",Animalia,Ctenophora,Tentaculata,Cydippida,Pleurobrachiidae,Hormiphora,NA,1,individuals,Could be something else - pretty mangled,-80,NA,NA,NA
GoA2020_Stn:AI:bongo:Net2,GoA2020_Stn:AI:bongo:Net2:G97-5,present,Hormiphora cucumis,urn:lsid:marinespecies.org:taxname:106382,"(Mertens, 1833)",Animalia,Ctenophora,Tentaculata,Cydippida,Pleurobrachiidae,Hormiphora,NA,1,individuals,Could be something else - pretty mangled,-80,NA,NA,NA
GoA2020_Stn:AI:bongo:Net2,GoA2020_Stn:AI:bongo:Net2:G97-6,present,Hormiphora cucumis,urn:lsid:marinespecies.org:taxname:106382,"(Mertens, 1833)",Animalia,Ctenophora,Tentaculata,Cydippida,Pleurobrachiidae,Hormiphora,NA,1,individuals,Could be something else - pretty mangled,-80,NA,NA,NA
GoA2020_Stn:AJ:bongo:Net2,GoA2020_Stn:AJ:bongo:Net2:G92,present,Siphonophorae,urn:lsid:marinespecies.org:taxname:1371,"Eschscholtz, 1829",Animalia,Cnidaria,Hydrozoa,Siphonophorae,NA,NA,NA,1,individuals,NA,-80,NA,NA,NA
GoA2020_Stn:AJ:bongo:Net2,GoA2020_Stn:AJ:bongo:Net2:G93-1,present,Pseudosagitta lyra,urn:lsid:marinespecies.org:taxname:105444,"(Krohn, 1853)",Animalia,Chaetognatha,Sagittoidea,Aphragmophora,Sagittidae,Pseudosagitta,NA,1,individuals,NA,-80,NA,NA,NA
GoA2020_Stn:AJ:bongo:Net2,GoA2020_Stn:AJ:bongo:Net2:G93-2,present,Pseudosagitta lyra,urn:lsid:marinespecies.org:taxname:105444,"(Krohn, 1853)",Animalia,Chaetognatha,Sagittoidea,Aphragmophora,Sagittidae,Pseudosagitta,NA,1,individuals,NA,-80,NA,NA,NA
GoA2020_Stn:AJ:bongo:Net2,GoA2020_Stn:AJ:bongo:Net2:G93-3,present,Pseudosagitta lyra,urn:lsid:marinespecies.org:taxname:105444,"(Krohn, 1853)",Animalia,Chaetognatha,Sagittoidea,Aphragmophora,Sagittidae,Pseudosagitta,NA,1,individuals,NA,-80,NA,NA,NA
GoA2020_Stn:AJ:bongo:Net2,GoA2020_Stn:AJ:bongo:Net2:G93-4,present,Pseudosagitta lyra,urn:lsid:marinespecies.org:taxname:105444,"(Krohn, 1853)",Animalia,Chaetognatha,Sagittoidea,Aphragmophora,Sagittidae,Pseudosagitta,NA,1,individuals,NA,-80,NA,NA,NA
GoA2020_Stn:AJ:bongo:Net2,GoA2020_Stn:AJ:bongo:Net2:G93-5,present,Pseudosagitta lyra,urn:lsid:marinespecies.org:taxname:105444,"(Krohn, 1853)",Animalia,Chaetognatha,Sagittoidea,Aphragmophora,Sagittidae,Pseudosagitta,NA,1,individuals,NA,-80,NA,NA,NA
GoA2020_Stn:AK:bongo:Net2,GoA2020_Stn:AK:bongo:Net2:G101,present,Hormiphora cucumis,urn:lsid:marinespecies.org:taxname:106382,"(Mertens, 1833)",Animalia,Ctenophora,Tentaculata,Cydippida,Pleurobrachiidae,Hormiphora,NA,1,individuals,NA,-80,NA,NA,NA
GoA2020_Stn:AK:bongo:Net2,GoA2020_Stn:AK:bongo:Net2:G100-1,present,Pseudosagitta lyra,urn:lsid:marinespecies.org:taxname:105444,"(Krohn, 1853)",Animalia,Chaetognatha,Sagittoidea,Aphragmophora,Sagittidae,Pseudosagitta,NA,1,individuals,NA,-80,NA,NA,NA
GoA2020_Stn:AK:bongo:Net2,GoA2020_Stn:AK:bongo:Net2:G100-2,present,Pseudosagitta lyra,urn:lsid:marinespecies.org:taxname:105444,"(Krohn, 1853)",Animalia,Chaetognatha,Sagittoidea,Aphragmophora,Sagittidae,Pseudosagitta,NA,1,individuals,NA,-80,NA,NA,NA
GoA2020_Stn:AK:bongo:Net2,GoA2020_Stn:AK:bongo:Net2:G100-3,present,Pseudosagitta lyra,urn:lsid:marinespecies.org:taxname:105444,"(Krohn, 1853)",Animalia,Chaetognatha,Sagittoidea,Aphragmophora,Sagittidae,Pseudosagitta,NA,1,individuals,NA,-80,NA,NA,NA
GoA2020_Stn:AK:bongo:Net2,GoA2020_Stn:AK:bongo:Net2:G100-4,present,Pseudosagitta lyra,urn:lsid:marinespecies.org:taxname:105444,"(Krohn, 1853)",Animalia,Chaetognatha,Sagittoidea,Aphragmophora,Sagittidae,Pseudosagitta,NA,1,individuals,NA,-80,NA,NA,NA
GoA2020_Stn:AK:bongo:Net2,GoA2020_Stn:AK:bongo:Net2:G100-5,present,Pseudosagitta lyra,urn:lsid:marinespecies.org:taxname:105444,"(Krohn, 1853)",Animalia,Chaetognatha,Sagittoidea,Aphragmophora,Sagittidae,Pseudosagitta,NA,1,individuals,NA,-80,NA,NA,NA
GoA2020_Stn:AK:bongo:Net2,GoA2020_Stn:AK:bongo:Net2:G100-6,present,Pseudosagitta lyra,urn:lsid:marinespecies.org:taxname:105444,"(Krohn, 1853)",Animalia,Chaetognatha,Sagittoidea,Aphragmophora,Sagittidae,Pseudosagitta,NA,1,individuals,NA,-80,NA,NA,NA
GoA2020_Stn:AK:bongo:Net2,GoA2020_Stn:AK:bongo:Net2:G102-1,present,Aequorea,urn:lsid:marinespecies.org:taxname:116998,"Péron & Lesueur, 1810",Animalia,Cnidaria,Hydrozoa,Leptothecata,Aequoreidae,Aequorea,NA,1,individuals,NA,-80,NA,NA,NA
GoA2020_Stn:AK:bongo:Net2,GoA2020_Stn:AK:bongo:Net2:G102-2,present,Aequorea,urn:lsid:marinespecies.org:taxname:116998,"Péron & Lesueur, 1810",Animalia,Cnidaria,Hydrozoa,Leptothecata,Aequoreidae,Aequorea,NA,1,individuals,NA,-80,NA,NA,NA
GoA2020_Stn:AL:bongo:Net2,GoA2020_Stn:AL:bongo:Net2:G103,present,Hormiphora cucumis,urn:lsid:marinespecies.org:taxname:106382,"(Mertens, 1833)",Animalia,Ctenophora,Tentaculata,Cydippida,Pleurobrachiidae,Hormiphora,NA,1,individuals,NA,-80,NA,NA,NA
GoA2020_Stn:AL:bongo:Net2,GoA2020_Stn:AL:bongo:Net2:G105,present,Paraeuchaeta elongata,urn:lsid:marinespecies.org:taxname:196779,"(Esterly, 1913)",Animalia,Arthropoda,Hexanauplia,Calanoida,Euchaetidae,Paraeuchaeta,NA,1,individuals,NA,-80,NA,NA,NA
GoA2020_Stn:AM:bongo:Net2,GoA2020_Stn:AM:bongo:Net2:G106-1,present,Hormiphora cucumis,urn:lsid:marinespecies.org:taxname:106382,"(Mertens, 1833)",Animalia,Ctenophora,Tentaculata,Cydippida,Pleurobrachiidae,Hormiphora,NA,1,individuals,NA,-80,NA,NA,NA
GoA2020_Stn:AM:bongo:Net2,GoA2020_Stn:AM:bongo:Net2:G106-2,present,Hormiphora cucumis,urn:lsid:marinespecies.org:taxname:106382,"(Mertens, 1833)",Animalia,Ctenophora,Tentaculata,Cydippida,Pleurobrachiidae,Hormiphora,NA,1,individuals,NA,-80,NA,NA,NA
GoA2020_Stn:AM:bongo:Net2,GoA2020_Stn:AM:bongo:Net2:G107-1,present,Pseudosagitta lyra,urn:lsid:marinespecies.org:taxname:105444,"(Krohn, 1853)",Animalia,Chaetognatha,Sagittoidea,Aphragmophora,Sagittidae,Pseudosagitta,NA,1,individuals,One of the Hormiphora (?) was pretty mangled…,-80,NA,NA,NA
GoA2020_Stn:AM:bongo:Net2,GoA2020_Stn:AM:bongo:Net2:G107-2,present,Pseudosagitta lyra,urn:lsid:marinespecies.org:taxname:105444,"(Krohn, 1853)",Animalia,Chaetognatha,Sagittoidea,Aphragmophora,Sagittidae,Pseudosagitta,NA,1,individuals,One of the Hormiphora (?) was pretty mangled…,-80,NA,NA,NA
GoA2020_Stn:AV:bongo:Net2,GoA2020_Stn:AV:bongo:Net2:G114-1,present,Pseudosagitta lyra,urn:lsid:marinespecies.org:taxname:105444,"(Krohn, 1853)",Animalia,Chaetognatha,Sagittoidea,Aphragmophora,Sagittidae,Pseudosagitta,NA,1,individuals,NA,-80,NA,NA,NA
GoA2020_Stn:AV:bongo:Net2,GoA2020_Stn:AV:bongo:Net2:G114-2,present,Pseudosagitta lyra,urn:lsid:marinespecies.org:taxname:105444,"(Krohn, 1853)",Animalia,Chaetognatha,Sagittoidea,Aphragmophora,Sagittidae,Pseudosagitta,NA,1,individuals,NA,-80,NA,NA,NA
GoA2020_Stn:AV:bongo:Net2,GoA2020_Stn:AV:bongo:Net2:G114-3,present,Pseudosagitta lyra,urn:lsid:marinespecies.org:taxname:105444,"(Krohn, 1853)",Animalia,Chaetognatha,Sagittoidea,Aphragmophora,Sagittidae,Pseudosagitta,NA,1,individuals,NA,-80,NA,NA,NA
GoA2020_Stn:AV:bongo:Net2,GoA2020_Stn:AV:bongo:Net2:G114-4,present,Pseudosagitta lyra,urn:lsid:marinespecies.org:taxname:105444,"(Krohn, 1853)",Animalia,Chaetognatha,Sagittoidea,Aphragmophora,Sagittidae,Pseudosagitta,NA,1,individuals,NA,-80,NA,NA,NA
GoA2020_Stn:AV:bongo:Net2,GoA2020_Stn:AV:bongo:Net2:G114-5,present,Pseudosagitta lyra,urn:lsid:marinespecies.org:taxname:105444,"(Krohn, 1853)",Animalia,Chaetognatha,Sagittoidea,Aphragmophora,Sagittidae,Pseudosagitta,NA,1,individuals,NA,-80,NA,NA,NA
GoA2020_Stn:AV:bongo:Net2,GoA2020_Stn:AV:bongo:Net2:G114-6,present,Pseudosagitta lyra,urn:lsid:marinespecies.org:taxname:105444,"(Krohn, 1853)",Animalia,Chaetognatha,Sagittoidea,Aphragmophora,Sagittidae,Pseudosagitta,NA,1,individuals,NA,-80,NA,NA,NA
GoA2020_Stn:AV:bongo:Net2,GoA2020_Stn:AV:bongo:Net2:G115-1,present,Aequorea,urn:lsid:marinespecies.org:taxname:116998,"Péron & Lesueur, 1810",Animalia,Cnidaria,Hydrozoa,Leptothecata,Aequoreidae,Aequorea,NA,1,individuals,NA,-80,NA,NA,NA
GoA2020_Stn:AV:bongo:Net2,GoA2020_Stn:AV:bongo:Net2:G115-2,present,Aequorea,urn:lsid:marinespecies.org:taxname:116998,"Péron & Lesueur, 1810",Animalia,Cnidaria,Hydrozoa,Leptothecata,Aequoreidae,Aequorea,NA,1,individuals,NA,-80,NA,NA,NA
GoA2020_Stn:AW:bongo:Net2,GoA2020_Stn:AW:bongo:Net2:G116,present,Euphausia pacifica,urn:lsid:marinespecies.org:taxname:237851,"Hansen, 1911",Animalia,Arthropoda,Malacostraca,Euphausiacea,Euphausiidae,Euphausia,NA,1,individuals,NA,-80,NA,NA,NA
GoA2020_Stn:AW:bongo:Net2,GoA2020_Stn:AW:bongo:Net2:G117,present,Pseudosagitta lyra,urn:lsid:marinespecies.org:taxname:105444,"(Krohn, 1853)",Animalia,Chaetognatha,Sagittoidea,Aphragmophora,Sagittidae,Pseudosagitta,NA,1,individuals,NA,-80,NA,NA,NA
GoA2020_Stn:AW:bongo:Net2,GoA2020_Stn:AW:bongo:Net2:G118,present,Corolla spectabilis,urn:lsid:marinespecies.org:taxname:139492,"Dall, 1871",Animalia,Mollusca,Gastropoda,Pteropoda,Cymbuliidae,Corolla,NA,1,individuals,Could be something else (pictures on NM phone),-80,NA,NA,NA
GoA2020_Stn:AW:bongo:Net2,GoA2020_Stn:AW:bongo:Net2:G119,present,Aequorea,urn:lsid:marinespecies.org:taxname:116998,"Péron & Lesueur, 1810",Animalia,Cnidaria,Hydrozoa,Leptothecata,Aequoreidae,Aequorea,NA,1,individuals,NA,-80,NA,NA,NA
GoA2020_Stn:AX:bongo:Net2,GoA2020_Stn:AX:bongo:Net2:G121,present,Pterotrachea,urn:lsid:marinespecies.org:taxname:138009,"Forsskål, 1775",Animalia,Mollusca,Gastropoda,Littorinimorpha,Pterotracheidae,Pterotrachea,NA,1,individuals,NA,-80,NA,NA,NA
GoA2020_Stn:AX:bongo:Net2,GoA2020_Stn:AX:bongo:Net2:G120-1,present,Pseudosagitta lyra,urn:lsid:marinespecies.org:taxname:105444,"(Krohn, 1853)",Animalia,Chaetognatha,Sagittoidea,Aphragmophora,Sagittidae,Pseudosagitta,NA,1,individuals,NA,-80,NA,NA,NA
GoA2020_Stn:AX:bongo:Net2,GoA2020_Stn:AX:bongo:Net2:G120-2,present,Pseudosagitta lyra,urn:lsid:marinespecies.org:taxname:105444,"(Krohn, 1853)",Animalia,Chaetognatha,Sagittoidea,Aphragmophora,Sagittidae,Pseudosagitta,NA,1,individuals,NA,-80,NA,NA,NA
GoA2020_Stn:I:bongo:Net2,GoA2020_Stn:I:bongo:Net2:G108,present,Nematoscelis difficilis,urn:lsid:marinespecies.org:taxname:237861,"Hansen, 1911",Animalia,Arthropoda,Malacostraca,Euphausiacea,Euphausiidae,Nematoscelis,NA,1,individuals,Could be a different species,-80,NA,NA,NA
GoA2020_Stn:I:bongo:Net2,GoA2020_Stn:I:bongo:Net2:G109,present,Eusergestes similis,urn:lsid:marinespecies.org:taxname:514127,"(Hansen, 1903)",Animalia,Arthropoda,Malacostraca,Decapoda,Sergestidae,Eusergestes,NA,1,individuals,NA,-80,NA,NA,NA
GoA2020_Stn:I:bongo:Net2,GoA2020_Stn:I:bongo:Net2:G110,present,Aglantha digitale,urn:lsid:marinespecies.org:taxname:117849,"(O. F. Müller, 1776)",Animalia,Cnidaria,Hydrozoa,Trachymedusae,Rhopalonematidae,Aglantha,NA,1,individuals,NA,-80,NA,NA,NA
GoA2020_Stn:I:bongo:Net2,GoA2020_Stn:I:bongo:Net2:G111-1,present,Corolla spectabilis,urn:lsid:marinespecies.org:taxname:139492,"Dall, 1871",Animalia,Mollusca,Gastropoda,Pteropoda,Cymbuliidae,Corolla,NA,1,individuals,Could be something else (pictures on NM phone),-80,NA,NA,NA
GoA2020_Stn:I:bongo:Net2,GoA2020_Stn:I:bongo:Net2:G111-2,present,Corolla spectabilis,urn:lsid:marinespecies.org:taxname:139492,"Dall, 1871",Animalia,Mollusca,Gastropoda,Pteropoda,Cymbuliidae,Corolla,NA,1,individuals,Could be something else (pictures on NM phone),-80,NA,NA,NA
GoA2020_Stn:I:bongo:Net2,GoA2020_Stn:I:bongo:Net2:G111-3,present,Corolla spectabilis,urn:lsid:marinespecies.org:taxname:139492,"Dall, 1871",Animalia,Mollusca,Gastropoda,Pteropoda,Cymbuliidae,Corolla,NA,1,individuals,Could be something else (pictures on NM phone),-80,NA,NA,NA
GoA2020_Stn:P:bongo:Net2,GoA2020_Stn:P:bongo:Net2:G70,present,Munida quadrispina,urn:lsid:marinespecies.org:taxname:392422,"Benedict, 1902",Animalia,Arthropoda,Malacostraca,Decapoda,Munididae,Munida,NA,1,individuals,NA,-80,NA,NA,NA
GoA2020_Stn:P:bongo:Net2,GoA2020_Stn:P:bongo:Net2:G71,present,Neocalanus cristatus,urn:lsid:marinespecies.org:taxname:104470,"(Krøyer, 1848)",Animalia,Arthropoda,Hexanauplia,Calanoida,Calanidae,Neocalanus,NA,1,individuals,NA,-80,NA,NA,NA
GoA2020_Stn:P:bongo:Net2,GoA2020_Stn:P:bongo:Net2:G72,present,Parasagitta elegans,urn:lsid:marinespecies.org:taxname:105440,"(Verrill, 1873)",Animalia,Chaetognatha,Sagittoidea,Aphragmophora,Sagittidae,Parasagitta,NA,1,individuals,NA,-80,NA,NA,NA
GoA2020_Stn:P:bongo:Net2,GoA2020_Stn:P:bongo:Net2:G73-1,present,Aglantha digitale,urn:lsid:marinespecies.org:taxname:117849,"(O. F. Müller, 1776)",Animalia,Cnidaria,Hydrozoa,Trachymedusae,Rhopalonematidae,Aglantha,NA,1,individuals,NA,-80,NA,NA,NA
GoA2020_Stn:P:bongo:Net2,GoA2020_Stn:P:bongo:Net2:G73-2,present,Aglantha digitale,urn:lsid:marinespecies.org:taxname:117849,"(O. F. Müller, 1776)",Animalia,Cnidaria,Hydrozoa,Trachymedusae,Rhopalonematidae,Aglantha,NA,1,individuals,NA,-80,NA,NA,NA
GoA2020_Stn:P PRIME:bongo:Net2,GoA2020_Stn:P PRIME:bongo:Net2:G77,present,Limacina helicina,urn:lsid:marinespecies.org:taxname:140223,"(Phipps, 1774)",Animalia,Mollusca,Gastropoda,Pteropoda,Limacinidae,Limacina,NA,1,individuals,NA,-80,NA,NA,NA
GoA2020_Stn:P PRIME:bongo:Net2,GoA2020_Stn:P PRIME:bongo:Net2:G78-1,present,Siphonophorae,urn:lsid:marinespecies.org:taxname:1371,"Eschscholtz, 1829",Animalia,Cnidaria,Hydrozoa,Siphonophorae,NA,NA,NA,1,individuals,NA,-80,NA,NA,NA
GoA2020_Stn:P PRIME:bongo:Net2,GoA2020_Stn:P PRIME:bongo:Net2:G78-2,present,Siphonophorae,urn:lsid:marinespecies.org:taxname:1371,"Eschscholtz, 1829",Animalia,Cnidaria,Hydrozoa,Siphonophorae,NA,NA,NA,1,individuals,NA,-80,NA,NA,NA
GoA2020_Stn:P PRIME:bongo:Net2,GoA2020_Stn:P PRIME:bongo:Net2:G79-1,present,Euphausia pacifica,urn:lsid:marinespecies.org:taxname:237851,"Hansen, 1911",Animalia,Arthropoda,Malacostraca,Euphausiacea,Euphausiidae,Euphausia,NA,1,individuals,NA,-80,NA,NA,NA
GoA2020_Stn:P PRIME:bongo:Net2,GoA2020_Stn:P PRIME:bongo:Net2:G79-2,present,Euphausia pacifica,urn:lsid:marinespecies.org:taxname:237851,"Hansen, 1911",Animalia,Arthropoda,Malacostraca,Euphausiacea,Euphausiidae,Euphausia,NA,1,individuals,NA,-80,NA,NA,NA
GoA2020_Stn:P PRIME:bongo:Net2,GoA2020_Stn:P PRIME:bongo:Net2:G79-3,present,Euphausia pacifica,urn:lsid:marinespecies.org:taxname:237851,"Hansen, 1911",Animalia,Arthropoda,Malacostraca,Euphausiacea,Euphausiidae,Euphausia,NA,1,individuals,NA,-80,NA,NA,NA
GoA2020_Stn:P PRIME:bongo:Net2,GoA2020_Stn:P PRIME:bongo:Net2:G79-4,present,Euphausia pacifica,urn:lsid:marinespecies.org:taxname:237851,"Hansen, 1911",Animalia,Arthropoda,Malacostraca,Euphausiacea,Euphausiidae,Euphausia,NA,1,individuals,NA,-80,NA,NA,NA
GoA2020_Stn:P PRIME:bongo:Net2,GoA2020_Stn:P PRIME:bongo:Net2:G79-5,present,Euphausia pacifica,urn:lsid:marinespecies.org:taxname:237851,"Hansen, 1911",Animalia,Arthropoda,Malacostraca,Euphausiacea,Euphausiidae,Euphausia,NA,1,individuals,NA,-80,NA,NA,NA
GoA2020_Stn:P PRIME:bongo:Net2,GoA2020_Stn:P PRIME:bongo:Net2:G79-6,present,Euphausia pacifica,urn:lsid:marinespecies.org:taxname:237851,"Hansen, 1911",Animalia,Arthropoda,Malacostraca,Euphausiacea,Euphausiidae,Euphausia,NA,1,individuals,NA,-80,NA,NA,NA
GoA2020_Stn:P PRIME:bongo:Net2,GoA2020_Stn:P PRIME:bongo:Net2:G79-7,present,Euphausia pacifica,urn:lsid:marinespecies.org:taxname:237851,"Hansen, 1911",Animalia,Arthropoda,Malacostraca,Euphausiacea,Euphausiidae,Euphausia,NA,1,individuals,NA,-80,NA,NA,NA
GoA2020_Stn:P PRIME:bongo:Net2,GoA2020_Stn:P PRIME:bongo:Net2:G79-8,present,Euphausia pacifica,urn:lsid:marinespecies.org:taxname:237851,"Hansen, 1911",Animalia,Arthropoda,Malacostraca,Euphausiacea,Euphausiidae,Euphausia,NA,1,individuals,NA,-80,NA,NA,NA
GoA2020_Stn:P PRIME:bongo:Net2,GoA2020_Stn:P PRIME:bongo:Net2:G79-9,present,Euphausia pacifica,urn:lsid:marinespecies.org:taxname:237851,"Hansen, 1911",Animalia,Arthropoda,Malacostraca,Euphausiacea,Euphausiidae,Euphausia,NA,1,individuals,NA,-80,NA,NA,NA
GoA2020_Stn:P PRIME:bongo:Net2,GoA2020_Stn:P PRIME:bongo:Net2:G79-10,present,Euphausia pacifica,urn:lsid:marinespecies.org:taxname:237851,"Hansen, 1911",Animalia,Arthropoda,Malacostraca,Euphausiacea,Euphausiidae,Euphausia,NA,1,individuals,NA,-80,NA,NA,NA
GoA2020_Stn:P PRIME:bongo:Net2,GoA2020_Stn:P PRIME:bongo:Net2:G81-1,present,Eusergestes similis,urn:lsid:marinespecies.org:taxname:514127,"(Hansen, 1903)",Animalia,Arthropoda,Malacostraca,Decapoda,Sergestidae,Eusergestes,NA,1,individuals,NA,-80,NA,NA,NA
GoA2020_Stn:P PRIME:bongo:Net2,GoA2020_Stn:P PRIME:bongo:Net2:G81-2,present,Eusergestes similis,urn:lsid:marinespecies.org:taxname:514127,"(Hansen, 1903)",Animalia,Arthropoda,Malacostraca,Decapoda,Sergestidae,Eusergestes,NA,1,individuals,NA,-80,NA,NA,NA
GoA2020_Stn:P PRIME:bongo:Net2,GoA2020_Stn:P PRIME:bongo:Net2:G81-3,present,Eusergestes similis,urn:lsid:marinespecies.org:taxname:514127,"(Hansen, 1903)",Animalia,Arthropoda,Malacostraca,Decapoda,Sergestidae,Eusergestes,NA,1,individuals,NA,-80,NA,NA,NA
GoA2020_Stn:P PRIME:bongo:Net2,GoA2020_Stn:P PRIME:bongo:Net2:G81-4,present,Eusergestes similis,urn:lsid:marinespecies.org:taxname:514127,"(Hansen, 1903)",Animalia,Arthropoda,Malacostraca,Decapoda,Sergestidae,Eusergestes,NA,1,individuals,NA,-80,NA,NA,NA
GoA2020_Stn:P PRIME:bongo:Net2,GoA2020_Stn:P PRIME:bongo:Net2:G81-5,present,Eusergestes similis,urn:lsid:marinespecies.org:taxname:514127,"(Hansen, 1903)",Animalia,Arthropoda,Malacostraca,Decapoda,Sergestidae,Eusergestes,NA,1,individuals,NA,-80,NA,NA,NA
GoA2020_Stn:P PRIME:bongo:Net2,GoA2020_Stn:P PRIME:bongo:Net2:G82-1,present,Aglantha digitale,urn:lsid:marinespecies.org:taxname:117849,"(O. F. Müller, 1776)",Animalia,Cnidaria,Hydrozoa,Trachymedusae,Rhopalonematidae,Aglantha,NA,1,individuals,NA,-80,NA,NA,NA
GoA2020_Stn:P PRIME:bongo:Net2,GoA2020_Stn:P PRIME:bongo:Net2:G82-2,present,Aglantha digitale,urn:lsid:marinespecies.org:taxname:117849,"(O. F. Müller, 1776)",Animalia,Cnidaria,Hydrozoa,Trachymedusae,Rhopalonematidae,Aglantha,NA,1,individuals,NA,-80,NA,NA,NA
GoA2020_Stn:P PRIME:bongo:Net2,GoA2020_Stn:P PRIME:bongo:Net2:G82-3,present,Aglantha digitale,urn:lsid:marinespecies.org:taxname:117849,"(O. F. Müller, 1776)",Animalia,Cnidaria,Hydrozoa,Trachymedusae,Rhopalonematidae,Aglantha,NA,1,individuals,NA,-80,NA,NA,NA
GoA2020_Stn:P PRIME:bongo:Net2,GoA2020_Stn:P PRIME:bongo:Net2:G83-1,present,Pseudosagitta lyra,urn:lsid:marinespecies.org:taxname:105444,"(Krohn, 1853)",Animalia,Chaetognatha,Sagittoidea,Aphragmophora,Sagittidae,Pseudosagitta,NA,1,individuals,NA,-80,NA,NA,NA
GoA2020_Stn:P PRIME:bongo:Net2,GoA2020_Stn:P PRIME:bongo:Net2:G83-2,present,Pseudosagitta lyra,urn:lsid:marinespecies.org:taxname:105444,"(Krohn, 1853)",Animalia,Chaetognatha,Sagittoidea,Aphragmophora,Sagittidae,Pseudosagitta,NA,1,individuals,NA,-80,NA,NA,NA
GoA2020_Stn:P PRIME:bongo:Net2,GoA2020_Stn:P PRIME:bongo:Net2:G83-3,present,Pseudosagitta lyra,urn:lsid:marinespecies.org:taxname:105444,"(Krohn, 1853)",Animalia,Chaetognatha,Sagittoidea,Aphragmophora,Sagittidae,Pseudosagitta,NA,1,individuals,NA,-80,NA,NA,NA
GoA2020_Stn:Q:bongo:Net2,GoA2020_Stn:Q:bongo:Net2:G74,present,Eusergestes similis,urn:lsid:marinespecies.org:taxname:514127,"(Hansen, 1903)",Animalia,Arthropoda,Malacostraca,Decapoda,Sergestidae,Eusergestes,NA,1,individuals,NA,-80,NA,NA,NA
GoA2020_Stn:Q:bongo:Net2,GoA2020_Stn:Q:bongo:Net2:G75,present,Clione limacina,urn:lsid:marinespecies.org:taxname:139178,"(Phipps, 1774)",Animalia,Mollusca,Gastropoda,Pteropoda,Clionidae,Clione,NA,1,individuals,NA,-80,NA,NA,NA
GoA2020_Stn:Q:bongo:Net2,GoA2020_Stn:Q:bongo:Net2:G76,present,Euphausia pacifica,urn:lsid:marinespecies.org:taxname:237851,"Hansen, 1911",Animalia,Arthropoda,Malacostraca,Euphausiacea,Euphausiidae,Euphausia,NA,1,individuals,NA,-80,NA,NA,NA
GoA2020_Stn:S27:bongo:Net2,GoA2020_Stn:S27:bongo:Net2:G84,present,Clio pyramidata,urn:lsid:marinespecies.org:taxname:139033,"Linnaeus, 1767",Animalia,Mollusca,Gastropoda,Pteropoda,Cliidae,Clio,NA,1,individuals,"Assuming species, don't have any taxonomy guides to confirm",-80,NA,NA,NA
GoA2020_Stn:S28:bongo:Net2,GoA2020_Stn:S28:bongo:Net2:G80-1,present,Pseudosagitta lyra,urn:lsid:marinespecies.org:taxname:105444,"(Krohn, 1853)",Animalia,Chaetognatha,Sagittoidea,Aphragmophora,Sagittidae,Pseudosagitta,NA,1,individuals,NA,-80,NA,NA,NA
GoA2020_Stn:S28:bongo:Net2,GoA2020_Stn:S28:bongo:Net2:G80-2,present,Pseudosagitta lyra,urn:lsid:marinespecies.org:taxname:105444,"(Krohn, 1853)",Animalia,Chaetognatha,Sagittoidea,Aphragmophora,Sagittidae,Pseudosagitta,NA,1,individuals,NA,-80,NA,NA,NA
GoA2020_Stn:Y27:bongo:Net2,GoA2020_Stn:Y27:bongo:Net2:G85,present,Doliolida,urn:lsid:marinespecies.org:taxname:137212,"Delage & Hérouard, 1898",Animalia,Chordata,Thaliacea,Doliolida,NA,NA,NA,1,individuals,NA,-80,spp.,Jelly (unknown),This species identification is a best guess by Natalie M.
GoA2020_Stn:Y27:bongo:Net2,GoA2020_Stn:Y27:bongo:Net2:G86,present,Pseudosagitta lyra,urn:lsid:marinespecies.org:taxname:105444,"(Krohn, 1853)",Animalia,Chaetognatha,Sagittoidea,Aphragmophora,Sagittidae,Pseudosagitta,NA,1,individuals,NA,-80,NA,NA,NA
GoA2020_Stn:Y27:bongo:Net2,GoA2020_Stn:Y27:bongo:Net2:G88,present,Eusergestes similis,urn:lsid:marinespecies.org:taxname:514127,"(Hansen, 1903)",Animalia,Arthropoda,Malacostraca,Decapoda,Sergestidae,Eusergestes,NA,1,individuals,NA,-80,NA,NA,NA
GoA2020_Stn:Y27:bongo:Net2,GoA2020_Stn:Y27:bongo:Net2:G91,present,Pseudosagitta lyra,urn:lsid:marinespecies.org:taxname:105444,"(Krohn, 1853)",Animalia,Chaetognatha,Sagittoidea,Aphragmophora,Sagittidae,Pseudosagitta,NA,1,individuals,NA,-80,NA,NA,NA
GoA2020_Stn:Y27:bongo:Net2,GoA2020_Stn:Y27:bongo:Net2:G87-1,present,Siphonophorae,urn:lsid:marinespecies.org:taxname:1371,"Eschscholtz, 1829",Animalia,Cnidaria,Hydrozoa,Siphonophorae,NA,NA,NA,1,individuals,NA,-80,NA,NA,NA
GoA2020_Stn:Y27:bongo:Net2,GoA2020_Stn:Y27:bongo:Net2:G87-2,present,Siphonophorae,urn:lsid:marinespecies.org:taxname:1371,"Eschscholtz, 1829",Animalia,Cnidaria,Hydrozoa,Siphonophorae,NA,NA,NA,1,individuals,NA,-80,NA,NA,NA
GoA2020_Stn:Y27:bongo:Net2,GoA2020_Stn:Y27:bongo:Net2:G89-1,present,Euphausia pacifica,urn:lsid:marinespecies.org:taxname:237851,"Hansen, 1911",Animalia,Arthropoda,Malacostraca,Euphausiacea,Euphausiidae,Euphausia,NA,1,individuals,NA,-80,NA,NA,NA
GoA2020_Stn:Y27:bongo:Net2,GoA2020_Stn:Y27:bongo:Net2:G89-2,present,Euphausia pacifica,urn:lsid:marinespecies.org:taxname:237851,"Hansen, 1911",Animalia,Arthropoda,Malacostraca,Euphausiacea,Euphausiidae,Euphausia,NA,1,individuals,NA,-80,NA,NA,NA
GoA2020_Stn:Y27:bongo:Net2,GoA2020_Stn:Y27:bongo:Net2:G89-3,present,Euphausia pacifica,urn:lsid:marinespecies.org:taxname:237851,"Hansen, 1911",Animalia,Arthropoda,Malacostraca,Euphausiacea,Euphausiidae,Euphausia,NA,1,individuals,NA,-80,NA,NA,NA
GoA2020_Stn:Y27:bongo:Net2,GoA2020_Stn:Y27:bongo:Net2:G89-4,present,Euphausia pacifica,urn:lsid:marinespecies.org:taxname:237851,"Hansen, 1911",Animalia,Arthropoda,Malacostraca,Euphausiacea,Euphausiidae,Euphausia,NA,1,individuals,NA,-80,NA,NA,NA
GoA2020_Stn:Y27:bongo:Net2,GoA2020_Stn:Y27:bongo:Net2:G89-5,present,Euphausia pacifica,urn:lsid:marinespecies.org:taxname:237851,"Hansen, 1911",Animalia,Arthropoda,Malacostraca,Euphausiacea,Euphausiidae,Euphausia,NA,1,individuals,NA,-80,NA,NA,NA
GoA2020_Stn:Y27:bongo:Net2,GoA2020_Stn:Y27:bongo:Net2:G89-6,present,Euphausia pacifica,urn:lsid:marinespecies.org:taxname:237851,"Hansen, 1911",Animalia,Arthropoda,Malacostraca,Euphausiacea,Euphausiidae,Euphausia,NA,1,individuals,NA,-80,NA,NA,NA
GoA2020_Stn:Y27:bongo:Net2,GoA2020_Stn:Y27:bongo:Net2:G89-7,present,Euphausia pacifica,urn:lsid:marinespecies.org:taxname:237851,"Hansen, 1911",Animalia,Arthropoda,Malacostraca,Euphausiacea,Euphausiidae,Euphausia,NA,1,individuals,NA,-80,NA,NA,NA
GoA2020_Stn:Y27:bongo:Net2,GoA2020_Stn:Y27:bongo:Net2:G89-8,present,Euphausia pacifica,urn:lsid:marinespecies.org:taxname:237851,"Hansen, 1911",Animalia,Arthropoda,Malacostraca,Euphausiacea,Euphausiidae,Euphausia,NA,1,individuals,NA,-80,NA,NA,NA
GoA2020_Stn:Y27:bongo:Net2,GoA2020_Stn:Y27:bongo:Net2:G90-1,present,Aequorea,urn:lsid:marinespecies.org:taxname:116998,"Péron & Lesueur, 1810",Animalia,Cnidaria,Hydrozoa,Leptothecata,Aequoreidae,Aequorea,NA,1,individuals,NA,-80,NA,NA,NA
GoA2020_Stn:Y27:bongo:Net2,GoA2020_Stn:Y27:bongo:Net2:G90-2,present,Aequorea,urn:lsid:marinespecies.org:taxname:116998,"Péron & Lesueur, 1810",Animalia,Cnidaria,Hydrozoa,Leptothecata,Aequoreidae,Aequorea,NA,1,individuals,NA,-80,NA,NA,NA
GoA2020_Stn:AI:bongo:Net2,GoA2020_Stn:AI:bongo:Net2:G96,present,Pisces,urn:lsid:marinespecies.org:taxname:11676,NA,Animalia,Chordata,NA,NA,NA,NA,NA,1,individuals,Could be some other sort of egg,-80,NA,NA,NA
GoA2020_Stn:AJ:bongo:Net2,GoA2020_Stn:AJ:bongo:Net2:G94,present,Pisces,urn:lsid:marinespecies.org:taxname:11676,NA,Animalia,Chordata,NA,NA,NA,NA,NA,1,individuals,Could be some other sort of egg,-80,NA,NA,NA
GoA2020_Stn:AL:bongo:Net2,GoA2020_Stn:AL:bongo:Net2:G104,present,Cephalopoda,urn:lsid:marinespecies.org:taxname:11707,NA,Animalia,Mollusca,Cephalopoda,NA,NA,NA,Baby,1,individuals,NA,-80,NA,NA,NA
