eventID,occurrenceID,scientificName,scientificNameID,parentNameUsageID,sex,lifeStage,kingdom,phylum,class,order,family,genus,occurrenceStatus,Preparations,occurrenceRemarks
IYS:GoA2019_Stn5:bongo:Net2:S50,IYS_GoA2019_zocc1,Eusergestes similis,urn:lsid:marinespecies.org:taxname:514127,513958,NA,"NA",Animalia,Arthropoda,Malacostraca,Decapoda,Sergestidae,Eusergestes,present,size fractionated & frozen,NA
IYS:GoA2019_Stn5:bongo:Net2:S51,IYS_GoA2019_zocc2,Euphausia pacifica,urn:lsid:marinespecies.org:taxname:237851,110673,NA,"NA",Animalia,Arthropoda,Malacostraca,Euphausiacea,Euphausiidae,Euphausia,present,size fractionated & frozen,NA
IYS:GoA2019_Stn5:bongo:Net2:S52,IYS_GoA2019_zocc3,Euphausia pacifica,urn:lsid:marinespecies.org:taxname:237851,110673,NA,"NA",Animalia,Arthropoda,Malacostraca,Euphausiacea,Euphausiidae,Euphausia,present,size fractionated & frozen,NA
IYS:GoA2019_Stn5:bongo:Net2:S53,IYS_GoA2019_zocc4,Thysanoessa spinifera,urn:lsid:marinespecies.org:taxname:237874,110679,NA,"NA",Animalia,Arthropoda,Malacostraca,Euphausiacea,Euphausiidae,Thysanoessa,present,size fractionated & frozen,NA
IYS:GoA2019_Stn5:bongo:Net2:S54,IYS_GoA2019_zocc5,Thysanoessa spinifera,urn:lsid:marinespecies.org:taxname:237874,110679,NA,"NA",Animalia,Arthropoda,Malacostraca,Euphausiacea,Euphausiidae,Thysanoessa,present,size fractionated & frozen,NA
IYS:GoA2019_Stn10:bongo:Net1:Petri dish,IYS_GoA2019_zocc6,Salpa aspera,urn:lsid:marinespecies.org:taxname:137270,137233,NA,2.0,Animalia,Chordata,Thaliacea,Salpida,Salpidae,Salpa,present,formalin,NA
IYS:GoA2019_Stn10:bongo:Net1:Petri dish,IYS_GoA2019_zocc7,Salpa aspera,urn:lsid:marinespecies.org:taxname:137270,137233,NA,NA,Animalia,Chordata,Thaliacea,Salpida,Salpidae,Salpa,present,formalin,Spent
IYS:GoA2019_Stn10:bongo:Net1:Petri dish,IYS_GoA2019_zocc8,Salpa aspera,urn:lsid:marinespecies.org:taxname:137270,137233,NA,4.0,Animalia,Chordata,Thaliacea,Salpida,Salpidae,Salpa,present,formalin,NA
IYS:GoA2019_Stn10:bongo:Net1:Petri dish,IYS_GoA2019_zocc9,Salpa aspera,urn:lsid:marinespecies.org:taxname:137270,137233,NA,4.0,Animalia,Chordata,Thaliacea,Salpida,Salpidae,Salpa,present,formalin,NA
IYS:GoA2019_Stn10:bongo:Net1:Petri dish,IYS_GoA2019_zocc10,Salpa aspera,urn:lsid:marinespecies.org:taxname:137270,137233,NA,NA,Animalia,Chordata,Thaliacea,Salpida,Salpidae,Salpa,present,formalin,Spent
IYS:GoA2019_Stn10:bongo:Net1:Petri dish,IYS_GoA2019_zocc11,Salpa aspera,urn:lsid:marinespecies.org:taxname:137270,137233,NA,NA,Animalia,Chordata,Thaliacea,Salpida,Salpidae,Salpa,present,formalin,Spent
IYS:GoA2019_Stn10:bongo:Net1:Petri dish,IYS_GoA2019_zocc12,Salpa aspera,urn:lsid:marinespecies.org:taxname:137270,137233,NA,NA,Animalia,Chordata,Thaliacea,Salpida,Salpidae,Salpa,present,formalin,Spent
IYS:GoA2019_Stn10:bongo:Net1:Petri dish,IYS_GoA2019_zocc13,Salpa aspera,urn:lsid:marinespecies.org:taxname:137270,137233,NA,NA,Animalia,Chordata,Thaliacea,Salpida,Salpidae,Salpa,present,formalin,Spent
IYS:GoA2019_Stn10:bongo:Net1:Petri dish,IYS_GoA2019_zocc14,Salpa aspera,urn:lsid:marinespecies.org:taxname:137270,137233,NA,NA,Animalia,Chordata,Thaliacea,Salpida,Salpidae,Salpa,present,formalin,Spent
IYS:GoA2019_Stn10:bongo:Net1:Petri dish,IYS_GoA2019_zocc15,Salpa aspera,urn:lsid:marinespecies.org:taxname:137270,137233,NA,4.0,Animalia,Chordata,Thaliacea,Salpida,Salpidae,Salpa,present,formalin,NA
IYS:GoA2019_Stn10:bongo:Net1:Petri dish,IYS_GoA2019_zocc16,Salpa aspera,urn:lsid:marinespecies.org:taxname:137270,137233,NA,NA,Animalia,Chordata,Thaliacea,Salpida,Salpidae,Salpa,present,formalin,Spent
IYS:GoA2019_Stn10:bongo:Net1:Petri dish,IYS_GoA2019_zocc17,Salpa aspera,urn:lsid:marinespecies.org:taxname:137270,137233,NA,NA,Animalia,Chordata,Thaliacea,Salpida,Salpidae,Salpa,present,formalin,Spent
IYS:GoA2019_Stn11:bongo:Net1:Petri dish,IYS_GoA2019_zocc18,Salpa aspera,urn:lsid:marinespecies.org:taxname:137270,137233,NA,"NA",Animalia,Chordata,Thaliacea,Salpida,Salpidae,Salpa,present,formalin,NA
IYS:GoA2019_Stn11:bongo:Net1:Petri dish,IYS_GoA2019_zocc19,Salpa aspera,urn:lsid:marinespecies.org:taxname:137270,137233,NA,"NA",Animalia,Chordata,Thaliacea,Salpida,Salpidae,Salpa,present,formalin,NA
IYS:GoA2019_Stn11:bongo:Net1:Petri dish,IYS_GoA2019_zocc20,Salpa aspera,urn:lsid:marinespecies.org:taxname:137270,137233,NA,"NA",Animalia,Chordata,Thaliacea,Salpida,Salpidae,Salpa,present,formalin,NA
IYS:GoA2019_Stn11:bongo:Net1:Petri dish,IYS_GoA2019_zocc21,Salpa aspera,urn:lsid:marinespecies.org:taxname:137270,137233,NA,"NA",Animalia,Chordata,Thaliacea,Salpida,Salpidae,Salpa,present,formalin,NA
IYS:GoA2019_Stn11:bongo:Net1:Petri dish,IYS_GoA2019_zocc22,Salpa aspera,urn:lsid:marinespecies.org:taxname:137270,137233,NA,"NA",Animalia,Chordata,Thaliacea,Salpida,Salpidae,Salpa,present,formalin,NA
IYS:GoA2019_Stn11:bongo:Net1:Petri dish,IYS_GoA2019_zocc23,Salpa aspera,urn:lsid:marinespecies.org:taxname:137270,137233,NA,"NA",Animalia,Chordata,Thaliacea,Salpida,Salpidae,Salpa,present,formalin,NA
IYS:GoA2019_Stn11:bongo:Net1:Petri dish,IYS_GoA2019_zocc24,Salpa aspera,urn:lsid:marinespecies.org:taxname:137270,137233,NA,"NA",Animalia,Chordata,Thaliacea,Salpida,Salpidae,Salpa,present,formalin,NA
IYS:GoA2019_Stn11:bongo:Net1:Petri dish,IYS_GoA2019_zocc25,Salpa aspera,urn:lsid:marinespecies.org:taxname:137270,137233,NA,"NA",Animalia,Chordata,Thaliacea,Salpida,Salpidae,Salpa,present,formalin,NA
IYS:GoA2019_Stn11:bongo:Net1:Petri dish,IYS_GoA2019_zocc26,Salpa aspera,urn:lsid:marinespecies.org:taxname:137270,137233,NA,"NA",Animalia,Chordata,Thaliacea,Salpida,Salpidae,Salpa,present,formalin,NA
IYS:GoA2019_Stn11:bongo:Net1:Petri dish,IYS_GoA2019_zocc27,Salpa aspera,urn:lsid:marinespecies.org:taxname:137270,137233,NA,"NA",Animalia,Chordata,Thaliacea,Salpida,Salpidae,Salpa,present,formalin,NA
IYS:GoA2019_Stn11:bongo:Net1:Petri dish,IYS_GoA2019_zocc28,Salpa aspera,urn:lsid:marinespecies.org:taxname:137270,137233,NA,"NA",Animalia,Chordata,Thaliacea,Salpida,Salpidae,Salpa,present,formalin,NA
IYS:GoA2019_Stn11:bongo:Net1:S109,IYS_GoA2019_zocc29,Euphausia pacifica,urn:lsid:marinespecies.org:taxname:237851,110673,NA,"NA",Animalia,Arthropoda,Malacostraca,Euphausiacea,Euphausiidae,Euphausia,present,formalin,NA
IYS:GoA2019_Stn11:bongo:Net1:S110,IYS_GoA2019_zocc30,Euphausia pacifica,urn:lsid:marinespecies.org:taxname:237851,110673,NA,"NA",Animalia,Arthropoda,Malacostraca,Euphausiacea,Euphausiidae,Euphausia,present,formalin,NA
IYS:GoA2019_Stn11:bongo:Net1:S111,IYS_GoA2019_zocc31,Neocalanus cristatus,urn:lsid:marinespecies.org:taxname:104470,104155,NA,"NA",Animalia,Arthropoda,Hexanauplia,Calanoida,Calanidae,Neocalanus,present,formalin,NA
IYS:GoA2019_Stn11:bongo:Net1:S112,IYS_GoA2019_zocc32,Neocalanus cristatus,urn:lsid:marinespecies.org:taxname:104470,104155,NA,"NA",Animalia,Arthropoda,Hexanauplia,Calanoida,Calanidae,Neocalanus,present,formalin,NA
IYS:GoA2019_Stn11:bongo:Net1:S113,IYS_GoA2019_zocc33,Neocalanus cristatus,urn:lsid:marinespecies.org:taxname:104470,104155,NA,"NA",Animalia,Arthropoda,Hexanauplia,Calanoida,Calanidae,Neocalanus,present,formalin,NA
IYS:GoA2019_Stn11:bongo:Net2:22000.0,IYS_GoA2019_zocc34,Thysanoessa spinifera,urn:lsid:marinespecies.org:taxname:237874,110679,NA,"NA",Animalia,Arthropoda,Malacostraca,Euphausiacea,Euphausiidae,Thysanoessa,present,size fractionated & frozen,NA
IYS:GoA2019_Stn11:bongo:Net2:22001.0,IYS_GoA2019_zocc35,Thysanoessa spinifera,urn:lsid:marinespecies.org:taxname:237874,110679,NA,"NA",Animalia,Arthropoda,Malacostraca,Euphausiacea,Euphausiidae,Thysanoessa,present,size fractionated & frozen,NA
IYS:GoA2019_Stn11:bongo:Net2:22002.0,IYS_GoA2019_zocc36,Thysanoessa spinifera,urn:lsid:marinespecies.org:taxname:237874,110679,NA,"NA",Animalia,Arthropoda,Malacostraca,Euphausiacea,Euphausiidae,Thysanoessa,present,size fractionated & frozen,NA
IYS:GoA2019_Stn11:bongo:Net2:22003.0,IYS_GoA2019_zocc37,Copepoda,urn:lsid:marinespecies.org:taxname:1080,889925,NA,"NA",Animalia,Arthropoda,Hexanauplia,NA,NA,NA,present,size fractionated & frozen,NA
IYS:GoA2019_Stn11:bongo:Net2:22004.0,IYS_GoA2019_zocc38,Copepoda,urn:lsid:marinespecies.org:taxname:1080,889925,NA,"NA",Animalia,Arthropoda,Hexanauplia,NA,NA,NA,present,size fractionated & frozen,NA
IYS:GoA2019_Stn11:bongo:Net2:22005.0,IYS_GoA2019_zocc39,Copepoda,urn:lsid:marinespecies.org:taxname:1080,889925,NA,"NA",Animalia,Arthropoda,Hexanauplia,NA,NA,NA,present,size fractionated & frozen,NA
IYS:GoA2019_Stn11:bongo:Net2:22006.0,IYS_GoA2019_zocc40,Copepoda,urn:lsid:marinespecies.org:taxname:1080,889925,NA,"NA",Animalia,Arthropoda,Hexanauplia,NA,NA,NA,present,size fractionated & frozen,NA
IYS:GoA2019_Stn11:bongo:Net2:22007.0,IYS_GoA2019_zocc41,Copepoda,urn:lsid:marinespecies.org:taxname:1080,889925,NA,"NA",Animalia,Arthropoda,Hexanauplia,NA,NA,NA,present,size fractionated & frozen,NA
IYS:GoA2019_Stn11:bongo:Net2:S102,IYS_GoA2019_zocc42,Euphausia pacifica,urn:lsid:marinespecies.org:taxname:237851,110673,NA,"NA",Animalia,Arthropoda,Malacostraca,Euphausiacea,Euphausiidae,Euphausia,present,size fractionated & frozen,NA
IYS:GoA2019_Stn11:bongo:Net2:S103,IYS_GoA2019_zocc43,Thysanoessa spinifera,urn:lsid:marinespecies.org:taxname:237874,110679,NA,"NA",Animalia,Arthropoda,Malacostraca,Euphausiacea,Euphausiidae,Thysanoessa,present,size fractionated & frozen,NA
IYS:GoA2019_Stn11:bongo:Net2:S104,IYS_GoA2019_zocc44,Thysanoessa spinifera,urn:lsid:marinespecies.org:taxname:237874,110679,NA,"NA",Animalia,Arthropoda,Malacostraca,Euphausiacea,Euphausiidae,Thysanoessa,present,size fractionated & frozen,NA
IYS:GoA2019_Stn11:bongo:Net2:S105,IYS_GoA2019_zocc45,Cyphocaris,urn:lsid:marinespecies.org:taxname:101603,177051,NA,"NA",Animalia,Arthropoda,Malacostraca,Amphipoda,Cyphocarididae,Cyphocaris,present,size fractionated & frozen,NA
IYS:GoA2019_Stn11:bongo:Net2:S106,IYS_GoA2019_zocc46,Neocalanus cristatus,urn:lsid:marinespecies.org:taxname:104470,104155,NA,"NA",Animalia,Arthropoda,Hexanauplia,Calanoida,Calanidae,Neocalanus,present,size fractionated & frozen,NA
IYS:GoA2019_Stn11:bongo:Net2:S107,IYS_GoA2019_zocc47,Euphausia pacifica,urn:lsid:marinespecies.org:taxname:237851,110673,NA,"NA",Animalia,Arthropoda,Malacostraca,Euphausiacea,Euphausiidae,Euphausia,present,size fractionated & frozen,NA
IYS:GoA2019_Stn11:bongo:Net2:S108,IYS_GoA2019_zocc48,Neocalanus cristatus,urn:lsid:marinespecies.org:taxname:104470,104155,NA,"NA",Animalia,Arthropoda,Hexanauplia,Calanoida,Calanidae,Neocalanus,present,size fractionated & frozen,NA
IYS:GoA2019_Stn13:bongo:Net1:SS1,IYS_GoA2019_zocc49,Neocalanus cristatus,urn:lsid:marinespecies.org:taxname:104470,104155,NA,"NA",Animalia,Arthropoda,Hexanauplia,Calanoida,Calanidae,Neocalanus,present,formalin,NA
IYS:GoA2019_Stn13:bongo:Net1:SS2,IYS_GoA2019_zocc50,Neocalanus cristatus,urn:lsid:marinespecies.org:taxname:104470,104155,NA,"NA",Animalia,Arthropoda,Hexanauplia,Calanoida,Calanidae,Neocalanus,present,formalin,NA
IYS:GoA2019_Stn13:bongo:Net1:SS3,IYS_GoA2019_zocc51,Eusergestes similis,urn:lsid:marinespecies.org:taxname:514127,513958,NA,"NA",Animalia,Arthropoda,Malacostraca,Decapoda,Sergestidae,Eusergestes,present,formalin,NA
IYS:GoA2019_Stn13:bongo:Net1:SS4,IYS_GoA2019_zocc52,Eusergestes similis,urn:lsid:marinespecies.org:taxname:514127,513958,NA,"NA",Animalia,Arthropoda,Malacostraca,Decapoda,Sergestidae,Eusergestes,present,formalin,NA
IYS:GoA2019_Stn13:bongo:Net1:SS5,IYS_GoA2019_zocc53,Thysanoessa spinifera,urn:lsid:marinespecies.org:taxname:237874,110679,NA,"NA",Animalia,Arthropoda,Malacostraca,Euphausiacea,Euphausiidae,Thysanoessa,present,formalin,NA
IYS:GoA2019_Stn13:bongo:Net1:SS6,IYS_GoA2019_zocc54,Eusergestes similis,urn:lsid:marinespecies.org:taxname:514127,513958,NA,"NA",Animalia,Arthropoda,Malacostraca,Decapoda,Sergestidae,Eusergestes,present,formalin,NA
IYS:GoA2019_Stn14:bongo:Net1:SS15,IYS_GoA2019_zocc55,Neocalanus cristatus,urn:lsid:marinespecies.org:taxname:104470,104155,NA,"NA",Animalia,Arthropoda,Hexanauplia,Calanoida,Calanidae,Neocalanus,present,formalin,NA
IYS:GoA2019_Stn14:bongo:Net1:SS16,IYS_GoA2019_zocc56,Neocalanus cristatus,urn:lsid:marinespecies.org:taxname:104470,104155,NA,"NA",Animalia,Arthropoda,Hexanauplia,Calanoida,Calanidae,Neocalanus,present,formalin,NA
IYS:GoA2019_Stn14:bongo:Net1:SS17,IYS_GoA2019_zocc57,Neocalanus cristatus,urn:lsid:marinespecies.org:taxname:104470,104155,NA,"NA",Animalia,Arthropoda,Hexanauplia,Calanoida,Calanidae,Neocalanus,present,formalin,NA
IYS:GoA2019_Stn14:bongo:Net2:22008.0,IYS_GoA2019_zocc58,Neocalanus cristatus,urn:lsid:marinespecies.org:taxname:104470,104155,NA,"NA",Animalia,Arthropoda,Hexanauplia,Calanoida,Calanidae,Neocalanus,present,size fractionated & frozen,NA
IYS:GoA2019_Stn14:bongo:Net2:22009.0,IYS_GoA2019_zocc59,Neocalanus cristatus,urn:lsid:marinespecies.org:taxname:104470,104155,NA,"NA",Animalia,Arthropoda,Hexanauplia,Calanoida,Calanidae,Neocalanus,present,size fractionated & frozen,NA
IYS:GoA2019_Stn14:bongo:Net2:22010.0,IYS_GoA2019_zocc60,Neocalanus cristatus,urn:lsid:marinespecies.org:taxname:104470,104155,NA,"NA",Animalia,Arthropoda,Hexanauplia,Calanoida,Calanidae,Neocalanus,present,size fractionated & frozen,NA
IYS:GoA2019_Stn14:bongo:Net2:22011.0,IYS_GoA2019_zocc61,Neocalanus cristatus,urn:lsid:marinespecies.org:taxname:104470,104155,NA,"NA",Animalia,Arthropoda,Hexanauplia,Calanoida,Calanidae,Neocalanus,present,size fractionated & frozen,NA
IYS:GoA2019_Stn14:bongo:Net2:SS7,IYS_GoA2019_zocc62,Euphausia pacifica,urn:lsid:marinespecies.org:taxname:237851,110673,NA,"NA",Animalia,Arthropoda,Malacostraca,Euphausiacea,Euphausiidae,Euphausia,present,size fractionated & frozen,NA
IYS:GoA2019_Stn14:bongo:Net2:SS8,IYS_GoA2019_zocc63,Euphausia pacifica,urn:lsid:marinespecies.org:taxname:237851,110673,NA,"NA",Animalia,Arthropoda,Malacostraca,Euphausiacea,Euphausiidae,Euphausia,present,size fractionated & frozen,NA
IYS:GoA2019_Stn14:bongo:Net2:SS9,IYS_GoA2019_zocc64,Euphausia pacifica,urn:lsid:marinespecies.org:taxname:237851,110673,NA,"NA",Animalia,Arthropoda,Malacostraca,Euphausiacea,Euphausiidae,Euphausia,present,size fractionated & frozen,NA
IYS:GoA2019_Stn14:bongo:Net2:SS10,IYS_GoA2019_zocc65,Munida quadrispina,urn:lsid:marinespecies.org:taxname:392422,106835,NA,"NA",Animalia,Arthropoda,Malacostraca,Decapoda,Munididae,Munida,present,size fractionated & frozen,NA
IYS:GoA2019_Stn14:bongo:Net2:SS11,IYS_GoA2019_zocc66,Neocalanus cristatus,urn:lsid:marinespecies.org:taxname:104470,104155,NA,"NA",Animalia,Arthropoda,Hexanauplia,Calanoida,Calanidae,Neocalanus,present,size fractionated & frozen,NA
IYS:GoA2019_Stn14:bongo:Net2:SS12,IYS_GoA2019_zocc67,Thysanoessa spinifera,urn:lsid:marinespecies.org:taxname:237874,110679,NA,"NA",Animalia,Arthropoda,Malacostraca,Euphausiacea,Euphausiidae,Thysanoessa,present,size fractionated & frozen,NA
IYS:GoA2019_Stn14:bongo:Net2:SS12,IYS_GoA2019_zocc68,Thysanoessa spinifera,urn:lsid:marinespecies.org:taxname:237874,110679,NA,"NA",Animalia,Arthropoda,Malacostraca,Euphausiacea,Euphausiidae,Thysanoessa,present,size fractionated & frozen,NA
IYS:GoA2019_Stn14:bongo:Net2:SS13,IYS_GoA2019_zocc69,Sagittoidea,urn:lsid:marinespecies.org:taxname:5949,2081,NA,"NA",Animalia,Chaetognatha,Sagittoidea,NA,NA,NA,present,size fractionated & frozen,NA
IYS:GoA2019_Stn14:bongo:Net2:SS14,IYS_GoA2019_zocc70,Siphonophorae,urn:lsid:marinespecies.org:taxname:1371,19494,NA,"NA",Animalia,Cnidaria,Hydrozoa,Siphonophorae,NA,NA,present,size fractionated & frozen,NA
IYS:GoA2019_Stn17:bongo:Net2:22012.0,IYS_GoA2019_zocc71,Euphausia pacifica,urn:lsid:marinespecies.org:taxname:237851,110673,NA,"NA",Animalia,Arthropoda,Malacostraca,Euphausiacea,Euphausiidae,Euphausia,present,size fractionated & frozen,NA
IYS:GoA2019_Stn17:bongo:Net2:22013.0,IYS_GoA2019_zocc72,Euphausia pacifica,urn:lsid:marinespecies.org:taxname:237851,110673,NA,"NA",Animalia,Arthropoda,Malacostraca,Euphausiacea,Euphausiidae,Euphausia,present,size fractionated & frozen,NA
IYS:GoA2019_Stn17:bongo:Net2:22014.0,IYS_GoA2019_zocc73,Euphausia pacifica,urn:lsid:marinespecies.org:taxname:237851,110673,NA,"NA",Animalia,Arthropoda,Malacostraca,Euphausiacea,Euphausiidae,Euphausia,present,size fractionated & frozen,NA
IYS:GoA2019_Stn17:bongo:Net2:22015.0,IYS_GoA2019_zocc74,Euphausia pacifica,urn:lsid:marinespecies.org:taxname:237851,110673,NA,"NA",Animalia,Arthropoda,Malacostraca,Euphausiacea,Euphausiidae,Euphausia,present,size fractionated & frozen,NA
IYS:GoA2019_Stn17:bongo:Net2:22016.0,IYS_GoA2019_zocc75,Neocalanus cristatus,urn:lsid:marinespecies.org:taxname:104470,104155,NA,"NA",Animalia,Arthropoda,Hexanauplia,Calanoida,Calanidae,Neocalanus,present,size fractionated & frozen,NA
IYS:GoA2019_Stn17:bongo:Net2:SS18,IYS_GoA2019_zocc76,Neocalanus cristatus,urn:lsid:marinespecies.org:taxname:104470,104155,NA,"NA",Animalia,Arthropoda,Hexanauplia,Calanoida,Calanidae,Neocalanus,present,size fractionated & frozen,NA
IYS:GoA2019_Stn17:bongo:Net2:SS19,IYS_GoA2019_zocc77,Neocalanus cristatus,urn:lsid:marinespecies.org:taxname:104470,104155,NA,"NA",Animalia,Arthropoda,Hexanauplia,Calanoida,Calanidae,Neocalanus,present,size fractionated & frozen,NA
IYS:GoA2019_Stn17:bongo:Net2:SS20,IYS_GoA2019_zocc78,Neocalanus cristatus,urn:lsid:marinespecies.org:taxname:104470,104155,NA,"NA",Animalia,Arthropoda,Hexanauplia,Calanoida,Calanidae,Neocalanus,present,size fractionated & frozen,NA
IYS:GoA2019_Stn17:bongo:Net2:SS21,IYS_GoA2019_zocc79,Euphausia pacifica,urn:lsid:marinespecies.org:taxname:237851,110673,NA,"NA",Animalia,Arthropoda,Malacostraca,Euphausiacea,Euphausiidae,Euphausia,present,size fractionated & frozen,NA
IYS:GoA2019_Stn17:bongo:Net2:SS22,IYS_GoA2019_zocc80,Euphausia pacifica,urn:lsid:marinespecies.org:taxname:237851,110673,NA,"NA",Animalia,Arthropoda,Malacostraca,Euphausiacea,Euphausiidae,Euphausia,present,size fractionated & frozen,NA
IYS:GoA2019_Stn17:bongo:Net2:SS23,IYS_GoA2019_zocc81,Euphausia pacifica,urn:lsid:marinespecies.org:taxname:237851,110673,NA,"NA",Animalia,Arthropoda,Malacostraca,Euphausiacea,Euphausiidae,Euphausia,present,size fractionated & frozen,NA
IYS:GoA2019_Stn17:bongo:Net2:SS24,IYS_GoA2019_zocc82,Thysanoessa spinifera,urn:lsid:marinespecies.org:taxname:237874,110679,NA,"NA",Animalia,Arthropoda,Malacostraca,Euphausiacea,Euphausiidae,Thysanoessa,present,size fractionated & frozen,NA
IYS:GoA2019_Stn17:bongo:Net2:SS25,IYS_GoA2019_zocc83,Thysanoessa spinifera,urn:lsid:marinespecies.org:taxname:237874,110679,NA,"NA",Animalia,Arthropoda,Malacostraca,Euphausiacea,Euphausiidae,Thysanoessa,present,size fractionated & frozen,NA
IYS:GoA2019_Stn18:bongo:Net2:SS26,IYS_GoA2019_zocc84,Thysanoessa spinifera,urn:lsid:marinespecies.org:taxname:237874,110679,NA,"NA",Animalia,Arthropoda,Malacostraca,Euphausiacea,Euphausiidae,Thysanoessa,present,size fractionated & frozen,NA
IYS:GoA2019_Stn18:bongo:Net2:SS27,IYS_GoA2019_zocc85,Sagittoidea,urn:lsid:marinespecies.org:taxname:5949,2081,NA,"NA",Animalia,Chaetognatha,Sagittoidea,NA,NA,NA,present,size fractionated & frozen,NA
IYS:GoA2019_Stn19:bongo:Net1:Z290,IYS_GoA2019_zocc86,Beroe,urn:lsid:marinespecies.org:taxname:1434803,106317,NA,"NA",Animalia,Ctenophora,Nuda,Beroida,Beroidae,Beroe,present,formalin,NA
IYS:GoA2019_Stn19:bongo:Net1:Z290,IYS_GoA2019_zocc87,Beroe,urn:lsid:marinespecies.org:taxname:1434994,106317,NA,"NA",Animalia,Ctenophora,Nuda,Beroida,Beroidae,Beroe,present,formalin,NA
IYS:GoA2019_Stn19:bongo:Net1:Z290,IYS_GoA2019_zocc88,Beroe,urn:lsid:marinespecies.org:taxname:106331,106317,NA,"NA",Animalia,Ctenophora,Nuda,Beroida,Beroidae,Beroe,present,formalin,NA
IYS:GoA2019_Stn20:bongo:Net2:22017.0,IYS_GoA2019_zocc89,Euphausiidae,urn:lsid:marinespecies.org:taxname:110671,1128,NA,"NA",Animalia,Arthropoda,Malacostraca,Euphausiacea,Euphausiidae,NA,present,size fractionated & frozen,NA
IYS:GoA2019_Stn20:bongo:Net2:22018.0,IYS_GoA2019_zocc90,Euphausiidae,urn:lsid:marinespecies.org:taxname:110671,1128,NA,"NA",Animalia,Arthropoda,Malacostraca,Euphausiacea,Euphausiidae,NA,present,size fractionated & frozen,NA
IYS:GoA2019_Stn20:bongo:Net2:22019.0,IYS_GoA2019_zocc91,Neocalanus cristatus,urn:lsid:marinespecies.org:taxname:104470,104155,NA,"NA",Animalia,Arthropoda,Hexanauplia,Calanoida,Calanidae,Neocalanus,present,size fractionated & frozen,NA
IYS:GoA2019_Stn20:bongo:Net2:SS28,IYS_GoA2019_zocc92,Euphausia pacifica,urn:lsid:marinespecies.org:taxname:237851,110673,NA,"NA",Animalia,Arthropoda,Malacostraca,Euphausiacea,Euphausiidae,Euphausia,present,size fractionated & frozen,NA
IYS:GoA2019_Stn20:bongo:Net2:SS29,IYS_GoA2019_zocc93,Euphausia pacifica,urn:lsid:marinespecies.org:taxname:237851,110673,NA,"NA",Animalia,Arthropoda,Malacostraca,Euphausiacea,Euphausiidae,Euphausia,present,size fractionated & frozen,NA
IYS:GoA2019_Stn20:bongo:Net2:SS30,IYS_GoA2019_zocc94,Thysanoessa spinifera,urn:lsid:marinespecies.org:taxname:237874,110679,NA,"NA",Animalia,Arthropoda,Malacostraca,Euphausiacea,Euphausiidae,Thysanoessa,present,size fractionated & frozen,NA
IYS:GoA2019_Stn20:bongo:Net2:SS31,IYS_GoA2019_zocc95,Thysanoessa spinifera,urn:lsid:marinespecies.org:taxname:237874,110679,NA,"NA",Animalia,Arthropoda,Malacostraca,Euphausiacea,Euphausiidae,Thysanoessa,present,size fractionated & frozen,NA
IYS:GoA2019_Stn20:bongo:Net2:SS33,IYS_GoA2019_zocc96,Neocalanus cristatus,urn:lsid:marinespecies.org:taxname:104470,104155,NA,"NA",Animalia,Arthropoda,Hexanauplia,Calanoida,Calanidae,Neocalanus,present,size fractionated & frozen,NA
IYS:GoA2019_Stn20:bongo:Net2:SS34,IYS_GoA2019_zocc97,Neocalanus cristatus,urn:lsid:marinespecies.org:taxname:104470,104155,NA,"NA",Animalia,Arthropoda,Hexanauplia,Calanoida,Calanidae,Neocalanus,present,size fractionated & frozen,NA
IYS:GoA2019_Stn20:bongo:Net2:SS35,IYS_GoA2019_zocc98,Neocalanus cristatus,urn:lsid:marinespecies.org:taxname:104470,104155,NA,"NA",Animalia,Arthropoda,Hexanauplia,Calanoida,Calanidae,Neocalanus,present,size fractionated & frozen,NA
IYS:GoA2019_Stn22:bongo:Net2:SS38,IYS_GoA2019_zocc99,Lensia,urn:lsid:marinespecies.org:taxname:135365,151532,NA,"NA",Animalia,Cnidaria,Hydrozoa,Siphonophorae,Diphyidae,Lensia,present,size fractionated & frozen,NA
IYS:GoA2019_Stn22:bongo:Net2:SS38,IYS_GoA2019_zocc100,Lensia,urn:lsid:marinespecies.org:taxname:135365,151532,NA,"NA",Animalia,Cnidaria,Hydrozoa,Siphonophorae,Diphyidae,Lensia,present,size fractionated & frozen,NA
IYS:GoA2019_Stn22:bongo:Net2:SS39,IYS_GoA2019_zocc101,Thysanoessa spinifera,urn:lsid:marinespecies.org:taxname:237874,110679,NA,"NA",Animalia,Arthropoda,Malacostraca,Euphausiacea,Euphausiidae,Thysanoessa,present,size fractionated & frozen,NA
IYS:GoA2019_Stn22:bongo:Net2:SS40,IYS_GoA2019_zocc102,Thysanoessa spinifera,urn:lsid:marinespecies.org:taxname:237874,110679,NA,"NA",Animalia,Arthropoda,Malacostraca,Euphausiacea,Euphausiidae,Thysanoessa,present,size fractionated & frozen,NA
IYS:GoA2019_Stn22:bongo:Net2:SS41,IYS_GoA2019_zocc103,Thysanoessa spinifera,urn:lsid:marinespecies.org:taxname:237874,110679,NA,"NA",Animalia,Arthropoda,Malacostraca,Euphausiacea,Euphausiidae,Thysanoessa,present,size fractionated & frozen,NA
IYS:GoA2019_Stn22:bongo:Net2:SS42,IYS_GoA2019_zocc104,Euphausia pacifica,urn:lsid:marinespecies.org:taxname:237851,110673,NA,"NA",Animalia,Arthropoda,Malacostraca,Euphausiacea,Euphausiidae,Euphausia,present,size fractionated & frozen,NA
IYS:GoA2019_Stn22:bongo:Net2:SS42B,IYS_GoA2019_zocc105,Aequorea,urn:lsid:marinespecies.org:taxname:116998,13553,NA,"NA",Animalia,Cnidaria,Hydrozoa,Leptothecata,Aequoreidae,Aequorea,present,size fractionated & frozen,NA
IYS:GoA2019_Stn22:bongo:Net2:SS42B,IYS_GoA2019_zocc106,Aequorea,urn:lsid:marinespecies.org:taxname:116998,13553,NA,"NA",Animalia,Cnidaria,Hydrozoa,Leptothecata,Aequoreidae,Aequorea,present,size fractionated & frozen,NA
IYS:GoA2019_Stn22:bongo:Net2:SS43,IYS_GoA2019_zocc107,Euphausia pacifica,urn:lsid:marinespecies.org:taxname:237851,110673,NA,"NA",Animalia,Arthropoda,Malacostraca,Euphausiacea,Euphausiidae,Euphausia,present,size fractionated & frozen,NA
IYS:GoA2019_Stn22:bongo:Net2:SS44,IYS_GoA2019_zocc108,Euphausia pacifica,urn:lsid:marinespecies.org:taxname:237851,110673,NA,"NA",Animalia,Arthropoda,Malacostraca,Euphausiacea,Euphausiidae,Euphausia,present,size fractionated & frozen,NA
IYS:GoA2019_Stn22:bongo:Net2:SS45,IYS_GoA2019_zocc109,Euphausia pacifica,urn:lsid:marinespecies.org:taxname:237851,110673,NA,"NA",Animalia,Arthropoda,Malacostraca,Euphausiacea,Euphausiidae,Euphausia,present,size fractionated & frozen,NA
IYS:GoA2019_Stn23:bongo:Net2:22020.0,IYS_GoA2019_zocc110,Thysanoessa spinifera,urn:lsid:marinespecies.org:taxname:237874,110679,NA,"NA",Animalia,Arthropoda,Malacostraca,Euphausiacea,Euphausiidae,Thysanoessa,present,size fractionated & frozen,NA
IYS:GoA2019_Stn23:bongo:Net2:22021.0,IYS_GoA2019_zocc111,Euphausia pacifica,urn:lsid:marinespecies.org:taxname:237851,110673,NA,"NA",Animalia,Arthropoda,Malacostraca,Euphausiacea,Euphausiidae,Euphausia,present,size fractionated & frozen,NA
IYS:GoA2019_Stn23:bongo:Net2:SS46,IYS_GoA2019_zocc112,Thysanoessa spinifera,urn:lsid:marinespecies.org:taxname:237874,110679,NA,"NA",Animalia,Arthropoda,Malacostraca,Euphausiacea,Euphausiidae,Thysanoessa,present,size fractionated & frozen,NA
IYS:GoA2019_Stn23:bongo:Net2:SS47,IYS_GoA2019_zocc113,Thysanoessa spinifera,urn:lsid:marinespecies.org:taxname:237874,110679,NA,"NA",Animalia,Arthropoda,Malacostraca,Euphausiacea,Euphausiidae,Thysanoessa,present,size fractionated & frozen,NA
IYS:GoA2019_Stn23:bongo:Net2:SS48,IYS_GoA2019_zocc114,Thysanoessa spinifera,urn:lsid:marinespecies.org:taxname:237874,110679,NA,"NA",Animalia,Arthropoda,Malacostraca,Euphausiacea,Euphausiidae,Thysanoessa,present,size fractionated & frozen,NA
IYS:GoA2019_Stn23:bongo:Net2:SS49,IYS_GoA2019_zocc115,Thysanoessa spinifera,urn:lsid:marinespecies.org:taxname:237874,110679,NA,"NA",Animalia,Arthropoda,Malacostraca,Euphausiacea,Euphausiidae,Thysanoessa,present,size fractionated & frozen,NA
IYS:GoA2019_Stn23:bongo:Net2:SS50,IYS_GoA2019_zocc116,Euphausia pacifica,urn:lsid:marinespecies.org:taxname:237851,110673,NA,"NA",Animalia,Arthropoda,Malacostraca,Euphausiacea,Euphausiidae,Euphausia,present,size fractionated & frozen,NA
IYS:GoA2019_Stn23:bongo:Net2:SS51,IYS_GoA2019_zocc117,Euphausia pacifica,urn:lsid:marinespecies.org:taxname:237851,110673,NA,"NA",Animalia,Arthropoda,Malacostraca,Euphausiacea,Euphausiidae,Euphausia,present,size fractionated & frozen,NA
IYS:GoA2019_Stn23:bongo:Net2:SS52,IYS_GoA2019_zocc118,Euphausia pacifica,urn:lsid:marinespecies.org:taxname:237851,110673,NA,"NA",Animalia,Arthropoda,Malacostraca,Euphausiacea,Euphausiidae,Euphausia,present,size fractionated & frozen,NA
IYS:GoA2019_Stn23:bongo:Net2:SS53,IYS_GoA2019_zocc119,Euphausia pacifica,urn:lsid:marinespecies.org:taxname:237851,110673,NA,"NA",Animalia,Arthropoda,Malacostraca,Euphausiacea,Euphausiidae,Euphausia,present,size fractionated & frozen,NA
IYS:GoA2019_Stn23:bongo:Net2:SS54,IYS_GoA2019_zocc120,Sagittoidea,urn:lsid:marinespecies.org:taxname:5949,2081,NA,"NA",Animalia,Chaetognatha,Sagittoidea,NA,NA,NA,present,size fractionated & frozen,NA
IYS:GoA2019_Stn25:bongo:Net2:SS55,IYS_GoA2019_zocc121,Sagittoidea,urn:lsid:marinespecies.org:taxname:5949,2081,NA,"NA",Animalia,Chaetognatha,Sagittoidea,NA,NA,NA,present,size fractionated & frozen,NA
IYS:GoA2019_Stn25:bongo:Net2:SS55,IYS_GoA2019_zocc122,Sagittoidea,urn:lsid:marinespecies.org:taxname:5949,2081,NA,"NA",Animalia,Chaetognatha,Sagittoidea,NA,NA,NA,present,size fractionated & frozen,NA
IYS:GoA2019_Stn25:bongo:Net2:SS55,IYS_GoA2019_zocc123,Sagittoidea,urn:lsid:marinespecies.org:taxname:5949,2081,NA,"NA",Animalia,Chaetognatha,Sagittoidea,NA,NA,NA,present,size fractionated & frozen,NA
IYS:GoA2019_Stn25:bongo:Net2:SS55,IYS_GoA2019_zocc124,Sagittoidea,urn:lsid:marinespecies.org:taxname:5949,2081,NA,"NA",Animalia,Chaetognatha,Sagittoidea,NA,NA,NA,present,size fractionated & frozen,NA
IYS:GoA2019_Stn25:bongo:Net2:SS57,IYS_GoA2019_zocc125,Euphausia pacifica,urn:lsid:marinespecies.org:taxname:237851,110673,NA,"NA",Animalia,Arthropoda,Malacostraca,Euphausiacea,Euphausiidae,Euphausia,present,size fractionated & frozen,NA
IYS:GoA2019_Stn25:bongo:Net2:SS57,IYS_GoA2019_zocc126,Euphausia pacifica,urn:lsid:marinespecies.org:taxname:237851,110673,NA,"NA",Animalia,Arthropoda,Malacostraca,Euphausiacea,Euphausiidae,Euphausia,present,size fractionated & frozen,NA
IYS:GoA2019_Stn25:bongo:Net2:SS57,IYS_GoA2019_zocc127,Euphausia pacifica,urn:lsid:marinespecies.org:taxname:237851,110673,NA,"NA",Animalia,Arthropoda,Malacostraca,Euphausiacea,Euphausiidae,Euphausia,present,size fractionated & frozen,NA
IYS:GoA2019_Stn25:bongo:Net2:SS57,IYS_GoA2019_zocc128,Euphausia pacifica,urn:lsid:marinespecies.org:taxname:237851,110673,NA,"NA",Animalia,Arthropoda,Malacostraca,Euphausiacea,Euphausiidae,Euphausia,present,size fractionated & frozen,NA
IYS:GoA2019_Stn25:bongo:Net2:SS58,IYS_GoA2019_zocc129,Euphausia pacifica,urn:lsid:marinespecies.org:taxname:237851,110673,NA,"NA",Animalia,Arthropoda,Malacostraca,Euphausiacea,Euphausiidae,Euphausia,present,size fractionated & frozen,NA
IYS:GoA2019_Stn25:bongo:Net2:SS58,IYS_GoA2019_zocc130,Euphausia pacifica,urn:lsid:marinespecies.org:taxname:237851,110673,NA,"NA",Animalia,Arthropoda,Malacostraca,Euphausiacea,Euphausiidae,Euphausia,present,size fractionated & frozen,NA
IYS:GoA2019_Stn25:bongo:Net2:SS58,IYS_GoA2019_zocc131,Euphausia pacifica,urn:lsid:marinespecies.org:taxname:237851,110673,NA,"NA",Animalia,Arthropoda,Malacostraca,Euphausiacea,Euphausiidae,Euphausia,present,size fractionated & frozen,NA
IYS:GoA2019_Stn25:bongo:Net2:SS59,IYS_GoA2019_zocc132,Thysanoessa spinifera,urn:lsid:marinespecies.org:taxname:237874,110679,NA,"NA",Animalia,Arthropoda,Malacostraca,Euphausiacea,Euphausiidae,Thysanoessa,present,size fractionated & frozen,NA
IYS:GoA2019_Stn25:bongo:Net2:SS59,IYS_GoA2019_zocc133,Thysanoessa spinifera,urn:lsid:marinespecies.org:taxname:237874,110679,NA,"NA",Animalia,Arthropoda,Malacostraca,Euphausiacea,Euphausiidae,Thysanoessa,present,size fractionated & frozen,NA
IYS:GoA2019_Stn25:bongo:Net2:SS59,IYS_GoA2019_zocc134,Thysanoessa spinifera,urn:lsid:marinespecies.org:taxname:237874,110679,NA,"NA",Animalia,Arthropoda,Malacostraca,Euphausiacea,Euphausiidae,Thysanoessa,present,size fractionated & frozen,NA
IYS:GoA2019_Stn25:bongo:Net2:SS59,IYS_GoA2019_zocc135,Thysanoessa spinifera,urn:lsid:marinespecies.org:taxname:237874,110679,NA,"NA",Animalia,Arthropoda,Malacostraca,Euphausiacea,Euphausiidae,Thysanoessa,present,size fractionated & frozen,NA
IYS:GoA2019_Stn25:bongo:Net2:SS59,IYS_GoA2019_zocc136,Thysanoessa spinifera,urn:lsid:marinespecies.org:taxname:237874,110679,NA,"NA",Animalia,Arthropoda,Malacostraca,Euphausiacea,Euphausiidae,Thysanoessa,present,size fractionated & frozen,NA
IYS:GoA2019_Stn25:bongo:Net2:SS59,IYS_GoA2019_zocc137,Thysanoessa spinifera,urn:lsid:marinespecies.org:taxname:237874,110679,NA,"NA",Animalia,Arthropoda,Malacostraca,Euphausiacea,Euphausiidae,Thysanoessa,present,size fractionated & frozen,NA
IYS:GoA2019_Stn25:bongo:Net2:SS60,IYS_GoA2019_zocc138,Neocalanus cristatus,urn:lsid:marinespecies.org:taxname:104470,104155,NA,"NA",Animalia,Arthropoda,Hexanauplia,Calanoida,Calanidae,Neocalanus,present,size fractionated & frozen,NA
IYS:GoA2019_Stn25:bongo:Net2:Z318,IYS_GoA2019_zocc139,Aequorea,urn:lsid:marinespecies.org:taxname:116998,13553,NA,"NA",Animalia,Cnidaria,Hydrozoa,Leptothecata,Aequoreidae,Aequorea,present,size fractionated & frozen,NA
IYS:GoA2019_Stn25:bongo:Net2:Z318,IYS_GoA2019_zocc140,Aequorea,urn:lsid:marinespecies.org:taxname:116998,13553,NA,"NA",Animalia,Cnidaria,Hydrozoa,Leptothecata,Aequoreidae,Aequorea,present,size fractionated & frozen,NA
IYS:GoA2019_Stn26:bongo:Net2:SS61,IYS_GoA2019_zocc141,Euphausia pacifica,urn:lsid:marinespecies.org:taxname:237851,110673,NA,"NA",Animalia,Arthropoda,Malacostraca,Euphausiacea,Euphausiidae,Euphausia,present,size fractionated & frozen,NA
IYS:GoA2019_Stn26:bongo:Net2:SS62,IYS_GoA2019_zocc142,Thysanoessa spinifera,urn:lsid:marinespecies.org:taxname:237874,110679,NA,"NA",Animalia,Arthropoda,Malacostraca,Euphausiacea,Euphausiidae,Thysanoessa,present,size fractionated & frozen,NA
IYS:GoA2019_Stn26:bongo:Net2:SS63,IYS_GoA2019_zocc143,Neocalanus cristatus,urn:lsid:marinespecies.org:taxname:104470,104155,NA,"NA",Animalia,Arthropoda,Hexanauplia,Calanoida,Calanidae,Neocalanus,present,size fractionated & frozen,NA
IYS:GoA2019_Stn26:bongo:Net2:SS64,IYS_GoA2019_zocc144,Neocalanus cristatus,urn:lsid:marinespecies.org:taxname:104470,104155,NA,"NA",Animalia,Arthropoda,Hexanauplia,Calanoida,Calanidae,Neocalanus,present,size fractionated & frozen,NA
IYS:GoA2019_Stn26:bongo:Net2:SS65,IYS_GoA2019_zocc145,Neocalanus cristatus,urn:lsid:marinespecies.org:taxname:104470,104155,NA,"NA",Animalia,Arthropoda,Hexanauplia,Calanoida,Calanidae,Neocalanus,present,size fractionated & frozen,NA
IYS:GoA2019_Stn28:bongo:Net2:SS67,IYS_GoA2019_zocc146,Paraphronima gracilis,urn:lsid:marinespecies.org:taxname:236597,236595,NA,"NA",Animalia,Arthropoda,Malacostraca,Amphipoda,Paraphronimidae,Paraphronima,present,size fractionated & frozen,NA
IYS:GoA2019_Stn28:bongo:Net2:SS68,IYS_GoA2019_zocc147,Thysanoessa spinifera,urn:lsid:marinespecies.org:taxname:237874,110679,NA,"NA",Animalia,Arthropoda,Malacostraca,Euphausiacea,Euphausiidae,Thysanoessa,present,size fractionated & frozen,NA
IYS:GoA2019_Stn28:bongo:Net2:SS68,IYS_GoA2019_zocc148,Thysanoessa spinifera,urn:lsid:marinespecies.org:taxname:237874,110679,NA,"NA",Animalia,Arthropoda,Malacostraca,Euphausiacea,Euphausiidae,Thysanoessa,present,size fractionated & frozen,NA
IYS:GoA2019_Stn28:bongo:Net2:SS68,IYS_GoA2019_zocc149,Thysanoessa spinifera,urn:lsid:marinespecies.org:taxname:237874,110679,NA,"NA",Animalia,Arthropoda,Malacostraca,Euphausiacea,Euphausiidae,Thysanoessa,present,size fractionated & frozen,NA
IYS:GoA2019_Stn28:bongo:Net2:SS69,IYS_GoA2019_zocc150,Euphausia pacifica,urn:lsid:marinespecies.org:taxname:237851,110673,NA,"NA",Animalia,Arthropoda,Malacostraca,Euphausiacea,Euphausiidae,Euphausia,present,size fractionated & frozen,NA
IYS:GoA2019_Stn28:bongo:Net2:SS69,IYS_GoA2019_zocc151,Euphausia pacifica,urn:lsid:marinespecies.org:taxname:237851,110673,NA,"NA",Animalia,Arthropoda,Malacostraca,Euphausiacea,Euphausiidae,Euphausia,present,size fractionated & frozen,NA
IYS:GoA2019_Stn28:bongo:Net2:SS69,IYS_GoA2019_zocc152,Euphausia pacifica,urn:lsid:marinespecies.org:taxname:237851,110673,NA,"NA",Animalia,Arthropoda,Malacostraca,Euphausiacea,Euphausiidae,Euphausia,present,size fractionated & frozen,NA
IYS:GoA2019_Stn28:bongo:Net2:SS69,IYS_GoA2019_zocc153,Euphausia pacifica,urn:lsid:marinespecies.org:taxname:237851,110673,NA,"NA",Animalia,Arthropoda,Malacostraca,Euphausiacea,Euphausiidae,Euphausia,present,size fractionated & frozen,NA
IYS:GoA2019_Stn28:bongo:Net2:SS70,IYS_GoA2019_zocc154,Radiozoa,urn:lsid:marinespecies.org:taxname:582421,582420,NA,"NA",Chromista,Radiozoa,NA,NA,NA,NA,present,size fractionated & frozen,NA
IYS:GoA2019_Stn29:bongo:Net2:22022.0,IYS_GoA2019_zocc155,Neocalanus cristatus,urn:lsid:marinespecies.org:taxname:104470,104155,NA,"NA",Animalia,Arthropoda,Hexanauplia,Calanoida,Calanidae,Neocalanus,present,size fractionated & frozen,NA
IYS:GoA2019_Stn29:bongo:Net2:SS71,IYS_GoA2019_zocc156,Euphausia pacifica,urn:lsid:marinespecies.org:taxname:237851,110673,NA,"NA",Animalia,Arthropoda,Malacostraca,Euphausiacea,Euphausiidae,Euphausia,present,size fractionated & frozen,NA
IYS:GoA2019_Stn29:bongo:Net2:SS72,IYS_GoA2019_zocc157,Euphausia pacifica,urn:lsid:marinespecies.org:taxname:237851,110673,NA,"NA",Animalia,Arthropoda,Malacostraca,Euphausiacea,Euphausiidae,Euphausia,present,size fractionated & frozen,NA
IYS:GoA2019_Stn29:bongo:Net2:SS73,IYS_GoA2019_zocc158,Euphausia pacifica,urn:lsid:marinespecies.org:taxname:237851,110673,NA,"NA",Animalia,Arthropoda,Malacostraca,Euphausiacea,Euphausiidae,Euphausia,present,size fractionated & frozen,NA
IYS:GoA2019_Stn29:bongo:Net2:SS74,IYS_GoA2019_zocc159,Neocalanus cristatus,urn:lsid:marinespecies.org:taxname:104470,104155,NA,"NA",Animalia,Arthropoda,Hexanauplia,Calanoida,Calanidae,Neocalanus,present,size fractionated & frozen,NA
IYS:GoA2019_Stn29:bongo:Net2:SS75,IYS_GoA2019_zocc160,Neocalanus cristatus,urn:lsid:marinespecies.org:taxname:104470,104155,NA,"NA",Animalia,Arthropoda,Hexanauplia,Calanoida,Calanidae,Neocalanus,present,size fractionated & frozen,NA
IYS:GoA2019_Stn29:bongo:Net2:SS76,IYS_GoA2019_zocc161,Neocalanus cristatus,urn:lsid:marinespecies.org:taxname:104470,104155,NA,"NA",Animalia,Arthropoda,Hexanauplia,Calanoida,Calanidae,Neocalanus,present,size fractionated & frozen,NA
IYS:GoA2019_Stn30:bongo:Net2:SS77,IYS_GoA2019_zocc162,Sagittoidea,urn:lsid:marinespecies.org:taxname:5949,2081,NA,"NA",Animalia,Chaetognatha,Sagittoidea,NA,NA,NA,present,size fractionated & frozen,NA
IYS:GoA2019_Stn30:bongo:Net2:SS78,IYS_GoA2019_zocc163,Thysanoessa spinifera,urn:lsid:marinespecies.org:taxname:237874,110679,NA,"NA",Animalia,Arthropoda,Malacostraca,Euphausiacea,Euphausiidae,Thysanoessa,present,size fractionated & frozen,NA
IYS:GoA2019_Stn30:bongo:Net2:SS79,IYS_GoA2019_zocc164,Thysanoessa spinifera,urn:lsid:marinespecies.org:taxname:237874,110679,NA,"NA",Animalia,Arthropoda,Malacostraca,Euphausiacea,Euphausiidae,Thysanoessa,present,size fractionated & frozen,NA
IYS:GoA2019_Stn32:bongo:Net2:SS82,IYS_GoA2019_zocc173,Decapoda,urn:lsid:marinespecies.org:taxname:1130,1089,NA,Crab zoea,Animalia,Arthropoda,Malacostraca,Decapoda,NA,NA,present,size fractionated & frozen,NA
IYS:GoA2019_Stn32:bongo:Net2:Z372,IYS_GoA2019_zocc174,Sagittoidea,urn:lsid:marinespecies.org:taxname:5949,2081,NA,"NA",Animalia,Chaetognatha,Sagittoidea,NA,NA,NA,present,size fractionated & frozen,NA
IYS:GoA2019_Stn32:bongo:Net2:Z373,IYS_GoA2019_zocc175,Salpa aspera,urn:lsid:marinespecies.org:taxname:137270,137233,NA,"NA",Animalia,Chordata,Thaliacea,Salpida,Salpidae,Salpa,present,size fractionated & frozen,NA
IYS:GoA2019_Stn33:bongo:Net1:Petri dish,IYS_GoA2019_zocc176,Salpa aspera,urn:lsid:marinespecies.org:taxname:137270,137233,NA,1to2,Animalia,Chordata,Thaliacea,Salpida,Salpidae,Salpa,present,formalin,NA
IYS:GoA2019_Stn33:bongo:Net1:Petri dish,IYS_GoA2019_zocc177,Salpa aspera,urn:lsid:marinespecies.org:taxname:137270,137233,NA,1to2,Animalia,Chordata,Thaliacea,Salpida,Salpidae,Salpa,present,formalin,NA
IYS:GoA2019_Stn33:bongo:Net1:Petri dish,IYS_GoA2019_zocc178,Salpa aspera,urn:lsid:marinespecies.org:taxname:137270,137233,NA,1to2,Animalia,Chordata,Thaliacea,Salpida,Salpidae,Salpa,present,formalin,NA
IYS:GoA2019_Stn33:bongo:Net1:Petri dish,IYS_GoA2019_zocc179,Salpa aspera,urn:lsid:marinespecies.org:taxname:137270,137233,NA,1to2,Animalia,Chordata,Thaliacea,Salpida,Salpidae,Salpa,present,formalin,NA
IYS:GoA2019_Stn33:bongo:Net1:Petri dish,IYS_GoA2019_zocc180,Salpa aspera,urn:lsid:marinespecies.org:taxname:137270,137233,NA,1to2,Animalia,Chordata,Thaliacea,Salpida,Salpidae,Salpa,present,formalin,NA
IYS:GoA2019_Stn33:bongo:Net2:Petri dish,IYS_GoA2019_zocc181,Salpa aspera,urn:lsid:marinespecies.org:taxname:137270,137233,NA,2.0,Animalia,Chordata,Thaliacea,Salpida,Salpidae,Salpa,present,size fractionated & frozen,NA
IYS:GoA2019_Stn35:bongo:Net2:22023.0,IYS_GoA2019_zocc182,Neocalanus cristatus,urn:lsid:marinespecies.org:taxname:104470,104155,NA,"NA",Animalia,Arthropoda,Hexanauplia,Calanoida,Calanidae,Neocalanus,present,size fractionated & frozen,NA
IYS:GoA2019_Stn35:bongo:Net2:SS83,IYS_GoA2019_zocc183,Euphausia pacifica,urn:lsid:marinespecies.org:taxname:237851,110673,NA,"NA",Animalia,Arthropoda,Malacostraca,Euphausiacea,Euphausiidae,Euphausia,present,size fractionated & frozen,NA
IYS:GoA2019_Stn35:bongo:Net2:SS84,IYS_GoA2019_zocc184,Euphausia pacifica,urn:lsid:marinespecies.org:taxname:237851,110673,NA,"NA",Animalia,Arthropoda,Malacostraca,Euphausiacea,Euphausiidae,Euphausia,present,size fractionated & frozen,NA
IYS:GoA2019_Stn35:bongo:Net2:SS85,IYS_GoA2019_zocc185,Euphausia pacifica,urn:lsid:marinespecies.org:taxname:237851,110673,NA,"NA",Animalia,Arthropoda,Malacostraca,Euphausiacea,Euphausiidae,Euphausia,present,size fractionated & frozen,NA
IYS:GoA2019_Stn35:bongo:Net2:SS86,IYS_GoA2019_zocc186,Thysanoessa spinifera,urn:lsid:marinespecies.org:taxname:237874,110679,NA,"NA",Animalia,Arthropoda,Malacostraca,Euphausiacea,Euphausiidae,Thysanoessa,present,size fractionated & frozen,NA
IYS:GoA2019_Stn35:bongo:Net2:SS87,IYS_GoA2019_zocc187,Microstomus pacificus,urn:lsid:marinespecies.org:taxname:274294,126118,NA,"NA",Animalia,Chordata,Actinopterygii,Pleuronectiformes,Pleuronectidae,Microstomus,present,size fractionated & frozen,NA
IYS:GoA2019_Stn35:bongo:Net2:SS88,IYS_GoA2019_zocc188,Neocalanus cristatus,urn:lsid:marinespecies.org:taxname:104470,104155,NA,"NA",Animalia,Arthropoda,Hexanauplia,Calanoida,Calanidae,Neocalanus,present,size fractionated & frozen,NA
IYS:GoA2019_Stn35:bongo:Net2:SS89,IYS_GoA2019_zocc189,Neocalanus cristatus,urn:lsid:marinespecies.org:taxname:104470,104155,NA,"NA",Animalia,Arthropoda,Hexanauplia,Calanoida,Calanidae,Neocalanus,present,size fractionated & frozen,NA
IYS:GoA2019_Stn35:bongo:Net2:SS90,IYS_GoA2019_zocc190,Neocalanus cristatus,urn:lsid:marinespecies.org:taxname:104470,104155,NA,"NA",Animalia,Arthropoda,Hexanauplia,Calanoida,Calanidae,Neocalanus,present,size fractionated & frozen,NA
IYS:GoA2019_Stn37:bongo:Net2:SS91,IYS_GoA2019_zocc191,Neocalanus cristatus,urn:lsid:marinespecies.org:taxname:104470,104155,NA,"NA",Animalia,Arthropoda,Hexanauplia,Calanoida,Calanidae,Neocalanus,present,size fractionated & frozen,NA
IYS:GoA2019_Stn37:bongo:Net2:SS92,IYS_GoA2019_zocc192,Neocalanus cristatus,urn:lsid:marinespecies.org:taxname:104470,104155,NA,"NA",Animalia,Arthropoda,Hexanauplia,Calanoida,Calanidae,Neocalanus,present,size fractionated & frozen,NA
IYS:GoA2019_Stn37:bongo:Net2:SS93,IYS_GoA2019_zocc193,Neocalanus cristatus,urn:lsid:marinespecies.org:taxname:104470,104155,NA,"NA",Animalia,Arthropoda,Hexanauplia,Calanoida,Calanidae,Neocalanus,present,size fractionated & frozen,NA
IYS:GoA2019_Stn38:bongo:Net2:22024.0,IYS_GoA2019_zocc194,Neocalanus cristatus,urn:lsid:marinespecies.org:taxname:104470,104155,NA,"NA",Animalia,Arthropoda,Hexanauplia,Calanoida,Calanidae,Neocalanus,present,size fractionated & frozen,NA
IYS:GoA2019_Stn38:bongo:Net2:SS96,IYS_GoA2019_zocc195,Neocalanus cristatus,urn:lsid:marinespecies.org:taxname:104470,104155,NA,"NA",Animalia,Arthropoda,Hexanauplia,Calanoida,Calanidae,Neocalanus,present,size fractionated & frozen,NA
IYS:GoA2019_Stn38:bongo:Net2:SS97,IYS_GoA2019_zocc196,Neocalanus cristatus,urn:lsid:marinespecies.org:taxname:104470,104155,NA,"NA",Animalia,Arthropoda,Hexanauplia,Calanoida,Calanidae,Neocalanus,present,size fractionated & frozen,NA
IYS:GoA2019_Stn38:bongo:Net2:SS98,IYS_GoA2019_zocc197,Neocalanus cristatus,urn:lsid:marinespecies.org:taxname:104470,104155,NA,"NA",Animalia,Arthropoda,Hexanauplia,Calanoida,Calanidae,Neocalanus,present,size fractionated & frozen,NA
IYS:GoA2019_Stn39:bongo:Net1:SS99,IYS_GoA2019_zocc198,Neocalanus cristatus,urn:lsid:marinespecies.org:taxname:104470,104155,NA,"NA",Animalia,Arthropoda,Hexanauplia,Calanoida,Calanidae,Neocalanus,present,formalin,NA
IYS:GoA2019_Stn39:bongo:Net1:SS100,IYS_GoA2019_zocc199,Neocalanus cristatus,urn:lsid:marinespecies.org:taxname:104470,104155,NA,"NA",Animalia,Arthropoda,Hexanauplia,Calanoida,Calanidae,Neocalanus,present,formalin,NA
IYS:GoA2019_Stn39:bongo:Net1:SS101,IYS_GoA2019_zocc200,Neocalanus cristatus,urn:lsid:marinespecies.org:taxname:104470,104155,NA,"NA",Animalia,Arthropoda,Hexanauplia,Calanoida,Calanidae,Neocalanus,present,formalin,NA
IYS:GoA2019_Stn40:bongo:Net1:SS102,IYS_GoA2019_zocc201,Neocalanus cristatus,urn:lsid:marinespecies.org:taxname:104470,104155,NA,CV,Animalia,Arthropoda,Hexanauplia,Calanoida,Calanidae,Neocalanus,present,formalin,NA
IYS:GoA2019_Stn40:bongo:Net1:SS103,IYS_GoA2019_zocc202,Neocalanus cristatus,urn:lsid:marinespecies.org:taxname:104470,104155,NA,CV,Animalia,Arthropoda,Hexanauplia,Calanoida,Calanidae,Neocalanus,present,formalin,NA
IYS:GoA2019_Stn40:bongo:Net1:SS104,IYS_GoA2019_zocc203,Neocalanus cristatus,urn:lsid:marinespecies.org:taxname:104470,104155,NA,CV,Animalia,Arthropoda,Hexanauplia,Calanoida,Calanidae,Neocalanus,present,formalin,NA
IYS:GoA2019_Stn41:bongo:Net1:SS106,IYS_GoA2019_zocc204,Euphausia pacifica,urn:lsid:marinespecies.org:taxname:237851,110673,NA,adult,Animalia,Arthropoda,Malacostraca,Euphausiacea,Euphausiidae,Euphausia,present,formalin,NA
IYS:GoA2019_Stn41:bongo:Net1:SS107,IYS_GoA2019_zocc205,Radiozoa,urn:lsid:marinespecies.org:taxname:582421,582420,NA,"NA",Chromista,Radiozoa,NA,NA,NA,NA,present,formalin,NA
IYS:GoA2019_Stn41:bongo:Net2:SS108,IYS_GoA2019_zocc206,Neocalanus cristatus,urn:lsid:marinespecies.org:taxname:104470,104155,NA,CV,Animalia,Arthropoda,Hexanauplia,Calanoida,Calanidae,Neocalanus,present,size fractionated & frozen,NA
IYS:GoA2019_Stn41:bongo:Net2:SS109,IYS_GoA2019_zocc207,Neocalanus cristatus,urn:lsid:marinespecies.org:taxname:104470,104155,NA,CV,Animalia,Arthropoda,Hexanauplia,Calanoida,Calanidae,Neocalanus,present,size fractionated & frozen,NA
IYS:GoA2019_Stn41:bongo:Net2:SS110,IYS_GoA2019_zocc208,Neocalanus cristatus,urn:lsid:marinespecies.org:taxname:104470,104155,NA,CV,Animalia,Arthropoda,Hexanauplia,Calanoida,Calanidae,Neocalanus,present,size fractionated & frozen,NA
IYS:GoA2019_Stn42:bongo:Net1:SS111,IYS_GoA2019_zocc209,Neocalanus cristatus,urn:lsid:marinespecies.org:taxname:104470,104155,NA,CV,Animalia,Arthropoda,Hexanauplia,Calanoida,Calanidae,Neocalanus,present,formalin,NA
IYS:GoA2019_Stn42:bongo:Net1:SS112,IYS_GoA2019_zocc210,Neocalanus cristatus,urn:lsid:marinespecies.org:taxname:104470,104155,NA,CV,Animalia,Arthropoda,Hexanauplia,Calanoida,Calanidae,Neocalanus,present,formalin,NA
IYS:GoA2019_Stn43:bongo:Net1:SS114,IYS_GoA2019_zocc211,Neocalanus cristatus,urn:lsid:marinespecies.org:taxname:104470,104155,NA,CV,Animalia,Arthropoda,Hexanauplia,Calanoida,Calanidae,Neocalanus,present,formalin,NA
IYS:GoA2019_Stn43:bongo:Net1:SS115,IYS_GoA2019_zocc212,Neocalanus cristatus,urn:lsid:marinespecies.org:taxname:104470,104155,NA,CV,Animalia,Arthropoda,Hexanauplia,Calanoida,Calanidae,Neocalanus,present,formalin,NA
IYS:GoA2019_Stn43:bongo:Net1:SS116,IYS_GoA2019_zocc213,Neocalanus cristatus,urn:lsid:marinespecies.org:taxname:104470,104155,NA,CV,Animalia,Arthropoda,Hexanauplia,Calanoida,Calanidae,Neocalanus,present,formalin,NA
IYS:GoA2019_Stn43:bongo:Net2:SS117,IYS_GoA2019_zocc214,Eusergestes similis,urn:lsid:marinespecies.org:taxname:514127,513958,NA,"NA",Animalia,Arthropoda,Malacostraca,Decapoda,Sergestidae,Eusergestes,present,size fractionated & frozen,NA
IYS:GoA2019_Stn43:bongo:Net2:SS118,IYS_GoA2019_zocc215,Eusergestes similis,urn:lsid:marinespecies.org:taxname:514127,513958,NA,"NA",Animalia,Arthropoda,Malacostraca,Decapoda,Sergestidae,Eusergestes,present,size fractionated & frozen,NA
IYS:GoA2019_Stn43:bongo:Net2:SS119,IYS_GoA2019_zocc216,Thysanoessa longipes,urn:lsid:marinespecies.org:taxname:237873,110679,NA,"NA",Animalia,Arthropoda,Malacostraca,Euphausiacea,Euphausiidae,Thysanoessa,present,size fractionated & frozen,NA
IYS:GoA2019_Stn43:bongo:Net2:SS119,IYS_GoA2019_zocc217,Thysanoessa longipes,urn:lsid:marinespecies.org:taxname:237873,110679,NA,"NA",Animalia,Arthropoda,Malacostraca,Euphausiacea,Euphausiidae,Thysanoessa,present,size fractionated & frozen,NA
IYS:GoA2019_Stn43:bongo:Net2:SS119,IYS_GoA2019_zocc218,Thysanoessa longipes,urn:lsid:marinespecies.org:taxname:237873,110679,NA,"NA",Animalia,Arthropoda,Malacostraca,Euphausiacea,Euphausiidae,Thysanoessa,present,size fractionated & frozen,NA
IYS:GoA2019_Stn43:bongo:Net2:SS119,IYS_GoA2019_zocc219,Thysanoessa longipes,urn:lsid:marinespecies.org:taxname:237873,110679,NA,"NA",Animalia,Arthropoda,Malacostraca,Euphausiacea,Euphausiidae,Thysanoessa,present,size fractionated & frozen,NA
IYS:GoA2019_Stn43:bongo:Net2:SS120,IYS_GoA2019_zocc220,Euphausia pacifica,urn:lsid:marinespecies.org:taxname:237851,110673,NA,"NA",Animalia,Arthropoda,Malacostraca,Euphausiacea,Euphausiidae,Euphausia,present,size fractionated & frozen,NA
IYS:GoA2019_Stn43:bongo:Net2:SS121,IYS_GoA2019_zocc221,Myctophidae,urn:lsid:marinespecies.org:taxname:125498,10309,NA,Larvae,Animalia,Chordata,Actinopterygii,Myctophiformes,Myctophidae,NA,present,size fractionated & frozen,NA
IYS:GoA2019_Stn44:bongo:Net1:22025.0,IYS_GoA2019_zocc222,Neocalanus cristatus,urn:lsid:marinespecies.org:taxname:104470,104155,NA,CV,Animalia,Arthropoda,Hexanauplia,Calanoida,Calanidae,Neocalanus,present,formalin,NA
IYS:GoA2019_Stn44:bongo:Net2:SS123,IYS_GoA2019_zocc223,Euphausia pacifica,urn:lsid:marinespecies.org:taxname:237851,110673,NA,"NA",Animalia,Arthropoda,Malacostraca,Euphausiacea,Euphausiidae,Euphausia,present,size fractionated & frozen,NA
IYS:GoA2019_Stn44:bongo:Net2:SS124,IYS_GoA2019_zocc224,Sagittoidea,urn:lsid:marinespecies.org:taxname:5949,2081,NA,"NA",Animalia,Chaetognatha,Sagittoidea,NA,NA,NA,present,size fractionated & frozen,NA
IYS:GoA2019_Stn44:bongo:Net2:SS125,IYS_GoA2019_zocc225,Radiozoa,urn:lsid:marinespecies.org:taxname:582421,582420,NA,"NA",Chromista,Radiozoa,NA,NA,NA,NA,present,size fractionated & frozen,NA
IYS:GoA2019_Stn44:bongo:Net2:SS126,IYS_GoA2019_zocc226,Euphausia pacifica,urn:lsid:marinespecies.org:taxname:237851,110673,NA,"NA",Animalia,Arthropoda,Malacostraca,Euphausiacea,Euphausiidae,Euphausia,present,size fractionated & frozen,NA
IYS:GoA2019_Stn44:bongo:Net2:SS126,IYS_GoA2019_zocc227,Euphausia pacifica,urn:lsid:marinespecies.org:taxname:237851,110673,NA,"NA",Animalia,Arthropoda,Malacostraca,Euphausiacea,Euphausiidae,Euphausia,present,size fractionated & frozen,NA
IYS:GoA2019_Stn44:bongo:Net2:SS127,IYS_GoA2019_zocc228,Neocalanus cristatus,urn:lsid:marinespecies.org:taxname:104470,104155,NA,CV,Animalia,Arthropoda,Hexanauplia,Calanoida,Calanidae,Neocalanus,present,size fractionated & frozen,NA
IYS:GoA2019_Stn44:bongo:Net2:SS128,IYS_GoA2019_zocc229,Neocalanus cristatus,urn:lsid:marinespecies.org:taxname:104470,104155,NA,CV,Animalia,Arthropoda,Hexanauplia,Calanoida,Calanidae,Neocalanus,present,size fractionated & frozen,NA
IYS:GoA2019_Stn44:bongo:Net2:SS129,IYS_GoA2019_zocc230,Neocalanus cristatus,urn:lsid:marinespecies.org:taxname:104470,104155,NA,CV,Animalia,Arthropoda,Hexanauplia,Calanoida,Calanidae,Neocalanus,present,size fractionated & frozen,NA
IYS:GoA2019_Stn44:bongo:Net2:Z678,IYS_GoA2019_zocc231,Aequorea,urn:lsid:marinespecies.org:taxname:116998,13553,NA,"NA",Animalia,Cnidaria,Hydrozoa,Leptothecata,Aequoreidae,Aequorea,present,size fractionated & frozen,NA
IYS:GoA2019_Stn45:bongo:Net1:SS130,IYS_GoA2019_zocc232,Neocalanus cristatus,urn:lsid:marinespecies.org:taxname:104470,104155,NA,CV,Animalia,Arthropoda,Hexanauplia,Calanoida,Calanidae,Neocalanus,present,formalin,NA
IYS:GoA2019_Stn45:bongo:Net1:SS131,IYS_GoA2019_zocc233,Neocalanus cristatus,urn:lsid:marinespecies.org:taxname:104470,104155,NA,CV,Animalia,Arthropoda,Hexanauplia,Calanoida,Calanidae,Neocalanus,present,formalin,NA
IYS:GoA2019_Stn45:bongo:Net1:SS132,IYS_GoA2019_zocc234,Neocalanus cristatus,urn:lsid:marinespecies.org:taxname:104470,104155,NA,CV,Animalia,Arthropoda,Hexanauplia,Calanoida,Calanidae,Neocalanus,present,formalin,NA
IYS:GoA2019_Stn46:bongo:Net1:SS142,IYS_GoA2019_zocc239,Neocalanus cristatus,urn:lsid:marinespecies.org:taxname:104470,104155,NA,CV,Animalia,Arthropoda,Hexanauplia,Calanoida,Calanidae,Neocalanus,present,formalin,NA
IYS:GoA2019_Stn46:bongo:Net1:SS143,IYS_GoA2019_zocc240,Neocalanus cristatus,urn:lsid:marinespecies.org:taxname:104470,104155,NA,CV,Animalia,Arthropoda,Hexanauplia,Calanoida,Calanidae,Neocalanus,present,formalin,NA
IYS:GoA2019_Stn46:bongo:Net1:SS144,IYS_GoA2019_zocc241,Neocalanus cristatus,urn:lsid:marinespecies.org:taxname:104470,104155,NA,CV,Animalia,Arthropoda,Hexanauplia,Calanoida,Calanidae,Neocalanus,present,formalin,NA
IYS:GoA2019_Stn46:bongo:Net2:SL10,IYS_GoA2019_zocc242,Sagittoidea,urn:lsid:marinespecies.org:taxname:5949,2081,NA,Solitary,Animalia,Chaetognatha,Sagittoidea,NA,NA,NA,present,size fractionated & frozen,NA
IYS:GoA2019_Stn46:bongo:Net2:SS135,IYS_GoA2019_zocc243,Eusergestes similis,urn:lsid:marinespecies.org:taxname:514127,513958,NA,Solitary,Animalia,Arthropoda,Malacostraca,Decapoda,Sergestidae,Eusergestes,present,size fractionated & frozen,NA
IYS:GoA2019_Stn46:bongo:Net2:SS136,IYS_GoA2019_zocc244,Primnoa pacifica,urn:lsid:marinespecies.org:taxname:286539,125321,NA,Solitary,Animalia,Cnidaria,Anthozoa,Alcyonacea,Primnoidae,Primnoa,present,size fractionated & frozen,NA
IYS:GoA2019_Stn46:bongo:Net2:SS137,IYS_GoA2019_zocc245,Clio pyramidata,urn:lsid:marinespecies.org:taxname:139033,137751,NA,Solitary,Animalia,Mollusca,Gastropoda,Pteropoda,Cliidae,Clio,present,size fractionated & frozen,NA
IYS:GoA2019_Stn46:bongo:Net2:SS138,IYS_GoA2019_zocc246,Sagittoidea,urn:lsid:marinespecies.org:taxname:5949,2081,NA,Solitary,Animalia,Chaetognatha,Sagittoidea,NA,NA,NA,present,size fractionated & frozen,NA
IYS:GoA2019_Stn46:bongo:Net2:SS140,IYS_GoA2019_zocc247,Japetella diaphana,urn:lsid:marinespecies.org:taxname:138849,137695,NA,juvenile,Animalia,Mollusca,Cephalopoda,Octopoda,Amphitretidae,Japetella,present,size fractionated & frozen,NA
IYS:GoA2019_Stn46:bongo:Net2:SS141,IYS_GoA2019_zocc248,Eusergestes similis,urn:lsid:marinespecies.org:taxname:514127,513958,NA,Solitary,Animalia,Arthropoda,Malacostraca,Decapoda,Sergestidae,Eusergestes,present,size fractionated & frozen,NA
IYS:GoA2019_Stn46:bongo:Net2:ZL01,IYS_GoA2019_zocc249,Salpa aspera,urn:lsid:marinespecies.org:taxname:137270,137233,NA,Solitary,Animalia,Chordata,Thaliacea,Salpida,Salpidae,Salpa,present,size fractionated & frozen,NA
IYS:GoA2019_Stn47:bongo:Net1:SS145,IYS_GoA2019_zocc250,Clio pyramidata,urn:lsid:marinespecies.org:taxname:139033,137751,NA,"NA",Animalia,Mollusca,Gastropoda,Pteropoda,Cliidae,Clio,present,formalin,NA
IYS:GoA2019_Stn49:bongo:Net2:SS146,IYS_GoA2019_zocc251,Thysanoessa,urn:lsid:marinespecies.org:taxname:110679,110671,female,adult,Animalia,Arthropoda,Malacostraca,Euphausiacea,Euphausiidae,Thysanoessa,present,size fractionated & frozen,NA
IYS:GoA2019_Stn49:bongo:Net2:SS147,IYS_GoA2019_zocc252,Euphausia pacifica,urn:lsid:marinespecies.org:taxname:237851,110673,NA,"NA",Animalia,Arthropoda,Malacostraca,Euphausiacea,Euphausiidae,Euphausia,present,size fractionated & frozen,NA
IYS:GoA2019_Stn49:bongo:Net2:SS148,IYS_GoA2019_zocc253,Euphausia pacifica,urn:lsid:marinespecies.org:taxname:237851,110673,NA,"NA",Animalia,Arthropoda,Malacostraca,Euphausiacea,Euphausiidae,Euphausia,present,size fractionated & frozen,NA
IYS:GoA2019_Stn49:bongo:Net2:SS149,IYS_GoA2019_zocc254,Paraeuchaeta,urn:lsid:marinespecies.org:taxname:196874,104086,NA,"NA",Animalia,Arthropoda,Hexanauplia,Calanoida,Euchaetidae,Paraeuchaeta,present,size fractionated & frozen,NA
IYS:GoA2019_Stn49:bongo:Net2:SS150,IYS_GoA2019_zocc255,Paraeuchaeta,urn:lsid:marinespecies.org:taxname:196874,104086,NA,"NA",Animalia,Arthropoda,Hexanauplia,Calanoida,Euchaetidae,Paraeuchaeta,present,size fractionated & frozen,NA
IYS:GoA2019_Stn50:bongo:Net2:SS152,IYS_GoA2019_zocc256,Neocalanus cristatus,urn:lsid:marinespecies.org:taxname:104470,104155,NA,"NA",Animalia,Arthropoda,Hexanauplia,Calanoida,Calanidae,Neocalanus,present,size fractionated & frozen,NA
IYS:GoA2019_Stn50:bongo:Net2:SS153,IYS_GoA2019_zocc257,Thysanoessa,urn:lsid:marinespecies.org:taxname:110679,110671,NA,"NA",Animalia,Arthropoda,Malacostraca,Euphausiacea,Euphausiidae,Thysanoessa,present,size fractionated & frozen,NA
IYS:GoA2019_Stn50:bongo:Net2:SS154,IYS_GoA2019_zocc258,Neocalanus cristatus,urn:lsid:marinespecies.org:taxname:104470,104155,NA,"NA",Animalia,Arthropoda,Hexanauplia,Calanoida,Calanidae,Neocalanus,present,size fractionated & frozen,NA
IYS:GoA2019_Stn50:bongo:Net2:SS155,IYS_GoA2019_zocc259,Gastropoda,urn:lsid:marinespecies.org:taxname:101,51,NA,Veliger,Animalia,Mollusca,Gastropoda,NA,NA,NA,present,size fractionated & frozen,NA
IYS:GoA2019_Stn50:bongo:Net2:SS156,IYS_GoA2019_zocc260,Siphonophorae,urn:lsid:marinespecies.org:taxname:1371,19494,NA,"NA",Animalia,Cnidaria,Hydrozoa,Siphonophorae,NA,NA,present,size fractionated & frozen,NA
IYS:GoA2019_Stn53:bongo:Net2:SS158,IYS_GoA2019_zocc261,Neocalanus cristatus,urn:lsid:marinespecies.org:taxname:104470,104155,NA,"NA",Animalia,Arthropoda,Hexanauplia,Calanoida,Calanidae,Neocalanus,present,size fractionated & frozen,NA
IYS:GoA2019_Stn53:bongo:Net2:SS159,IYS_GoA2019_zocc262,Neocalanus cristatus,urn:lsid:marinespecies.org:taxname:104470,104155,NA,"NA",Animalia,Arthropoda,Hexanauplia,Calanoida,Calanidae,Neocalanus,present,size fractionated & frozen,NA
IYS:GoA2019_Stn54:bongo:Net1:SS165,IYS_GoA2019_zocc263,Primnoa pacifica,urn:lsid:marinespecies.org:taxname:286539,125321,NA,"NA",Animalia,Cnidaria,Anthozoa,Alcyonacea,Primnoidae,Primnoa,present,formalin,NA
IYS:GoA2019_Stn54:bongo:Net2:22026.0,IYS_GoA2019_zocc264,Euphausia pacifica,urn:lsid:marinespecies.org:taxname:237851,110673,NA,"NA",Animalia,Arthropoda,Malacostraca,Euphausiacea,Euphausiidae,Euphausia,present,size fractionated & frozen,NA
IYS:GoA2019_Stn54:bongo:Net2:SS160,IYS_GoA2019_zocc265,Tarletonbeania crenularis,urn:lsid:marinespecies.org:taxname:282927,271040,NA,"NA",Animalia,Chordata,Actinopterygii,Myctophiformes,Myctophidae,Tarletonbeania,present,size fractionated & frozen,NA
IYS:GoA2019_Stn54:bongo:Net2:SS161,IYS_GoA2019_zocc266,Euphausia pacifica,urn:lsid:marinespecies.org:taxname:237851,110673,NA,"NA",Animalia,Arthropoda,Malacostraca,Euphausiacea,Euphausiidae,Euphausia,present,size fractionated & frozen,NA
IYS:GoA2019_Stn54:bongo:Net2:SS162,IYS_GoA2019_zocc267,Euphausia pacifica,urn:lsid:marinespecies.org:taxname:237851,110673,NA,"NA",Animalia,Arthropoda,Malacostraca,Euphausiacea,Euphausiidae,Euphausia,present,size fractionated & frozen,NA
IYS:GoA2019_Stn54:bongo:Net2:SS163,IYS_GoA2019_zocc268,Euphausia pacifica,urn:lsid:marinespecies.org:taxname:237851,110673,NA,"NA",Animalia,Arthropoda,Malacostraca,Euphausiacea,Euphausiidae,Euphausia,present,size fractionated & frozen,NA
IYS:GoA2019_Stn54:bongo:Net2:SS164,IYS_GoA2019_zocc269,Siphonophorae,urn:lsid:marinespecies.org:taxname:1371,19494,NA,"NA",Animalia,Cnidaria,Hydrozoa,Siphonophorae,NA,NA,present,size fractionated & frozen,NA
IYS:GoA2019_Stn55:bongo:Net1:SS168,IYS_GoA2019_zocc270,Neocalanus cristatus,urn:lsid:marinespecies.org:taxname:104470,104155,NA,"NA",Animalia,Arthropoda,Hexanauplia,Calanoida,Calanidae,Neocalanus,present,formalin,NA
IYS:GoA2019_Stn55:bongo:Net2:SS166,IYS_GoA2019_zocc271,Neocalanus cristatus,urn:lsid:marinespecies.org:taxname:104470,104155,NA,"NA",Animalia,Arthropoda,Hexanauplia,Calanoida,Calanidae,Neocalanus,present,size fractionated & frozen,NA
IYS:GoA2019_Stn55:bongo:Net2:SS167,IYS_GoA2019_zocc272,Siphonophorae,urn:lsid:marinespecies.org:taxname:1371,19494,NA,"NA",Animalia,Cnidaria,Hydrozoa,Siphonophorae,NA,NA,present,size fractionated & frozen,NA
IYS:GoA2019_Stn56:bongo:Net2:22027.0,IYS_GoA2019_zocc273,Euphausia pacifica,urn:lsid:marinespecies.org:taxname:237851,110673,NA,"NA",Animalia,Arthropoda,Malacostraca,Euphausiacea,Euphausiidae,Euphausia,present,size fractionated & frozen,NA
IYS:GoA2019_Stn56:bongo:Net2:SS169,IYS_GoA2019_zocc274,Thysanoessa,urn:lsid:marinespecies.org:taxname:110679,110671,NA,"NA",Animalia,Arthropoda,Malacostraca,Euphausiacea,Euphausiidae,Thysanoessa,present,size fractionated & frozen,NA
IYS:GoA2019_Stn56:bongo:Net2:SS170,IYS_GoA2019_zocc275,Thysanoessa,urn:lsid:marinespecies.org:taxname:110679,110671,NA,"NA",Animalia,Arthropoda,Malacostraca,Euphausiacea,Euphausiidae,Thysanoessa,present,size fractionated & frozen,NA
IYS:GoA2019_Stn56:bongo:Net2:SS171,IYS_GoA2019_zocc276,Euphausia pacifica,urn:lsid:marinespecies.org:taxname:237851,110673,NA,"NA",Animalia,Arthropoda,Malacostraca,Euphausiacea,Euphausiidae,Euphausia,present,size fractionated & frozen,NA
IYS:GoA2019_Stn56:bongo:Net2:SS172,IYS_GoA2019_zocc277,Euphausia pacifica,urn:lsid:marinespecies.org:taxname:237851,110673,NA,"NA",Animalia,Arthropoda,Malacostraca,Euphausiacea,Euphausiidae,Euphausia,present,size fractionated & frozen,NA
IYS:GoA2019_Stn56:bongo:Net2:SS173,IYS_GoA2019_zocc278,Limacina helicina,urn:lsid:marinespecies.org:taxname:140223,138122,NA,"NA",Animalia,Mollusca,Gastropoda,Pteropoda,Limacinidae,Limacina,present,size fractionated & frozen,NA
IYS:GoA2019_Stn56:bongo:Net2:SS174,IYS_GoA2019_zocc279,Paraeuchaeta,urn:lsid:marinespecies.org:taxname:196874,104086,NA,"NA",Animalia,Arthropoda,Hexanauplia,Calanoida,Euchaetidae,Paraeuchaeta,present,size fractionated & frozen,NA
IYS:GoA2019_Stn56:bongo:Net2:Z912,IYS_GoA2019_zocc280,Aequorea,urn:lsid:marinespecies.org:taxname:116998,13553,NA,"NA",Animalia,Cnidaria,Hydrozoa,Leptothecata,Aequoreidae,Aequorea,present,size fractionated & frozen,NA
IYS:GoA2019_Stn57:bongo:Net2:SS175,IYS_GoA2019_zocc281,Primnoa pacifica,urn:lsid:marinespecies.org:taxname:286539,125321,NA,"NA",Animalia,Cnidaria,Anthozoa,Alcyonacea,Primnoidae,Primnoa,present,size fractionated & frozen,NA
IYS:GoA2019_Stn57:bongo:Net2:SS176,IYS_GoA2019_zocc282,Sagittoidea,urn:lsid:marinespecies.org:taxname:5949,2081,NA,"NA",Animalia,Chaetognatha,Sagittoidea,NA,NA,NA,present,size fractionated & frozen,NA
IYS:GoA2019_Stn57:bongo:Net2:SS176,IYS_GoA2019_zocc283,Sagittoidea,urn:lsid:marinespecies.org:taxname:5949,2081,NA,"NA",Animalia,Chaetognatha,Sagittoidea,NA,NA,NA,present,size fractionated & frozen,NA
IYS:GoA2019_Stn57:bongo:Net2:SS176,IYS_GoA2019_zocc284,Sagittoidea,urn:lsid:marinespecies.org:taxname:5949,2081,NA,"NA",Animalia,Chaetognatha,Sagittoidea,NA,NA,NA,present,size fractionated & frozen,NA
IYS:GoA2019_Stn57:bongo:Net2:SS176,IYS_GoA2019_zocc285,Sagittoidea,urn:lsid:marinespecies.org:taxname:5949,2081,NA,"NA",Animalia,Chaetognatha,Sagittoidea,NA,NA,NA,present,size fractionated & frozen,NA
IYS:GoA2019_Stn57:bongo:Net2:SS177,IYS_GoA2019_zocc286,Hydrozoa,urn:lsid:marinespecies.org:taxname:1337,1267,NA,Hydromedusae,Animalia,Cnidaria,Hydrozoa,NA,NA,NA,present,size fractionated & frozen,NA
IYS:GoA2019_Stn57:bongo:Net2:SS178,IYS_GoA2019_zocc287,Hydrozoa,urn:lsid:marinespecies.org:taxname:1337,1267,NA,Hydromedusae,Animalia,Cnidaria,Hydrozoa,NA,NA,NA,present,size fractionated & frozen,NA
IYS:GoA2019_Stn57:bongo:Net2:SS179,IYS_GoA2019_zocc288,Phronima sedentaria,urn:lsid:marinespecies.org:taxname:103272,101804,NA,"NA",Animalia,Arthropoda,Malacostraca,Amphipoda,Phronimidae,Phronima,present,size fractionated & frozen,NA
IYS:GoA2019_Stn57:bongo:Net2:SS180,IYS_GoA2019_zocc289,Limacina helicina,urn:lsid:marinespecies.org:taxname:140223,138122,NA,"NA",Animalia,Mollusca,Gastropoda,Pteropoda,Limacinidae,Limacina,present,size fractionated & frozen,NA
IYS:GoA2019_Stn57:bongo:Net2:SS181,IYS_GoA2019_zocc290,Neocalanus cristatus,urn:lsid:marinespecies.org:taxname:104470,104155,NA,"NA",Animalia,Arthropoda,Hexanauplia,Calanoida,Calanidae,Neocalanus,present,size fractionated & frozen,NA
IYS:GoA2019_Stn58:bongo:Net2:Z917,IYS_GoA2019_zocc291,Eusergestes similis,urn:lsid:marinespecies.org:taxname:514127,513958,NA,Solitary,Animalia,Arthropoda,Malacostraca,Decapoda,Sergestidae,Eusergestes,present,size fractionated & frozen,NA
IYS:GoA2019_Stn59:bongo:Net2:SS183,IYS_GoA2019_zocc292,Eusergestes similis,urn:lsid:marinespecies.org:taxname:514127,513958,NA,"NA",Animalia,Arthropoda,Malacostraca,Decapoda,Sergestidae,Eusergestes,present,size fractionated & frozen,NA
IYS:GoA2019_Stn59:bongo:Net2:SS184,IYS_GoA2019_zocc293,Eusergestes similis,urn:lsid:marinespecies.org:taxname:514127,513958,NA,"NA",Animalia,Arthropoda,Malacostraca,Decapoda,Sergestidae,Eusergestes,present,size fractionated & frozen,NA
IYS:GoA2019_Stn59:bongo:Net2:SS185,IYS_GoA2019_zocc294,Siphonophorae,urn:lsid:marinespecies.org:taxname:1371,19494,NA,"NA",Animalia,Cnidaria,Hydrozoa,Siphonophorae,NA,NA,present,size fractionated & frozen,NA
IYS:GoA2019_Stn59:bongo:Net2:SS185,IYS_GoA2019_zocc295,Siphonophorae,urn:lsid:marinespecies.org:taxname:1371,19494,NA,"NA",Animalia,Cnidaria,Hydrozoa,Siphonophorae,NA,NA,present,size fractionated & frozen,NA
IYS:GoA2019_Stn59:bongo:Net2:SS186,IYS_GoA2019_zocc296,Euphausia pacifica,urn:lsid:marinespecies.org:taxname:237851,110673,NA,"NA",Animalia,Arthropoda,Malacostraca,Euphausiacea,Euphausiidae,Euphausia,present,size fractionated & frozen,NA
IYS:GoA2019_Stn59:bongo:Net2:SS187,IYS_GoA2019_zocc297,Thysanoessa,urn:lsid:marinespecies.org:taxname:110679,110671,NA,"NA",Animalia,Arthropoda,Malacostraca,Euphausiacea,Euphausiidae,Thysanoessa,present,size fractionated & frozen,NA
IYS:GoA2019_Stn60:bongo:Net2:SS188,IYS_GoA2019_zocc298,Eusergestes similis,urn:lsid:marinespecies.org:taxname:514127,513958,NA,"NA",Animalia,Arthropoda,Malacostraca,Decapoda,Sergestidae,Eusergestes,present,size fractionated & frozen,NA
IYS:GoA2019_Stn60:bongo:Net2:SS189,IYS_GoA2019_zocc299,Eusergestes similis,urn:lsid:marinespecies.org:taxname:514127,513958,NA,"NA",Animalia,Arthropoda,Malacostraca,Decapoda,Sergestidae,Eusergestes,present,size fractionated & frozen,NA
IYS:GoA2019_Stn60:bongo:Net2:SS190,IYS_GoA2019_zocc300,Eusergestes similis,urn:lsid:marinespecies.org:taxname:514127,513958,NA,"NA",Animalia,Arthropoda,Malacostraca,Decapoda,Sergestidae,Eusergestes,present,size fractionated & frozen,NA
IYS:GoA2019_Stn60:bongo:Net2:SS191,IYS_GoA2019_zocc301,Lensia,urn:lsid:marinespecies.org:taxname:135365,151532,NA,"NA",Animalia,Cnidaria,Hydrozoa,Siphonophorae,Diphyidae,Lensia,present,size fractionated & frozen,NA
IYS:GoA2019_Stn60:bongo:Net2:SS192,IYS_GoA2019_zocc302,Phronima sedentaria,urn:lsid:marinespecies.org:taxname:103272,101804,NA,"NA",Animalia,Arthropoda,Malacostraca,Amphipoda,Phronimidae,Phronima,present,size fractionated & frozen,NA
IYS:GoA2019_Stn31:bongo:Net2:SS81,IYS_GoA2019_zocc165,Sagittoidea,urn:lsid:marinespecies.org:taxname:5949,2081,NA,"NA",Animalia,Chaetognatha,Sagittoidea,NA,NA,NA,present,size fractionated & frozen,NA
IYS:GoA2019_Stn31:bongo:Net2:SS81,IYS_GoA2019_zocc166,Euphausia pacifica,urn:lsid:marinespecies.org:taxname:237851,110673,NA,"NA",Animalia,Arthropoda,Malacostraca,Euphausiacea,Euphausiidae,Euphausia,present,size fractionated & frozen,NA
IYS:GoA2019_Stn31:bongo:Net2:SS81,IYS_GoA2019_zocc167,Euphausia pacifica,urn:lsid:marinespecies.org:taxname:237851,110673,NA,"NA",Animalia,Arthropoda,Malacostraca,Euphausiacea,Euphausiidae,Euphausia,present,size fractionated & frozen,NA
IYS:GoA2019_Stn31:bongo:Net2:SS81,IYS_GoA2019_zocc168,Euphausia pacifica,urn:lsid:marinespecies.org:taxname:237851,110673,NA,"NA",Animalia,Arthropoda,Malacostraca,Euphausiacea,Euphausiidae,Euphausia,present,size fractionated & frozen,NA
IYS:GoA2019_Stn31:bongo:Net2:SS81,IYS_GoA2019_zocc169,Euphausia pacifica,urn:lsid:marinespecies.org:taxname:237851,110673,NA,"NA",Animalia,Arthropoda,Malacostraca,Euphausiacea,Euphausiidae,Euphausia,present,size fractionated & frozen,NA
IYS:GoA2019_Stn31:bongo:Net2:SS81,IYS_GoA2019_zocc170,Euphausia pacifica,urn:lsid:marinespecies.org:taxname:237851,110673,NA,"NA",Animalia,Arthropoda,Malacostraca,Euphausiacea,Euphausiidae,Euphausia,present,size fractionated & frozen,NA
IYS:GoA2019_Stn31:bongo:Net2:SS81,IYS_GoA2019_zocc171,Thysanoessa spinifera,urn:lsid:marinespecies.org:taxname:237874,110679,NA,"NA",Animalia,Arthropoda,Malacostraca,Euphausiacea,Euphausiidae,Thysanoessa,present,size fractionated & frozen,NA
IYS:GoA2019_Stn31:bongo:Net2:SS81,IYS_GoA2019_zocc172,Thysanoessa spinifera,urn:lsid:marinespecies.org:taxname:237874,110679,NA,"NA",Animalia,Arthropoda,Malacostraca,Euphausiacea,Euphausiidae,Thysanoessa,present,size fractionated & frozen,NA
IYS:GoA2019_Stn45:bongo:Net2:SS133,IYS_GoA2019_zocc235,Animalia,urn:lsid:marinespecies.org:taxname:2,1,NA,"NA",Animalia,NA,NA,NA,NA,NA,present,size fractionated & frozen,NA
IYS:GoA2019_Stn45:bongo:Net2:SS133,IYS_GoA2019_zocc236,Sagittoidea,urn:lsid:marinespecies.org:taxname:5949,2081,NA,"NA",Animalia,Chaetognatha,Sagittoidea,NA,NA,NA,present,size fractionated & frozen,NA
IYS:GoA2019_Stn45:bongo:Net2:SS133,IYS_GoA2019_zocc237,Sagittoidea,urn:lsid:marinespecies.org:taxname:5949,2081,NA,"NA",Animalia,Chaetognatha,Sagittoidea,NA,NA,NA,present,size fractionated & frozen,NA
IYS:GoA2019_Stn45:bongo:Net2:SS133,IYS_GoA2019_zocc238,Sagittoidea,urn:lsid:marinespecies.org:taxname:5949,2081,NA,"NA",Animalia,Chaetognatha,Sagittoidea,NA,NA,NA,present,size fractionated & frozen,NA
