eventID,occurrenceID,scientificName,scientificNameID,kingdom,phylum,class,order,family,genus,occurrenceStatus,Preparations,organismQuantity,organismQuantityType,stage,lifeStage,sex,reproductiveCondition,occurrenceRemarks
GoA2019_Stn5:bongo:Net2:S50,IYS_GoA2019_zocc1,Sergestes similis,urn:lsid:marinespecies.org:taxname:514127,Animalia,Arthropoda,Malacostraca,Decapoda,Sergestidae,Eusergestes,present,size fractionated & frozen,1,individuals,NA,http://vocab.nerc.ac.uk/collection/S11/current/S1131/,NA,NA,NA
GoA2019_Stn5:bongo:Net2:S51,IYS_GoA2019_zocc2,Euphausia pacifica,urn:lsid:marinespecies.org:taxname:237851,Animalia,Arthropoda,Malacostraca,Euphausiacea,Euphausiidae,Euphausia,present,size fractionated & frozen,1,individuals,NA,http://vocab.nerc.ac.uk/collection/S11/current/S1131/,NA,NA,NA
GoA2019_Stn5:bongo:Net2:S52,IYS_GoA2019_zocc3,Euphausia pacifica,urn:lsid:marinespecies.org:taxname:237851,Animalia,Arthropoda,Malacostraca,Euphausiacea,Euphausiidae,Euphausia,present,size fractionated & frozen,1,individuals,NA,http://vocab.nerc.ac.uk/collection/S11/current/S1131/,NA,NA,NA
GoA2019_Stn5:bongo:Net2:S53,IYS_GoA2019_zocc4,Thysanoessa spinifera,urn:lsid:marinespecies.org:taxname:237874,Animalia,Arthropoda,Malacostraca,Euphausiacea,Euphausiidae,Thysanoessa,present,size fractionated & frozen,1,individuals,NA,http://vocab.nerc.ac.uk/collection/S11/current/S1131/,NA,NA,NA
GoA2019_Stn5:bongo:Net2:S54,IYS_GoA2019_zocc5,Thysanoessa spinifera,urn:lsid:marinespecies.org:taxname:237874,Animalia,Arthropoda,Malacostraca,Euphausiacea,Euphausiidae,Thysanoessa,present,size fractionated & frozen,1,individuals,NA,http://vocab.nerc.ac.uk/collection/S11/current/S1131/,NA,NA,NA
GoA2019_Stn10:bongo:Net1:Petri dish,IYS_GoA2019_zocc6,Salpa aspera,urn:lsid:marinespecies.org:taxname:137270,Animalia,Chordata,Thaliacea,Salpida,Salpidae,Salpa,present,formalin,1,individuals,2,http://vocab.nerc.ac.uk/collection/S11/current/S1165/,NA,NA,NA
GoA2019_Stn10:bongo:Net1:Petri dish,IYS_GoA2019_zocc7,Salpa aspera,urn:lsid:marinespecies.org:taxname:137270,Animalia,Chordata,Thaliacea,Salpida,Salpidae,Salpa,present,formalin,1,individuals,Spent, ,NA,NA,Spent
GoA2019_Stn10:bongo:Net1:Petri dish,IYS_GoA2019_zocc8,Salpa aspera,urn:lsid:marinespecies.org:taxname:137270,Animalia,Chordata,Thaliacea,Salpida,Salpidae,Salpa,present,formalin,1,individuals,4,http://vocab.nerc.ac.uk/collection/S11/current/S1165/,NA,NA,NA
GoA2019_Stn10:bongo:Net1:Petri dish,IYS_GoA2019_zocc9,Salpa aspera,urn:lsid:marinespecies.org:taxname:137270,Animalia,Chordata,Thaliacea,Salpida,Salpidae,Salpa,present,formalin,1,individuals,4,http://vocab.nerc.ac.uk/collection/S11/current/S1165/,NA,NA,NA
GoA2019_Stn10:bongo:Net1:Petri dish,IYS_GoA2019_zocc10,Salpa aspera,urn:lsid:marinespecies.org:taxname:137270,Animalia,Chordata,Thaliacea,Salpida,Salpidae,Salpa,present,formalin,1,individuals,Spent, ,NA,NA,Spent
GoA2019_Stn10:bongo:Net1:Petri dish,IYS_GoA2019_zocc11,Salpa aspera,urn:lsid:marinespecies.org:taxname:137270,Animalia,Chordata,Thaliacea,Salpida,Salpidae,Salpa,present,formalin,1,individuals,Spent, ,NA,NA,Spent
GoA2019_Stn10:bongo:Net1:Petri dish,IYS_GoA2019_zocc12,Salpa aspera,urn:lsid:marinespecies.org:taxname:137270,Animalia,Chordata,Thaliacea,Salpida,Salpidae,Salpa,present,formalin,1,individuals,Spent, ,NA,NA,Spent
GoA2019_Stn10:bongo:Net1:Petri dish,IYS_GoA2019_zocc13,Salpa aspera,urn:lsid:marinespecies.org:taxname:137270,Animalia,Chordata,Thaliacea,Salpida,Salpidae,Salpa,present,formalin,1,individuals,Spent, ,NA,NA,Spent
GoA2019_Stn10:bongo:Net1:Petri dish,IYS_GoA2019_zocc14,Salpa aspera,urn:lsid:marinespecies.org:taxname:137270,Animalia,Chordata,Thaliacea,Salpida,Salpidae,Salpa,present,formalin,1,individuals,Spent, ,NA,NA,Spent
GoA2019_Stn10:bongo:Net1:Petri dish,IYS_GoA2019_zocc15,Salpa aspera,urn:lsid:marinespecies.org:taxname:137270,Animalia,Chordata,Thaliacea,Salpida,Salpidae,Salpa,present,formalin,1,individuals,4,http://vocab.nerc.ac.uk/collection/S11/current/S1165/,NA,NA,NA
GoA2019_Stn10:bongo:Net1:Petri dish,IYS_GoA2019_zocc16,Salpa aspera,urn:lsid:marinespecies.org:taxname:137270,Animalia,Chordata,Thaliacea,Salpida,Salpidae,Salpa,present,formalin,1,individuals,Spent, ,NA,NA,Spent
GoA2019_Stn10:bongo:Net1:Petri dish,IYS_GoA2019_zocc17,Salpa aspera,urn:lsid:marinespecies.org:taxname:137270,Animalia,Chordata,Thaliacea,Salpida,Salpidae,Salpa,present,formalin,1,individuals,Spent, ,NA,NA,Spent
GoA2019_Stn11:bongo:Net1:Petri dish,IYS_GoA2019_zocc18,Salpa aspera,urn:lsid:marinespecies.org:taxname:137270,Animalia,Chordata,Thaliacea,Salpida,Salpidae,Salpa,present,formalin,3,individuals,NA,http://vocab.nerc.ac.uk/collection/S11/current/S1131/,NA,NA,NA
GoA2019_Stn11:bongo:Net1:Petri dish,IYS_GoA2019_zocc19,Salpa aspera,urn:lsid:marinespecies.org:taxname:137270,Animalia,Chordata,Thaliacea,Salpida,Salpidae,Salpa,present,formalin,3,individuals,NA,http://vocab.nerc.ac.uk/collection/S11/current/S1131/,NA,NA,NA
GoA2019_Stn11:bongo:Net1:Petri dish,IYS_GoA2019_zocc20,Salpa aspera,urn:lsid:marinespecies.org:taxname:137270,Animalia,Chordata,Thaliacea,Salpida,Salpidae,Salpa,present,formalin,4,individuals,NA,http://vocab.nerc.ac.uk/collection/S11/current/S1131/,NA,NA,NA
GoA2019_Stn11:bongo:Net1:Petri dish,IYS_GoA2019_zocc21,Salpa aspera,urn:lsid:marinespecies.org:taxname:137270,Animalia,Chordata,Thaliacea,Salpida,Salpidae,Salpa,present,formalin,3,individuals,NA,http://vocab.nerc.ac.uk/collection/S11/current/S1131/,NA,NA,NA
GoA2019_Stn11:bongo:Net1:S109,IYS_GoA2019_zocc22,Euphausia pacifica,urn:lsid:marinespecies.org:taxname:237851,Animalia,Arthropoda,Malacostraca,Euphausiacea,Euphausiidae,Euphausia,present,formalin,1,individuals,NA,http://vocab.nerc.ac.uk/collection/S11/current/S1131/,NA,NA,NA
GoA2019_Stn11:bongo:Net1:S110,IYS_GoA2019_zocc23,Euphausia pacifica,urn:lsid:marinespecies.org:taxname:237851,Animalia,Arthropoda,Malacostraca,Euphausiacea,Euphausiidae,Euphausia,present,formalin,1,individuals,NA,http://vocab.nerc.ac.uk/collection/S11/current/S1131/,NA,NA,NA
GoA2019_Stn11:bongo:Net1:S111,IYS_GoA2019_zocc24,Neocalanus cristatus,urn:lsid:marinespecies.org:taxname:104470,Animalia,Arthropoda,Hexanauplia,Calanoida,Calanidae,Neocalanus,present,formalin,1,individuals,NA,http://vocab.nerc.ac.uk/collection/S11/current/S1131/,NA,NA,NA
GoA2019_Stn11:bongo:Net1:S112,IYS_GoA2019_zocc25,Neocalanus cristatus,urn:lsid:marinespecies.org:taxname:104470,Animalia,Arthropoda,Hexanauplia,Calanoida,Calanidae,Neocalanus,present,formalin,1,individuals,NA,http://vocab.nerc.ac.uk/collection/S11/current/S1131/,NA,NA,NA
GoA2019_Stn11:bongo:Net1:S113,IYS_GoA2019_zocc26,Neocalanus cristatus,urn:lsid:marinespecies.org:taxname:104470,Animalia,Arthropoda,Hexanauplia,Calanoida,Calanidae,Neocalanus,present,formalin,1,individuals,NA,http://vocab.nerc.ac.uk/collection/S11/current/S1131/,NA,NA,NA
GoA2019_Stn11:bongo:Net2:22000.0,IYS_GoA2019_zocc27,Thysanoessa spinifera,urn:lsid:marinespecies.org:taxname:237874,Animalia,Arthropoda,Malacostraca,Euphausiacea,Euphausiidae,Thysanoessa,present,size fractionated & frozen,1,individuals,NA,http://vocab.nerc.ac.uk/collection/S11/current/S1131/,NA,NA,NA
GoA2019_Stn11:bongo:Net2:22001.0,IYS_GoA2019_zocc28,Thysanoessa spinifera,urn:lsid:marinespecies.org:taxname:237874,Animalia,Arthropoda,Malacostraca,Euphausiacea,Euphausiidae,Thysanoessa,present,size fractionated & frozen,1,individuals,NA,http://vocab.nerc.ac.uk/collection/S11/current/S1131/,NA,NA,NA
GoA2019_Stn11:bongo:Net2:22002.0,IYS_GoA2019_zocc29,Thysanoessa spinifera,urn:lsid:marinespecies.org:taxname:237874,Animalia,Arthropoda,Malacostraca,Euphausiacea,Euphausiidae,Thysanoessa,present,size fractionated & frozen,1,individuals,NA,http://vocab.nerc.ac.uk/collection/S11/current/S1131/,NA,NA,NA
GoA2019_Stn11:bongo:Net2:22003.0,IYS_GoA2019_zocc30,Copepod,urn:lsid:marinespecies.org:taxname:1080,Animalia,Arthropoda,Hexanauplia,NA,NA,NA,present,size fractionated & frozen,1,individuals,NA,http://vocab.nerc.ac.uk/collection/S11/current/S1131/,NA,NA,NA
GoA2019_Stn11:bongo:Net2:22004.0,IYS_GoA2019_zocc31,Copepod,urn:lsid:marinespecies.org:taxname:1080,Animalia,Arthropoda,Hexanauplia,NA,NA,NA,present,size fractionated & frozen,1,individuals,NA,http://vocab.nerc.ac.uk/collection/S11/current/S1131/,NA,NA,NA
GoA2019_Stn11:bongo:Net2:22005.0,IYS_GoA2019_zocc32,Copepod,urn:lsid:marinespecies.org:taxname:1080,Animalia,Arthropoda,Hexanauplia,NA,NA,NA,present,size fractionated & frozen,1,individuals,NA,http://vocab.nerc.ac.uk/collection/S11/current/S1131/,NA,NA,NA
GoA2019_Stn11:bongo:Net2:22006.0,IYS_GoA2019_zocc33,Copepod,urn:lsid:marinespecies.org:taxname:1080,Animalia,Arthropoda,Hexanauplia,NA,NA,NA,present,size fractionated & frozen,1,individuals,NA,http://vocab.nerc.ac.uk/collection/S11/current/S1131/,NA,NA,NA
GoA2019_Stn11:bongo:Net2:22007.0,IYS_GoA2019_zocc34,Copepod,urn:lsid:marinespecies.org:taxname:1080,Animalia,Arthropoda,Hexanauplia,NA,NA,NA,present,size fractionated & frozen,1,individuals,NA,http://vocab.nerc.ac.uk/collection/S11/current/S1131/,NA,NA,NA
GoA2019_Stn11:bongo:Net2:S102,IYS_GoA2019_zocc35,Euphausia pacifica,urn:lsid:marinespecies.org:taxname:237851,Animalia,Arthropoda,Malacostraca,Euphausiacea,Euphausiidae,Euphausia,present,size fractionated & frozen,1,individuals,NA,http://vocab.nerc.ac.uk/collection/S11/current/S1131/,NA,NA,NA
GoA2019_Stn11:bongo:Net2:S103,IYS_GoA2019_zocc36,Thysanoessa spinifera,urn:lsid:marinespecies.org:taxname:237874,Animalia,Arthropoda,Malacostraca,Euphausiacea,Euphausiidae,Thysanoessa,present,size fractionated & frozen,1,individuals,NA,http://vocab.nerc.ac.uk/collection/S11/current/S1131/,NA,NA,NA
GoA2019_Stn11:bongo:Net2:S104,IYS_GoA2019_zocc37,Thysanoessa spinifera,urn:lsid:marinespecies.org:taxname:237874,Animalia,Arthropoda,Malacostraca,Euphausiacea,Euphausiidae,Thysanoessa,present,size fractionated & frozen,1,individuals,NA,http://vocab.nerc.ac.uk/collection/S11/current/S1131/,NA,NA,NA
GoA2019_Stn11:bongo:Net2:S105,IYS_GoA2019_zocc38,Cyphocaris,urn:lsid:marinespecies.org:taxname:101603,Animalia,Arthropoda,Malacostraca,Amphipoda,Cyphocarididae,Cyphocaris,present,size fractionated & frozen,1,individuals,NA,http://vocab.nerc.ac.uk/collection/S11/current/S1131/,NA,NA,NA
GoA2019_Stn11:bongo:Net2:S106,IYS_GoA2019_zocc39,Neocalanus cristatus,urn:lsid:marinespecies.org:taxname:104470,Animalia,Arthropoda,Hexanauplia,Calanoida,Calanidae,Neocalanus,present,size fractionated & frozen,1,individuals,NA,http://vocab.nerc.ac.uk/collection/S11/current/S1131/,NA,NA,NA
GoA2019_Stn11:bongo:Net2:S107,IYS_GoA2019_zocc40,Euphausia pacifica,urn:lsid:marinespecies.org:taxname:237851,Animalia,Arthropoda,Malacostraca,Euphausiacea,Euphausiidae,Euphausia,present,size fractionated & frozen,1,individuals,NA,http://vocab.nerc.ac.uk/collection/S11/current/S1131/,NA,NA,NA
GoA2019_Stn11:bongo:Net2:S108,IYS_GoA2019_zocc41,Neocalanus cristatus,urn:lsid:marinespecies.org:taxname:104470,Animalia,Arthropoda,Hexanauplia,Calanoida,Calanidae,Neocalanus,present,size fractionated & frozen,1,individuals,NA,http://vocab.nerc.ac.uk/collection/S11/current/S1131/,NA,NA,NA
GoA2019_Stn13:bongo:Net1:SS1,IYS_GoA2019_zocc42,Neocalanus cristatus,urn:lsid:marinespecies.org:taxname:104470,Animalia,Arthropoda,Hexanauplia,Calanoida,Calanidae,Neocalanus,present,formalin,5,individuals,NA,http://vocab.nerc.ac.uk/collection/S11/current/S1131/,NA,NA,NA
GoA2019_Stn13:bongo:Net1:SS2,IYS_GoA2019_zocc43,Neocalanus cristatus,urn:lsid:marinespecies.org:taxname:104470,Animalia,Arthropoda,Hexanauplia,Calanoida,Calanidae,Neocalanus,present,formalin,5,individuals,NA,http://vocab.nerc.ac.uk/collection/S11/current/S1131/,NA,NA,NA
GoA2019_Stn13:bongo:Net1:SS3,IYS_GoA2019_zocc44,Sergestes similis,urn:lsid:marinespecies.org:taxname:514127,Animalia,Arthropoda,Malacostraca,Decapoda,Sergestidae,Eusergestes,present,formalin,1,individuals,NA,http://vocab.nerc.ac.uk/collection/S11/current/S1131/,NA,NA,NA
GoA2019_Stn13:bongo:Net1:SS4,IYS_GoA2019_zocc45,Sergestes similis,urn:lsid:marinespecies.org:taxname:514127,Animalia,Arthropoda,Malacostraca,Decapoda,Sergestidae,Eusergestes,present,formalin,1,individuals,NA,http://vocab.nerc.ac.uk/collection/S11/current/S1131/,NA,NA,NA
GoA2019_Stn13:bongo:Net1:SS5,IYS_GoA2019_zocc46,Thysanoessa spinifera,urn:lsid:marinespecies.org:taxname:237874,Animalia,Arthropoda,Malacostraca,Euphausiacea,Euphausiidae,Thysanoessa,present,formalin,2,individuals,NA,http://vocab.nerc.ac.uk/collection/S11/current/S1131/,NA,NA,NA
GoA2019_Stn13:bongo:Net1:SS6,IYS_GoA2019_zocc47,Sergestes similis,urn:lsid:marinespecies.org:taxname:514127,Animalia,Arthropoda,Malacostraca,Decapoda,Sergestidae,Eusergestes,present,formalin,1,individuals,NA,http://vocab.nerc.ac.uk/collection/S11/current/S1131/,NA,NA,NA
GoA2019_Stn14:bongo:Net1:SS15,IYS_GoA2019_zocc48,Neocalanus cristatus,urn:lsid:marinespecies.org:taxname:104470,Animalia,Arthropoda,Hexanauplia,Calanoida,Calanidae,Neocalanus,present,formalin,3,individuals,NA,http://vocab.nerc.ac.uk/collection/S11/current/S1131/,NA,NA,NA
GoA2019_Stn14:bongo:Net1:SS16,IYS_GoA2019_zocc49,Neocalanus cristatus,urn:lsid:marinespecies.org:taxname:104470,Animalia,Arthropoda,Hexanauplia,Calanoida,Calanidae,Neocalanus,present,formalin,3,individuals,NA,http://vocab.nerc.ac.uk/collection/S11/current/S1131/,NA,NA,NA
GoA2019_Stn14:bongo:Net1:SS17,IYS_GoA2019_zocc50,Neocalanus cristatus,urn:lsid:marinespecies.org:taxname:104470,Animalia,Arthropoda,Hexanauplia,Calanoida,Calanidae,Neocalanus,present,formalin,3,individuals,NA,http://vocab.nerc.ac.uk/collection/S11/current/S1131/,NA,NA,NA
GoA2019_Stn14:bongo:Net2:22008.0,IYS_GoA2019_zocc51,Neocalanus cristatus,urn:lsid:marinespecies.org:taxname:104470,Animalia,Arthropoda,Hexanauplia,Calanoida,Calanidae,Neocalanus,present,size fractionated & frozen,1,individuals,NA,http://vocab.nerc.ac.uk/collection/S11/current/S1131/,NA,NA,NA
GoA2019_Stn14:bongo:Net2:22009.0,IYS_GoA2019_zocc52,Neocalanus cristatus,urn:lsid:marinespecies.org:taxname:104470,Animalia,Arthropoda,Hexanauplia,Calanoida,Calanidae,Neocalanus,present,size fractionated & frozen,1,individuals,NA,http://vocab.nerc.ac.uk/collection/S11/current/S1131/,NA,NA,NA
GoA2019_Stn14:bongo:Net2:22010.0,IYS_GoA2019_zocc53,Neocalanus cristatus,urn:lsid:marinespecies.org:taxname:104470,Animalia,Arthropoda,Hexanauplia,Calanoida,Calanidae,Neocalanus,present,size fractionated & frozen,1,individuals,NA,http://vocab.nerc.ac.uk/collection/S11/current/S1131/,NA,NA,NA
GoA2019_Stn14:bongo:Net2:22011.0,IYS_GoA2019_zocc54,Neocalanus cristatus,urn:lsid:marinespecies.org:taxname:104470,Animalia,Arthropoda,Hexanauplia,Calanoida,Calanidae,Neocalanus,present,size fractionated & frozen,1,individuals,NA,http://vocab.nerc.ac.uk/collection/S11/current/S1131/,NA,NA,NA
GoA2019_Stn14:bongo:Net2:SS7,IYS_GoA2019_zocc55,Euphausia pacifica,urn:lsid:marinespecies.org:taxname:237851,Animalia,Arthropoda,Malacostraca,Euphausiacea,Euphausiidae,Euphausia,present,size fractionated & frozen,1,individuals,NA,http://vocab.nerc.ac.uk/collection/S11/current/S1131/,NA,NA,NA
GoA2019_Stn14:bongo:Net2:SS8,IYS_GoA2019_zocc56,Euphausia pacifica,urn:lsid:marinespecies.org:taxname:237851,Animalia,Arthropoda,Malacostraca,Euphausiacea,Euphausiidae,Euphausia,present,size fractionated & frozen,1,individuals,NA,http://vocab.nerc.ac.uk/collection/S11/current/S1131/,NA,NA,NA
GoA2019_Stn14:bongo:Net2:SS9,IYS_GoA2019_zocc57,Euphausia pacifica,urn:lsid:marinespecies.org:taxname:237851,Animalia,Arthropoda,Malacostraca,Euphausiacea,Euphausiidae,Euphausia,present,size fractionated & frozen,3,individuals,NA,http://vocab.nerc.ac.uk/collection/S11/current/S1131/,NA,NA,NA
GoA2019_Stn14:bongo:Net2:SS10,IYS_GoA2019_zocc58,Squat lobster,urn:lsid:marinespecies.org:taxname:106671,Animalia,Arthropoda,Malacostraca,Decapoda,NA,NA,present,size fractionated & frozen,1,individuals,NA,http://vocab.nerc.ac.uk/collection/S11/current/S1131/,NA,NA,NA
GoA2019_Stn14:bongo:Net2:SS11,IYS_GoA2019_zocc59,Neocalanus cristatus,urn:lsid:marinespecies.org:taxname:104470,Animalia,Arthropoda,Hexanauplia,Calanoida,Calanidae,Neocalanus,present,size fractionated & frozen,1,individuals,NA,http://vocab.nerc.ac.uk/collection/S11/current/S1131/,NA,NA,NA
GoA2019_Stn14:bongo:Net2:SS12,IYS_GoA2019_zocc60,Thysanoessa spinifera,urn:lsid:marinespecies.org:taxname:237874,Animalia,Arthropoda,Malacostraca,Euphausiacea,Euphausiidae,Thysanoessa,present,size fractionated & frozen,1,individuals,NA,http://vocab.nerc.ac.uk/collection/S11/current/S1131/,NA,NA,NA
GoA2019_Stn14:bongo:Net2:SS12,IYS_GoA2019_zocc61,Thysanoessa spinifera,urn:lsid:marinespecies.org:taxname:237874,Animalia,Arthropoda,Malacostraca,Euphausiacea,Euphausiidae,Thysanoessa,present,size fractionated & frozen,1,individuals,NA,http://vocab.nerc.ac.uk/collection/S11/current/S1131/,NA,NA,NA
GoA2019_Stn14:bongo:Net2:SS13,IYS_GoA2019_zocc62,Chaetognath (Sagitta),urn:lsid:marinespecies.org:taxname:5949,Animalia,Chaetognatha,Sagittoidea,NA,NA,NA,present,size fractionated & frozen,3,individuals,NA,http://vocab.nerc.ac.uk/collection/S11/current/S1131/,NA,NA,NA
GoA2019_Stn14:bongo:Net2:SS14,IYS_GoA2019_zocc63,siphonophore,urn:lsid:marinespecies.org:taxname:1371,Animalia,Cnidaria,Hydrozoa,Siphonophorae,NA,NA,present,size fractionated & frozen,3,individuals,NA,http://vocab.nerc.ac.uk/collection/S11/current/S1131/,NA,NA,NA
GoA2019_Stn17:bongo:Net2:22012.0,IYS_GoA2019_zocc64,Euphausia pacifica,urn:lsid:marinespecies.org:taxname:237851,Animalia,Arthropoda,Malacostraca,Euphausiacea,Euphausiidae,Euphausia,present,size fractionated & frozen,1,individuals,NA,http://vocab.nerc.ac.uk/collection/S11/current/S1131/,NA,NA,NA
GoA2019_Stn17:bongo:Net2:22013.0,IYS_GoA2019_zocc65,Euphausia pacifica,urn:lsid:marinespecies.org:taxname:237851,Animalia,Arthropoda,Malacostraca,Euphausiacea,Euphausiidae,Euphausia,present,size fractionated & frozen,1,individuals,NA,http://vocab.nerc.ac.uk/collection/S11/current/S1131/,NA,NA,NA
GoA2019_Stn17:bongo:Net2:22014.0,IYS_GoA2019_zocc66,Euphausia pacifica,urn:lsid:marinespecies.org:taxname:237851,Animalia,Arthropoda,Malacostraca,Euphausiacea,Euphausiidae,Euphausia,present,size fractionated & frozen,1,individuals,NA,http://vocab.nerc.ac.uk/collection/S11/current/S1131/,NA,NA,NA
GoA2019_Stn17:bongo:Net2:22015.0,IYS_GoA2019_zocc67,Euphausia pacifica,urn:lsid:marinespecies.org:taxname:237851,Animalia,Arthropoda,Malacostraca,Euphausiacea,Euphausiidae,Euphausia,present,size fractionated & frozen,1,individuals,NA,http://vocab.nerc.ac.uk/collection/S11/current/S1131/,NA,NA,NA
GoA2019_Stn17:bongo:Net2:22016.0,IYS_GoA2019_zocc68,Neocalanus cristatus,urn:lsid:marinespecies.org:taxname:104470,Animalia,Arthropoda,Hexanauplia,Calanoida,Calanidae,Neocalanus,present,size fractionated & frozen,1,individuals,NA,http://vocab.nerc.ac.uk/collection/S11/current/S1131/,NA,NA,NA
GoA2019_Stn17:bongo:Net2:SS18,IYS_GoA2019_zocc69,Neocalanus cristatus,urn:lsid:marinespecies.org:taxname:104470,Animalia,Arthropoda,Hexanauplia,Calanoida,Calanidae,Neocalanus,present,size fractionated & frozen,3,individuals,NA,http://vocab.nerc.ac.uk/collection/S11/current/S1131/,NA,NA,NA
GoA2019_Stn17:bongo:Net2:SS19,IYS_GoA2019_zocc70,Neocalanus cristatus,urn:lsid:marinespecies.org:taxname:104470,Animalia,Arthropoda,Hexanauplia,Calanoida,Calanidae,Neocalanus,present,size fractionated & frozen,3,individuals,NA,http://vocab.nerc.ac.uk/collection/S11/current/S1131/,NA,NA,NA
GoA2019_Stn17:bongo:Net2:SS20,IYS_GoA2019_zocc71,Neocalanus cristatus,urn:lsid:marinespecies.org:taxname:104470,Animalia,Arthropoda,Hexanauplia,Calanoida,Calanidae,Neocalanus,present,size fractionated & frozen,3,individuals,NA,http://vocab.nerc.ac.uk/collection/S11/current/S1131/,NA,NA,NA
GoA2019_Stn17:bongo:Net2:SS21,IYS_GoA2019_zocc72,Euphausia pacifica,urn:lsid:marinespecies.org:taxname:237851,Animalia,Arthropoda,Malacostraca,Euphausiacea,Euphausiidae,Euphausia,present,size fractionated & frozen,1,individuals,NA,http://vocab.nerc.ac.uk/collection/S11/current/S1131/,NA,NA,NA
GoA2019_Stn17:bongo:Net2:SS22,IYS_GoA2019_zocc73,Euphausia pacifica,urn:lsid:marinespecies.org:taxname:237851,Animalia,Arthropoda,Malacostraca,Euphausiacea,Euphausiidae,Euphausia,present,size fractionated & frozen,1,individuals,NA,http://vocab.nerc.ac.uk/collection/S11/current/S1131/,NA,NA,NA
GoA2019_Stn17:bongo:Net2:SS23,IYS_GoA2019_zocc74,Euphausia pacifica,urn:lsid:marinespecies.org:taxname:237851,Animalia,Arthropoda,Malacostraca,Euphausiacea,Euphausiidae,Euphausia,present,size fractionated & frozen,1,individuals,NA,http://vocab.nerc.ac.uk/collection/S11/current/S1131/,NA,NA,NA
GoA2019_Stn17:bongo:Net2:SS24,IYS_GoA2019_zocc75,Thysanoessa spinifera,urn:lsid:marinespecies.org:taxname:237874,Animalia,Arthropoda,Malacostraca,Euphausiacea,Euphausiidae,Thysanoessa,present,size fractionated & frozen,1,individuals,NA,http://vocab.nerc.ac.uk/collection/S11/current/S1131/,NA,NA,NA
GoA2019_Stn17:bongo:Net2:SS25,IYS_GoA2019_zocc76,Thysanoessa spinifera,urn:lsid:marinespecies.org:taxname:237874,Animalia,Arthropoda,Malacostraca,Euphausiacea,Euphausiidae,Thysanoessa,present,size fractionated & frozen,1,individuals,NA,http://vocab.nerc.ac.uk/collection/S11/current/S1131/,NA,NA,NA
GoA2019_Stn18:bongo:Net2:SS26,IYS_GoA2019_zocc77,Thysanoessa spinifera,urn:lsid:marinespecies.org:taxname:237874,Animalia,Arthropoda,Malacostraca,Euphausiacea,Euphausiidae,Thysanoessa,present,size fractionated & frozen,2,individuals,NA,http://vocab.nerc.ac.uk/collection/S11/current/S1131/,NA,NA,NA
GoA2019_Stn18:bongo:Net2:SS27,IYS_GoA2019_zocc78,Chaetognath (Sagitta),urn:lsid:marinespecies.org:taxname:5949,Animalia,Chaetognatha,Sagittoidea,NA,NA,NA,present,size fractionated & frozen,4,individuals,NA,http://vocab.nerc.ac.uk/collection/S11/current/S1131/,NA,NA,NA
GoA2019_Stn19:bongo:Net1:Z290,IYS_GoA2019_zocc79,Beroe sp.,urn:lsid:marinespecies.org:taxname:1434803,Animalia,Ctenophora,Nuda,Beroida,Beroidae,Beroe,present,formalin,1,individuals,NA,http://vocab.nerc.ac.uk/collection/S11/current/S1131/,NA,NA,NA
GoA2019_Stn20:bongo:Net2:22017.0,IYS_GoA2019_zocc80,Euphausiid,urn:lsid:marinespecies.org:taxname:110671,Animalia,Arthropoda,Malacostraca,Euphausiacea,Euphausiidae,NA,present,size fractionated & frozen,1,individuals,NA,http://vocab.nerc.ac.uk/collection/S11/current/S1131/,NA,NA,NA
GoA2019_Stn20:bongo:Net2:22018.0,IYS_GoA2019_zocc81,Euphausiid,urn:lsid:marinespecies.org:taxname:110671,Animalia,Arthropoda,Malacostraca,Euphausiacea,Euphausiidae,NA,present,size fractionated & frozen,1,individuals,NA,http://vocab.nerc.ac.uk/collection/S11/current/S1131/,NA,NA,NA
GoA2019_Stn20:bongo:Net2:22019.0,IYS_GoA2019_zocc82,Neocalanus cristatus,urn:lsid:marinespecies.org:taxname:104470,Animalia,Arthropoda,Hexanauplia,Calanoida,Calanidae,Neocalanus,present,size fractionated & frozen,3,individuals,NA,http://vocab.nerc.ac.uk/collection/S11/current/S1131/,NA,NA,NA
GoA2019_Stn20:bongo:Net2:SS28,IYS_GoA2019_zocc83,Euphausia pacifica,urn:lsid:marinespecies.org:taxname:237851,Animalia,Arthropoda,Malacostraca,Euphausiacea,Euphausiidae,Euphausia,present,size fractionated & frozen,1,individuals,NA,http://vocab.nerc.ac.uk/collection/S11/current/S1131/,NA,NA,NA
GoA2019_Stn20:bongo:Net2:SS29,IYS_GoA2019_zocc84,Euphausia pacifica,urn:lsid:marinespecies.org:taxname:237851,Animalia,Arthropoda,Malacostraca,Euphausiacea,Euphausiidae,Euphausia,present,size fractionated & frozen,1,individuals,NA,http://vocab.nerc.ac.uk/collection/S11/current/S1131/,NA,NA,NA
GoA2019_Stn20:bongo:Net2:SS30,IYS_GoA2019_zocc85,Thysanoessa spinifera,urn:lsid:marinespecies.org:taxname:237874,Animalia,Arthropoda,Malacostraca,Euphausiacea,Euphausiidae,Thysanoessa,present,size fractionated & frozen,1,individuals,NA,http://vocab.nerc.ac.uk/collection/S11/current/S1131/,NA,NA,NA
GoA2019_Stn20:bongo:Net2:SS31,IYS_GoA2019_zocc86,Thysanoessa spinifera,urn:lsid:marinespecies.org:taxname:237874,Animalia,Arthropoda,Malacostraca,Euphausiacea,Euphausiidae,Thysanoessa,present,size fractionated & frozen,1,individuals,NA,http://vocab.nerc.ac.uk/collection/S11/current/S1131/,NA,NA,NA
GoA2019_Stn20:bongo:Net2:SS33,IYS_GoA2019_zocc87,Neocalanus cristatus,urn:lsid:marinespecies.org:taxname:104470,Animalia,Arthropoda,Hexanauplia,Calanoida,Calanidae,Neocalanus,present,size fractionated & frozen,2,individuals,NA,http://vocab.nerc.ac.uk/collection/S11/current/S1131/,NA,NA,NA
GoA2019_Stn20:bongo:Net2:SS34,IYS_GoA2019_zocc88,Neocalanus cristatus,urn:lsid:marinespecies.org:taxname:104470,Animalia,Arthropoda,Hexanauplia,Calanoida,Calanidae,Neocalanus,present,size fractionated & frozen,2,individuals,NA,http://vocab.nerc.ac.uk/collection/S11/current/S1131/,NA,NA,NA
GoA2019_Stn20:bongo:Net2:SS35,IYS_GoA2019_zocc89,Neocalanus cristatus,urn:lsid:marinespecies.org:taxname:104470,Animalia,Arthropoda,Hexanauplia,Calanoida,Calanidae,Neocalanus,present,size fractionated & frozen,2,individuals,NA,http://vocab.nerc.ac.uk/collection/S11/current/S1131/,NA,NA,NA
GoA2019_Stn22:bongo:Net2:SS38,IYS_GoA2019_zocc90,Siphonophore (Lensia type),urn:lsid:marinespecies.org:taxname:135365,Animalia,Cnidaria,Hydrozoa,Siphonophorae,Diphyidae,Lensia,present,size fractionated & frozen,1,individuals,NA,http://vocab.nerc.ac.uk/collection/S11/current/S1131/,NA,NA,NA
GoA2019_Stn22:bongo:Net2:SS38,IYS_GoA2019_zocc91,Siphonophore (Lensia type),urn:lsid:marinespecies.org:taxname:135365,Animalia,Cnidaria,Hydrozoa,Siphonophorae,Diphyidae,Lensia,present,size fractionated & frozen,1,individuals,NA,http://vocab.nerc.ac.uk/collection/S11/current/S1131/,NA,NA,NA
GoA2019_Stn22:bongo:Net2:SS39,IYS_GoA2019_zocc92,Thysanoessa spinifera,urn:lsid:marinespecies.org:taxname:237874,Animalia,Arthropoda,Malacostraca,Euphausiacea,Euphausiidae,Thysanoessa,present,size fractionated & frozen,2,individuals,NA,http://vocab.nerc.ac.uk/collection/S11/current/S1131/,NA,NA,NA
GoA2019_Stn22:bongo:Net2:SS40,IYS_GoA2019_zocc93,Thysanoessa spinifera,urn:lsid:marinespecies.org:taxname:237874,Animalia,Arthropoda,Malacostraca,Euphausiacea,Euphausiidae,Thysanoessa,present,size fractionated & frozen,3,individuals,NA,http://vocab.nerc.ac.uk/collection/S11/current/S1131/,NA,NA,NA
GoA2019_Stn22:bongo:Net2:SS41,IYS_GoA2019_zocc94,Thysanoessa spinifera,urn:lsid:marinespecies.org:taxname:237874,Animalia,Arthropoda,Malacostraca,Euphausiacea,Euphausiidae,Thysanoessa,present,size fractionated & frozen,2,individuals,NA,http://vocab.nerc.ac.uk/collection/S11/current/S1131/,NA,NA,NA
GoA2019_Stn22:bongo:Net2:SS42,IYS_GoA2019_zocc95,Euphausia pacifica,urn:lsid:marinespecies.org:taxname:237851,Animalia,Arthropoda,Malacostraca,Euphausiacea,Euphausiidae,Euphausia,present,size fractionated & frozen,5,individuals,NA,http://vocab.nerc.ac.uk/collection/S11/current/S1131/,NA,NA,NA
GoA2019_Stn22:bongo:Net2:SS42B,IYS_GoA2019_zocc96,Aequorea sp.,urn:lsid:marinespecies.org:taxname:116998,Animalia,Cnidaria,Hydrozoa,Leptothecata,Aequoreidae,Aequorea,present,size fractionated & frozen,1,individuals,NA,http://vocab.nerc.ac.uk/collection/S11/current/S1131/,NA,NA,NA
GoA2019_Stn22:bongo:Net2:SS42B,IYS_GoA2019_zocc97,Aequorea sp.,urn:lsid:marinespecies.org:taxname:116998,Animalia,Cnidaria,Hydrozoa,Leptothecata,Aequoreidae,Aequorea,present,size fractionated & frozen,1,individuals,NA,http://vocab.nerc.ac.uk/collection/S11/current/S1131/,NA,NA,NA
GoA2019_Stn22:bongo:Net2:SS43,IYS_GoA2019_zocc98,Euphausia pacifica,urn:lsid:marinespecies.org:taxname:237851,Animalia,Arthropoda,Malacostraca,Euphausiacea,Euphausiidae,Euphausia,present,size fractionated & frozen,2,individuals,NA,http://vocab.nerc.ac.uk/collection/S11/current/S1131/,NA,NA,NA
GoA2019_Stn22:bongo:Net2:SS44,IYS_GoA2019_zocc99,Euphausia pacifica,urn:lsid:marinespecies.org:taxname:237851,Animalia,Arthropoda,Malacostraca,Euphausiacea,Euphausiidae,Euphausia,present,size fractionated & frozen,10,individuals,NA,http://vocab.nerc.ac.uk/collection/S11/current/S1131/,NA,NA,NA
GoA2019_Stn22:bongo:Net2:SS45,IYS_GoA2019_zocc100,Euphausia pacifica,urn:lsid:marinespecies.org:taxname:237851,Animalia,Arthropoda,Malacostraca,Euphausiacea,Euphausiidae,Euphausia,present,size fractionated & frozen,11,individuals,NA,http://vocab.nerc.ac.uk/collection/S11/current/S1131/,NA,NA,NA
GoA2019_Stn23:bongo:Net2:22020.0,IYS_GoA2019_zocc101,Thysanoessa spinifera,urn:lsid:marinespecies.org:taxname:237874,Animalia,Arthropoda,Malacostraca,Euphausiacea,Euphausiidae,Thysanoessa,present,size fractionated & frozen,3,individuals,NA,http://vocab.nerc.ac.uk/collection/S11/current/S1131/,NA,NA,NA
GoA2019_Stn23:bongo:Net2:22021.0,IYS_GoA2019_zocc102,Euphausia pacifica,urn:lsid:marinespecies.org:taxname:237851,Animalia,Arthropoda,Malacostraca,Euphausiacea,Euphausiidae,Euphausia,present,size fractionated & frozen,3,individuals,NA,http://vocab.nerc.ac.uk/collection/S11/current/S1131/,NA,NA,NA
GoA2019_Stn23:bongo:Net2:SS46,IYS_GoA2019_zocc103,Thysanoessa spinifera,urn:lsid:marinespecies.org:taxname:237874,Animalia,Arthropoda,Malacostraca,Euphausiacea,Euphausiidae,Thysanoessa,present,size fractionated & frozen,1,individuals,NA,http://vocab.nerc.ac.uk/collection/S11/current/S1131/,NA,NA,NA
GoA2019_Stn23:bongo:Net2:SS47,IYS_GoA2019_zocc104,Thysanoessa spinifera,urn:lsid:marinespecies.org:taxname:237874,Animalia,Arthropoda,Malacostraca,Euphausiacea,Euphausiidae,Thysanoessa,present,size fractionated & frozen,1,individuals,NA,http://vocab.nerc.ac.uk/collection/S11/current/S1131/,NA,NA,NA
GoA2019_Stn23:bongo:Net2:SS48,IYS_GoA2019_zocc105,Thysanoessa spinifera,urn:lsid:marinespecies.org:taxname:237874,Animalia,Arthropoda,Malacostraca,Euphausiacea,Euphausiidae,Thysanoessa,present,size fractionated & frozen,1,individuals,NA,http://vocab.nerc.ac.uk/collection/S11/current/S1131/,NA,NA,NA
GoA2019_Stn23:bongo:Net2:SS49,IYS_GoA2019_zocc106,Thysanoessa spinifera,urn:lsid:marinespecies.org:taxname:237874,Animalia,Arthropoda,Malacostraca,Euphausiacea,Euphausiidae,Thysanoessa,present,size fractionated & frozen,1,individuals,NA,http://vocab.nerc.ac.uk/collection/S11/current/S1131/,NA,NA,NA
GoA2019_Stn23:bongo:Net2:SS50,IYS_GoA2019_zocc107,Euphausia pacifica,urn:lsid:marinespecies.org:taxname:237851,Animalia,Arthropoda,Malacostraca,Euphausiacea,Euphausiidae,Euphausia,present,size fractionated & frozen,1,individuals,NA,http://vocab.nerc.ac.uk/collection/S11/current/S1131/,NA,NA,NA
GoA2019_Stn23:bongo:Net2:SS51,IYS_GoA2019_zocc108,Euphausia pacifica,urn:lsid:marinespecies.org:taxname:237851,Animalia,Arthropoda,Malacostraca,Euphausiacea,Euphausiidae,Euphausia,present,size fractionated & frozen,1,individuals,NA,http://vocab.nerc.ac.uk/collection/S11/current/S1131/,NA,NA,NA
GoA2019_Stn23:bongo:Net2:SS52,IYS_GoA2019_zocc109,Euphausia pacifica,urn:lsid:marinespecies.org:taxname:237851,Animalia,Arthropoda,Malacostraca,Euphausiacea,Euphausiidae,Euphausia,present,size fractionated & frozen,1,individuals,NA,http://vocab.nerc.ac.uk/collection/S11/current/S1131/,NA,NA,NA
GoA2019_Stn23:bongo:Net2:SS53,IYS_GoA2019_zocc110,Euphausia pacifica,urn:lsid:marinespecies.org:taxname:237851,Animalia,Arthropoda,Malacostraca,Euphausiacea,Euphausiidae,Euphausia,present,size fractionated & frozen,1,individuals,NA,http://vocab.nerc.ac.uk/collection/S11/current/S1131/,NA,NA,NA
GoA2019_Stn23:bongo:Net2:SS54,IYS_GoA2019_zocc111,Chaetognath (Sagitta),urn:lsid:marinespecies.org:taxname:5949,Animalia,Chaetognatha,Sagittoidea,NA,NA,NA,present,size fractionated & frozen,1,individuals,NA,http://vocab.nerc.ac.uk/collection/S11/current/S1131/,NA,NA,NA
GoA2019_Stn25:bongo:Net2:SS55,IYS_GoA2019_zocc112,Chaetognath (Sagitta),urn:lsid:marinespecies.org:taxname:5949,Animalia,Chaetognatha,Sagittoidea,NA,NA,NA,present,size fractionated & frozen,1,individuals,NA,http://vocab.nerc.ac.uk/collection/S11/current/S1131/,NA,NA,NA
GoA2019_Stn25:bongo:Net2:SS55,IYS_GoA2019_zocc113,Chaetognath (Sagitta),urn:lsid:marinespecies.org:taxname:5949,Animalia,Chaetognatha,Sagittoidea,NA,NA,NA,present,size fractionated & frozen,1,individuals,NA,http://vocab.nerc.ac.uk/collection/S11/current/S1131/,NA,NA,NA
GoA2019_Stn25:bongo:Net2:SS55,IYS_GoA2019_zocc114,Chaetognath (Sagitta),urn:lsid:marinespecies.org:taxname:5949,Animalia,Chaetognatha,Sagittoidea,NA,NA,NA,present,size fractionated & frozen,1,individuals,NA,http://vocab.nerc.ac.uk/collection/S11/current/S1131/,NA,NA,NA
GoA2019_Stn25:bongo:Net2:SS55,IYS_GoA2019_zocc115,Chaetognath (Sagitta),urn:lsid:marinespecies.org:taxname:5949,Animalia,Chaetognatha,Sagittoidea,NA,NA,NA,present,size fractionated & frozen,1,individuals,NA,http://vocab.nerc.ac.uk/collection/S11/current/S1131/,NA,NA,NA
GoA2019_Stn25:bongo:Net2:SS57,IYS_GoA2019_zocc116,Euphausia pacifica,urn:lsid:marinespecies.org:taxname:237851,Animalia,Arthropoda,Malacostraca,Euphausiacea,Euphausiidae,Euphausia,present,size fractionated & frozen,1,individuals,NA,http://vocab.nerc.ac.uk/collection/S11/current/S1131/,NA,NA,NA
GoA2019_Stn25:bongo:Net2:SS57,IYS_GoA2019_zocc117,Euphausia pacifica,urn:lsid:marinespecies.org:taxname:237851,Animalia,Arthropoda,Malacostraca,Euphausiacea,Euphausiidae,Euphausia,present,size fractionated & frozen,1,individuals,NA,http://vocab.nerc.ac.uk/collection/S11/current/S1131/,NA,NA,NA
GoA2019_Stn25:bongo:Net2:SS57,IYS_GoA2019_zocc118,Euphausia pacifica,urn:lsid:marinespecies.org:taxname:237851,Animalia,Arthropoda,Malacostraca,Euphausiacea,Euphausiidae,Euphausia,present,size fractionated & frozen,1,individuals,NA,http://vocab.nerc.ac.uk/collection/S11/current/S1131/,NA,NA,NA
GoA2019_Stn25:bongo:Net2:SS57,IYS_GoA2019_zocc119,Euphausia pacifica,urn:lsid:marinespecies.org:taxname:237851,Animalia,Arthropoda,Malacostraca,Euphausiacea,Euphausiidae,Euphausia,present,size fractionated & frozen,1,individuals,NA,http://vocab.nerc.ac.uk/collection/S11/current/S1131/,NA,NA,NA
GoA2019_Stn25:bongo:Net2:SS58,IYS_GoA2019_zocc120,Euphausia pacifica,urn:lsid:marinespecies.org:taxname:237851,Animalia,Arthropoda,Malacostraca,Euphausiacea,Euphausiidae,Euphausia,present,size fractionated & frozen,1,individuals,NA,http://vocab.nerc.ac.uk/collection/S11/current/S1131/,NA,NA,NA
GoA2019_Stn25:bongo:Net2:SS58,IYS_GoA2019_zocc121,Euphausia pacifica,urn:lsid:marinespecies.org:taxname:237851,Animalia,Arthropoda,Malacostraca,Euphausiacea,Euphausiidae,Euphausia,present,size fractionated & frozen,1,individuals,NA,http://vocab.nerc.ac.uk/collection/S11/current/S1131/,NA,NA,NA
GoA2019_Stn25:bongo:Net2:SS58,IYS_GoA2019_zocc122,Euphausia pacifica,urn:lsid:marinespecies.org:taxname:237851,Animalia,Arthropoda,Malacostraca,Euphausiacea,Euphausiidae,Euphausia,present,size fractionated & frozen,1,individuals,NA,http://vocab.nerc.ac.uk/collection/S11/current/S1131/,NA,NA,NA
GoA2019_Stn25:bongo:Net2:SS59,IYS_GoA2019_zocc123,Thysanoessa spinifera,urn:lsid:marinespecies.org:taxname:237874,Animalia,Arthropoda,Malacostraca,Euphausiacea,Euphausiidae,Thysanoessa,present,size fractionated & frozen,1,individuals,NA,http://vocab.nerc.ac.uk/collection/S11/current/S1131/,NA,NA,NA
GoA2019_Stn25:bongo:Net2:SS59,IYS_GoA2019_zocc124,Thysanoessa spinifera,urn:lsid:marinespecies.org:taxname:237874,Animalia,Arthropoda,Malacostraca,Euphausiacea,Euphausiidae,Thysanoessa,present,size fractionated & frozen,1,individuals,NA,http://vocab.nerc.ac.uk/collection/S11/current/S1131/,NA,NA,NA
GoA2019_Stn25:bongo:Net2:SS59,IYS_GoA2019_zocc125,Thysanoessa spinifera,urn:lsid:marinespecies.org:taxname:237874,Animalia,Arthropoda,Malacostraca,Euphausiacea,Euphausiidae,Thysanoessa,present,size fractionated & frozen,1,individuals,NA,http://vocab.nerc.ac.uk/collection/S11/current/S1131/,NA,NA,NA
GoA2019_Stn25:bongo:Net2:SS59,IYS_GoA2019_zocc126,Thysanoessa spinifera,urn:lsid:marinespecies.org:taxname:237874,Animalia,Arthropoda,Malacostraca,Euphausiacea,Euphausiidae,Thysanoessa,present,size fractionated & frozen,1,individuals,NA,http://vocab.nerc.ac.uk/collection/S11/current/S1131/,NA,NA,NA
GoA2019_Stn25:bongo:Net2:SS59,IYS_GoA2019_zocc127,Thysanoessa spinifera,urn:lsid:marinespecies.org:taxname:237874,Animalia,Arthropoda,Malacostraca,Euphausiacea,Euphausiidae,Thysanoessa,present,size fractionated & frozen,1,individuals,NA,http://vocab.nerc.ac.uk/collection/S11/current/S1131/,NA,NA,NA
GoA2019_Stn25:bongo:Net2:SS59,IYS_GoA2019_zocc128,Thysanoessa spinifera,urn:lsid:marinespecies.org:taxname:237874,Animalia,Arthropoda,Malacostraca,Euphausiacea,Euphausiidae,Thysanoessa,present,size fractionated & frozen,1,individuals,NA,http://vocab.nerc.ac.uk/collection/S11/current/S1131/,NA,NA,NA
GoA2019_Stn25:bongo:Net2:SS60,IYS_GoA2019_zocc129,Neocalanus cristatus,urn:lsid:marinespecies.org:taxname:104470,Animalia,Arthropoda,Hexanauplia,Calanoida,Calanidae,Neocalanus,present,size fractionated & frozen,9,individuals,NA,http://vocab.nerc.ac.uk/collection/S11/current/S1131/,NA,NA,NA
GoA2019_Stn25:bongo:Net2:Z318,IYS_GoA2019_zocc130,Aequorea sp.,urn:lsid:marinespecies.org:taxname:116998,Animalia,Cnidaria,Hydrozoa,Leptothecata,Aequoreidae,Aequorea,present,size fractionated & frozen,1,individuals,NA,http://vocab.nerc.ac.uk/collection/S11/current/S1131/,NA,NA,NA
GoA2019_Stn25:bongo:Net2:Z318,IYS_GoA2019_zocc131,Aequorea sp.,urn:lsid:marinespecies.org:taxname:116998,Animalia,Cnidaria,Hydrozoa,Leptothecata,Aequoreidae,Aequorea,present,size fractionated & frozen,1,individuals,NA,http://vocab.nerc.ac.uk/collection/S11/current/S1131/,NA,NA,NA
GoA2019_Stn26:bongo:Net2:SS61,IYS_GoA2019_zocc132,Euphausia pacifica,urn:lsid:marinespecies.org:taxname:237851,Animalia,Arthropoda,Malacostraca,Euphausiacea,Euphausiidae,Euphausia,present,size fractionated & frozen,1,individuals,NA,http://vocab.nerc.ac.uk/collection/S11/current/S1131/,NA,NA,NA
GoA2019_Stn26:bongo:Net2:SS62,IYS_GoA2019_zocc133,Thysanoessa spinifera,urn:lsid:marinespecies.org:taxname:237874,Animalia,Arthropoda,Malacostraca,Euphausiacea,Euphausiidae,Thysanoessa,present,size fractionated & frozen,1,individuals,NA,http://vocab.nerc.ac.uk/collection/S11/current/S1131/,NA,NA,NA
GoA2019_Stn26:bongo:Net2:SS63,IYS_GoA2019_zocc134,Neocalanus cristatus,urn:lsid:marinespecies.org:taxname:104470,Animalia,Arthropoda,Hexanauplia,Calanoida,Calanidae,Neocalanus,present,size fractionated & frozen,3,individuals,NA,http://vocab.nerc.ac.uk/collection/S11/current/S1131/,NA,NA,NA
GoA2019_Stn26:bongo:Net2:SS64,IYS_GoA2019_zocc135,Neocalanus cristatus,urn:lsid:marinespecies.org:taxname:104470,Animalia,Arthropoda,Hexanauplia,Calanoida,Calanidae,Neocalanus,present,size fractionated & frozen,3,individuals,NA,http://vocab.nerc.ac.uk/collection/S11/current/S1131/,NA,NA,NA
GoA2019_Stn26:bongo:Net2:SS65,IYS_GoA2019_zocc136,Neocalanus cristatus,urn:lsid:marinespecies.org:taxname:104470,Animalia,Arthropoda,Hexanauplia,Calanoida,Calanidae,Neocalanus,present,size fractionated & frozen,3,individuals,NA,http://vocab.nerc.ac.uk/collection/S11/current/S1131/,NA,NA,NA
GoA2019_Stn28:bongo:Net2:SS67,IYS_GoA2019_zocc137,Paraphronima (gracilis),urn:lsid:marinespecies.org:taxname:236597,Animalia,Arthropoda,Malacostraca,Amphipoda,Paraphronimidae,Paraphronima,present,size fractionated & frozen,1,individuals,NA,http://vocab.nerc.ac.uk/collection/S11/current/S1131/,NA,NA,NA
GoA2019_Stn28:bongo:Net2:SS68,IYS_GoA2019_zocc138,Thysanoessa spinifera,urn:lsid:marinespecies.org:taxname:237874,Animalia,Arthropoda,Malacostraca,Euphausiacea,Euphausiidae,Thysanoessa,present,size fractionated & frozen,1,individuals,NA,http://vocab.nerc.ac.uk/collection/S11/current/S1131/,NA,NA,NA
GoA2019_Stn28:bongo:Net2:SS68,IYS_GoA2019_zocc139,Thysanoessa spinifera,urn:lsid:marinespecies.org:taxname:237874,Animalia,Arthropoda,Malacostraca,Euphausiacea,Euphausiidae,Thysanoessa,present,size fractionated & frozen,1,individuals,NA,http://vocab.nerc.ac.uk/collection/S11/current/S1131/,NA,NA,NA
GoA2019_Stn28:bongo:Net2:SS68,IYS_GoA2019_zocc140,Thysanoessa spinifera,urn:lsid:marinespecies.org:taxname:237874,Animalia,Arthropoda,Malacostraca,Euphausiacea,Euphausiidae,Thysanoessa,present,size fractionated & frozen,1,individuals,NA,http://vocab.nerc.ac.uk/collection/S11/current/S1131/,NA,NA,NA
GoA2019_Stn28:bongo:Net2:SS69,IYS_GoA2019_zocc141,Euphausia pacifica,urn:lsid:marinespecies.org:taxname:237851,Animalia,Arthropoda,Malacostraca,Euphausiacea,Euphausiidae,Euphausia,present,size fractionated & frozen,1,individuals,NA,http://vocab.nerc.ac.uk/collection/S11/current/S1131/,NA,NA,NA
GoA2019_Stn28:bongo:Net2:SS69,IYS_GoA2019_zocc142,Euphausia pacifica,urn:lsid:marinespecies.org:taxname:237851,Animalia,Arthropoda,Malacostraca,Euphausiacea,Euphausiidae,Euphausia,present,size fractionated & frozen,1,individuals,NA,http://vocab.nerc.ac.uk/collection/S11/current/S1131/,NA,NA,NA
GoA2019_Stn28:bongo:Net2:SS69,IYS_GoA2019_zocc143,Euphausia pacifica,urn:lsid:marinespecies.org:taxname:237851,Animalia,Arthropoda,Malacostraca,Euphausiacea,Euphausiidae,Euphausia,present,size fractionated & frozen,1,individuals,NA,http://vocab.nerc.ac.uk/collection/S11/current/S1131/,NA,NA,NA
GoA2019_Stn28:bongo:Net2:SS69,IYS_GoA2019_zocc144,Euphausia pacifica,urn:lsid:marinespecies.org:taxname:237851,Animalia,Arthropoda,Malacostraca,Euphausiacea,Euphausiidae,Euphausia,present,size fractionated & frozen,1,individuals,NA,http://vocab.nerc.ac.uk/collection/S11/current/S1131/,NA,NA,NA
GoA2019_Stn28:bongo:Net2:SS70,IYS_GoA2019_zocc145,Radiolarians,urn:lsid:marinespecies.org:taxname:582421,Chromista,Radiozoa,NA,NA,NA,NA,present,size fractionated & frozen,>1,individuals,NA,http://vocab.nerc.ac.uk/collection/S11/current/S1131/,NA,NA,NA
GoA2019_Stn29:bongo:Net2:22022.0,IYS_GoA2019_zocc146,Neocalanus cristatus,urn:lsid:marinespecies.org:taxname:104470,Animalia,Arthropoda,Hexanauplia,Calanoida,Calanidae,Neocalanus,present,size fractionated & frozen,3,individuals,NA,http://vocab.nerc.ac.uk/collection/S11/current/S1131/,NA,NA,NA
GoA2019_Stn29:bongo:Net2:SS71,IYS_GoA2019_zocc147,Euphausia pacifica,urn:lsid:marinespecies.org:taxname:237851,Animalia,Arthropoda,Malacostraca,Euphausiacea,Euphausiidae,Euphausia,present,size fractionated & frozen,1,individuals,NA,http://vocab.nerc.ac.uk/collection/S11/current/S1131/,NA,NA,NA
GoA2019_Stn29:bongo:Net2:SS72,IYS_GoA2019_zocc148,Euphausia pacifica,urn:lsid:marinespecies.org:taxname:237851,Animalia,Arthropoda,Malacostraca,Euphausiacea,Euphausiidae,Euphausia,present,size fractionated & frozen,1,individuals,NA,http://vocab.nerc.ac.uk/collection/S11/current/S1131/,NA,NA,NA
GoA2019_Stn29:bongo:Net2:SS73,IYS_GoA2019_zocc149,Euphausia pacifica,urn:lsid:marinespecies.org:taxname:237851,Animalia,Arthropoda,Malacostraca,Euphausiacea,Euphausiidae,Euphausia,present,size fractionated & frozen,1,individuals,NA,http://vocab.nerc.ac.uk/collection/S11/current/S1131/,NA,NA,NA
GoA2019_Stn29:bongo:Net2:SS74,IYS_GoA2019_zocc150,Neocalanus cristatus,urn:lsid:marinespecies.org:taxname:104470,Animalia,Arthropoda,Hexanauplia,Calanoida,Calanidae,Neocalanus,present,size fractionated & frozen,3,individuals,NA,http://vocab.nerc.ac.uk/collection/S11/current/S1131/,NA,NA,NA
GoA2019_Stn29:bongo:Net2:SS75,IYS_GoA2019_zocc151,Neocalanus cristatus,urn:lsid:marinespecies.org:taxname:104470,Animalia,Arthropoda,Hexanauplia,Calanoida,Calanidae,Neocalanus,present,size fractionated & frozen,3,individuals,NA,http://vocab.nerc.ac.uk/collection/S11/current/S1131/,NA,NA,NA
GoA2019_Stn29:bongo:Net2:SS76,IYS_GoA2019_zocc152,Neocalanus cristatus,urn:lsid:marinespecies.org:taxname:104470,Animalia,Arthropoda,Hexanauplia,Calanoida,Calanidae,Neocalanus,present,size fractionated & frozen,3,individuals,NA,http://vocab.nerc.ac.uk/collection/S11/current/S1131/,NA,NA,NA
GoA2019_Stn30:bongo:Net2:SS77,IYS_GoA2019_zocc153,Chaetognath (Sagitta),urn:lsid:marinespecies.org:taxname:5949,Animalia,Chaetognatha,Sagittoidea,NA,NA,NA,present,size fractionated & frozen,13,individuals,NA,http://vocab.nerc.ac.uk/collection/S11/current/S1131/,NA,NA,NA
GoA2019_Stn30:bongo:Net2:SS78,IYS_GoA2019_zocc154,Thysanoessa spinifera,urn:lsid:marinespecies.org:taxname:237874,Animalia,Arthropoda,Malacostraca,Euphausiacea,Euphausiidae,Thysanoessa,present,size fractionated & frozen,21,individuals,NA,http://vocab.nerc.ac.uk/collection/S11/current/S1131/,NA,NA,NA
GoA2019_Stn30:bongo:Net2:SS79,IYS_GoA2019_zocc155,Thysanoessa spinifera,urn:lsid:marinespecies.org:taxname:237874,Animalia,Arthropoda,Malacostraca,Euphausiacea,Euphausiidae,Thysanoessa,present,size fractionated & frozen,22,individuals,NA,http://vocab.nerc.ac.uk/collection/S11/current/S1131/,NA,NA,NA
GoA2019_Stn31:bongo:Net2:SS81,IYS_GoA2019_zocc156,Sagitta,urn:lsid:marinespecies.org:taxname:105410,Animalia,Chaetognatha,Sagittoidea,Aphragmorphora,Sagittidae,Sagitta,present,size fractionated & frozen,1,individuals,NA,http://vocab.nerc.ac.uk/collection/S11/current/S1131/,NA,NA,NA
GoA2019_Stn31:bongo:Net2:SS81,IYS_GoA2019_zocc157,E pacifica,urn:lsid:marinespecies.org:taxname:237851,Animalia,Arthropoda,Malacostraca,Euphausiacea,Euphausiidae,Euphausia,present,size fractionated & frozen,1,individuals,NA,http://vocab.nerc.ac.uk/collection/S11/current/S1131/,NA,NA,NA
GoA2019_Stn31:bongo:Net2:SS81,IYS_GoA2019_zocc158,E pacifica,urn:lsid:marinespecies.org:taxname:237851,Animalia,Arthropoda,Malacostraca,Euphausiacea,Euphausiidae,Euphausia,present,size fractionated & frozen,1,individuals,NA,http://vocab.nerc.ac.uk/collection/S11/current/S1131/,NA,NA,NA
GoA2019_Stn31:bongo:Net2:SS81,IYS_GoA2019_zocc159,E pacifica,urn:lsid:marinespecies.org:taxname:237851,Animalia,Arthropoda,Malacostraca,Euphausiacea,Euphausiidae,Euphausia,present,size fractionated & frozen,1,individuals,NA,http://vocab.nerc.ac.uk/collection/S11/current/S1131/,NA,NA,NA
GoA2019_Stn31:bongo:Net2:SS81,IYS_GoA2019_zocc160,E pacifica,urn:lsid:marinespecies.org:taxname:237851,Animalia,Arthropoda,Malacostraca,Euphausiacea,Euphausiidae,Euphausia,present,size fractionated & frozen,1,individuals,NA,http://vocab.nerc.ac.uk/collection/S11/current/S1131/,NA,NA,NA
GoA2019_Stn31:bongo:Net2:SS81,IYS_GoA2019_zocc161,E pacifica,urn:lsid:marinespecies.org:taxname:237851,Animalia,Arthropoda,Malacostraca,Euphausiacea,Euphausiidae,Euphausia,present,size fractionated & frozen,1,individuals,NA,http://vocab.nerc.ac.uk/collection/S11/current/S1131/,NA,NA,NA
GoA2019_Stn31:bongo:Net2:SS81,IYS_GoA2019_zocc162,T spinifera,urn:lsid:marinespecies.org:taxname:237874,Animalia,Arthropoda,Malacostraca,Euphausiacea,Euphausiidae,Thysanoessa,present,size fractionated & frozen,1,individuals,NA,http://vocab.nerc.ac.uk/collection/S11/current/S1131/,NA,NA,NA
GoA2019_Stn31:bongo:Net2:SS81,IYS_GoA2019_zocc163,T spinifera,urn:lsid:marinespecies.org:taxname:237874,Animalia,Arthropoda,Malacostraca,Euphausiacea,Euphausiidae,Thysanoessa,present,size fractionated & frozen,1,individuals,NA,http://vocab.nerc.ac.uk/collection/S11/current/S1131/,NA,NA,NA
GoA2019_Stn32:bongo:Net2:SS82,IYS_GoA2019_zocc164,Crab zoea,urn:lsid:marinespecies.org:taxname:1130,Animalia,Arthropoda,Malacostraca,Decapoda,NA,NA,present,size fractionated & frozen,6,individuals,NA,http://vocab.nerc.ac.uk/collection/S11/current/S1131/,NA,NA,NA
GoA2019_Stn32:bongo:Net2:Z372,IYS_GoA2019_zocc165,Chaetognath (Sagitta),urn:lsid:marinespecies.org:taxname:5949,Animalia,Chaetognatha,Sagittoidea,NA,NA,NA,present,size fractionated & frozen,1,individuals,NA,http://vocab.nerc.ac.uk/collection/S11/current/S1131/,NA,NA,NA
GoA2019_Stn32:bongo:Net2:Z373,IYS_GoA2019_zocc166,Salpa aspera,urn:lsid:marinespecies.org:taxname:137270,Animalia,Chordata,Thaliacea,Salpida,Salpidae,Salpa,present,size fractionated & frozen,1,individuals,NA,http://vocab.nerc.ac.uk/collection/S11/current/S1131/,NA,NA,NA
GoA2019_Stn33:bongo:Net1:Petri dish,IYS_GoA2019_zocc167,Salpa aspera,urn:lsid:marinespecies.org:taxname:137270,Animalia,Chordata,Thaliacea,Salpida,Salpidae,Salpa,present,formalin,1,individuals,1to2,http://vocab.nerc.ac.uk/collection/S11/current/S1165/,NA,NA,NA
GoA2019_Stn33:bongo:Net1:Petri dish,IYS_GoA2019_zocc168,Salpa aspera,urn:lsid:marinespecies.org:taxname:137270,Animalia,Chordata,Thaliacea,Salpida,Salpidae,Salpa,present,formalin,1,individuals,1to2,http://vocab.nerc.ac.uk/collection/S11/current/S1165/,NA,NA,NA
GoA2019_Stn33:bongo:Net1:Petri dish,IYS_GoA2019_zocc169,Salpa aspera,urn:lsid:marinespecies.org:taxname:137270,Animalia,Chordata,Thaliacea,Salpida,Salpidae,Salpa,present,formalin,1,individuals,1to2,http://vocab.nerc.ac.uk/collection/S11/current/S1165/,NA,NA,NA
GoA2019_Stn33:bongo:Net1:Petri dish,IYS_GoA2019_zocc170,Salpa aspera,urn:lsid:marinespecies.org:taxname:137270,Animalia,Chordata,Thaliacea,Salpida,Salpidae,Salpa,present,formalin,1,individuals,1to2,http://vocab.nerc.ac.uk/collection/S11/current/S1165/,NA,NA,NA
GoA2019_Stn33:bongo:Net1:Petri dish,IYS_GoA2019_zocc171,Salpa aspera,urn:lsid:marinespecies.org:taxname:137270,Animalia,Chordata,Thaliacea,Salpida,Salpidae,Salpa,present,formalin,1,individuals,1to2,http://vocab.nerc.ac.uk/collection/S11/current/S1165/,NA,NA,NA
GoA2019_Stn33:bongo:Net2:Petri dish,IYS_GoA2019_zocc172,Salpa aspera,urn:lsid:marinespecies.org:taxname:137270,Animalia,Chordata,Thaliacea,Salpida,Salpidae,Salpa,present,size fractionated & frozen,1,individuals,2,http://vocab.nerc.ac.uk/collection/S11/current/S1165/,NA,NA,NA
GoA2019_Stn35:bongo:Net2:22023.0,IYS_GoA2019_zocc173,Neocalanus cristatus,urn:lsid:marinespecies.org:taxname:104470,Animalia,Arthropoda,Hexanauplia,Calanoida,Calanidae,Neocalanus,present,size fractionated & frozen,4,individuals,NA,http://vocab.nerc.ac.uk/collection/S11/current/S1131/,NA,NA,NA
GoA2019_Stn35:bongo:Net2:SS83,IYS_GoA2019_zocc174,Euphausia pacifica,urn:lsid:marinespecies.org:taxname:237851,Animalia,Arthropoda,Malacostraca,Euphausiacea,Euphausiidae,Euphausia,present,size fractionated & frozen,1,individuals,NA,http://vocab.nerc.ac.uk/collection/S11/current/S1131/,NA,NA,NA
GoA2019_Stn35:bongo:Net2:SS84,IYS_GoA2019_zocc175,Euphausia pacifica,urn:lsid:marinespecies.org:taxname:237851,Animalia,Arthropoda,Malacostraca,Euphausiacea,Euphausiidae,Euphausia,present,size fractionated & frozen,2,individuals,NA,http://vocab.nerc.ac.uk/collection/S11/current/S1131/,NA,NA,NA
GoA2019_Stn35:bongo:Net2:SS85,IYS_GoA2019_zocc176,Euphausia pacifica,urn:lsid:marinespecies.org:taxname:237851,Animalia,Arthropoda,Malacostraca,Euphausiacea,Euphausiidae,Euphausia,present,size fractionated & frozen,1,individuals,NA,http://vocab.nerc.ac.uk/collection/S11/current/S1131/,NA,NA,NA
GoA2019_Stn35:bongo:Net2:SS86,IYS_GoA2019_zocc177,Thysanoessa spinifera,urn:lsid:marinespecies.org:taxname:237874,Animalia,Arthropoda,Malacostraca,Euphausiacea,Euphausiidae,Thysanoessa,present,size fractionated & frozen,1,individuals,NA,http://vocab.nerc.ac.uk/collection/S11/current/S1131/,NA,NA,NA
GoA2019_Stn35:bongo:Net2:SS87,IYS_GoA2019_zocc178,Microstomus pacificus,urn:lsid:marinespecies.org:taxname:274294,Animalia,Chordata,Actinopterygii,Pleuronectiformes,Pleuronectidae,Microstomus,present,size fractionated & frozen,1,individuals,NA,http://vocab.nerc.ac.uk/collection/S11/current/S1131/,NA,NA,NA
GoA2019_Stn35:bongo:Net2:SS88,IYS_GoA2019_zocc179,Neocalanus cristatus,urn:lsid:marinespecies.org:taxname:104470,Animalia,Arthropoda,Hexanauplia,Calanoida,Calanidae,Neocalanus,present,size fractionated & frozen,3,individuals,NA,http://vocab.nerc.ac.uk/collection/S11/current/S1131/,NA,NA,NA
GoA2019_Stn35:bongo:Net2:SS89,IYS_GoA2019_zocc180,Neocalanus cristatus,urn:lsid:marinespecies.org:taxname:104470,Animalia,Arthropoda,Hexanauplia,Calanoida,Calanidae,Neocalanus,present,size fractionated & frozen,3,individuals,NA,http://vocab.nerc.ac.uk/collection/S11/current/S1131/,NA,NA,NA
GoA2019_Stn35:bongo:Net2:SS90,IYS_GoA2019_zocc181,Neocalanus cristatus,urn:lsid:marinespecies.org:taxname:104470,Animalia,Arthropoda,Hexanauplia,Calanoida,Calanidae,Neocalanus,present,size fractionated & frozen,3,individuals,NA,http://vocab.nerc.ac.uk/collection/S11/current/S1131/,NA,NA,NA
GoA2019_Stn37:bongo:Net2:SS91,IYS_GoA2019_zocc182,Neocalanus cristatus,urn:lsid:marinespecies.org:taxname:104470,Animalia,Arthropoda,Hexanauplia,Calanoida,Calanidae,Neocalanus,present,size fractionated & frozen,3,individuals,NA,http://vocab.nerc.ac.uk/collection/S11/current/S1131/,NA,NA,NA
GoA2019_Stn37:bongo:Net2:SS92,IYS_GoA2019_zocc183,Neocalanus cristatus,urn:lsid:marinespecies.org:taxname:104470,Animalia,Arthropoda,Hexanauplia,Calanoida,Calanidae,Neocalanus,present,size fractionated & frozen,3,individuals,NA,http://vocab.nerc.ac.uk/collection/S11/current/S1131/,NA,NA,NA
GoA2019_Stn37:bongo:Net2:SS93,IYS_GoA2019_zocc184,Neocalanus cristatus,urn:lsid:marinespecies.org:taxname:104470,Animalia,Arthropoda,Hexanauplia,Calanoida,Calanidae,Neocalanus,present,size fractionated & frozen,3,individuals,NA,http://vocab.nerc.ac.uk/collection/S11/current/S1131/,NA,NA,NA
GoA2019_Stn38:bongo:Net2:22024.0,IYS_GoA2019_zocc185,Neocalanus cristatus,urn:lsid:marinespecies.org:taxname:104470,Animalia,Arthropoda,Hexanauplia,Calanoida,Calanidae,Neocalanus,present,size fractionated & frozen,4,individuals,NA,http://vocab.nerc.ac.uk/collection/S11/current/S1131/,NA,NA,NA
GoA2019_Stn38:bongo:Net2:SS96,IYS_GoA2019_zocc186,Neocalanus cristatus,urn:lsid:marinespecies.org:taxname:104470,Animalia,Arthropoda,Hexanauplia,Calanoida,Calanidae,Neocalanus,present,size fractionated & frozen,3,individuals,NA,http://vocab.nerc.ac.uk/collection/S11/current/S1131/,NA,NA,NA
GoA2019_Stn38:bongo:Net2:SS97,IYS_GoA2019_zocc187,Neocalanus cristatus,urn:lsid:marinespecies.org:taxname:104470,Animalia,Arthropoda,Hexanauplia,Calanoida,Calanidae,Neocalanus,present,size fractionated & frozen,3,individuals,NA,http://vocab.nerc.ac.uk/collection/S11/current/S1131/,NA,NA,NA
GoA2019_Stn38:bongo:Net2:SS98,IYS_GoA2019_zocc188,Neocalanus cristatus,urn:lsid:marinespecies.org:taxname:104470,Animalia,Arthropoda,Hexanauplia,Calanoida,Calanidae,Neocalanus,present,size fractionated & frozen,3,individuals,NA,http://vocab.nerc.ac.uk/collection/S11/current/S1131/,NA,NA,NA
GoA2019_Stn39:bongo:Net1:SS99,IYS_GoA2019_zocc189,Neocalanus cristatus,urn:lsid:marinespecies.org:taxname:104470,Animalia,Arthropoda,Hexanauplia,Calanoida,Calanidae,Neocalanus,present,formalin,3,individuals,NA,http://vocab.nerc.ac.uk/collection/S11/current/S1131/,NA,NA,NA
GoA2019_Stn39:bongo:Net1:SS100,IYS_GoA2019_zocc190,Neocalanus cristatus,urn:lsid:marinespecies.org:taxname:104470,Animalia,Arthropoda,Hexanauplia,Calanoida,Calanidae,Neocalanus,present,formalin,3,individuals,NA,http://vocab.nerc.ac.uk/collection/S11/current/S1131/,NA,NA,NA
GoA2019_Stn39:bongo:Net1:SS101,IYS_GoA2019_zocc191,Neocalanus cristatus,urn:lsid:marinespecies.org:taxname:104470,Animalia,Arthropoda,Hexanauplia,Calanoida,Calanidae,Neocalanus,present,formalin,3,individuals,NA,http://vocab.nerc.ac.uk/collection/S11/current/S1131/,NA,NA,NA
GoA2019_Stn40:bongo:Net1:SS102,IYS_GoA2019_zocc192,Neocalanus cristatus,urn:lsid:marinespecies.org:taxname:104470,Animalia,Arthropoda,Hexanauplia,Calanoida,Calanidae,Neocalanus,present,formalin,3,individuals,CV,http://vocab.nerc.ac.uk/collection/S11/current/S1112/,NA,NA,NA
GoA2019_Stn40:bongo:Net1:SS103,IYS_GoA2019_zocc193,Neocalanus cristatus,urn:lsid:marinespecies.org:taxname:104470,Animalia,Arthropoda,Hexanauplia,Calanoida,Calanidae,Neocalanus,present,formalin,3,individuals,CV,http://vocab.nerc.ac.uk/collection/S11/current/S1112/,NA,NA,NA
GoA2019_Stn40:bongo:Net1:SS104,IYS_GoA2019_zocc194,Neocalanus cristatus,urn:lsid:marinespecies.org:taxname:104470,Animalia,Arthropoda,Hexanauplia,Calanoida,Calanidae,Neocalanus,present,formalin,3,individuals,CV,http://vocab.nerc.ac.uk/collection/S11/current/S1112/,NA,NA,NA
GoA2019_Stn41:bongo:Net1:SS106,IYS_GoA2019_zocc195,Euphausia pacifica,urn:lsid:marinespecies.org:taxname:237851,Animalia,Arthropoda,Malacostraca,Euphausiacea,Euphausiidae,Euphausia,present,formalin,1,individuals,adult,http://vocab.nerc.ac.uk/collection/S11/current/S1116/,NA,NA,NA
GoA2019_Stn41:bongo:Net1:SS107,IYS_GoA2019_zocc196,Radiolarians,urn:lsid:marinespecies.org:taxname:582421,Chromista,Radiozoa,NA,NA,NA,NA,present,formalin,3,individuals,NA,http://vocab.nerc.ac.uk/collection/S11/current/S1131/,NA,NA,NA
GoA2019_Stn41:bongo:Net2:SS108,IYS_GoA2019_zocc197,Neocalanus cristatus,urn:lsid:marinespecies.org:taxname:104470,Animalia,Arthropoda,Hexanauplia,Calanoida,Calanidae,Neocalanus,present,size fractionated & frozen,3,individuals,CV,http://vocab.nerc.ac.uk/collection/S11/current/S1112/,NA,NA,NA
GoA2019_Stn41:bongo:Net2:SS109,IYS_GoA2019_zocc198,Neocalanus cristatus,urn:lsid:marinespecies.org:taxname:104470,Animalia,Arthropoda,Hexanauplia,Calanoida,Calanidae,Neocalanus,present,size fractionated & frozen,3,individuals,CV,http://vocab.nerc.ac.uk/collection/S11/current/S1112/,NA,NA,NA
GoA2019_Stn41:bongo:Net2:SS110,IYS_GoA2019_zocc199,Neocalanus cristatus,urn:lsid:marinespecies.org:taxname:104470,Animalia,Arthropoda,Hexanauplia,Calanoida,Calanidae,Neocalanus,present,size fractionated & frozen,3,individuals,CV,http://vocab.nerc.ac.uk/collection/S11/current/S1112/,NA,NA,NA
GoA2019_Stn42:bongo:Net1:SS111,IYS_GoA2019_zocc200,Neocalanus cristatus,urn:lsid:marinespecies.org:taxname:104470,Animalia,Arthropoda,Hexanauplia,Calanoida,Calanidae,Neocalanus,present,formalin,3,individuals,CV,http://vocab.nerc.ac.uk/collection/S11/current/S1112/,NA,NA,NA
GoA2019_Stn42:bongo:Net1:SS112,IYS_GoA2019_zocc201,Neocalanus cristatus,urn:lsid:marinespecies.org:taxname:104470,Animalia,Arthropoda,Hexanauplia,Calanoida,Calanidae,Neocalanus,present,formalin,3,individuals,CV,http://vocab.nerc.ac.uk/collection/S11/current/S1112/,NA,NA,NA
GoA2019_Stn43:bongo:Net1:SS114,IYS_GoA2019_zocc202,Neocalanus cristatus,urn:lsid:marinespecies.org:taxname:104470,Animalia,Arthropoda,Hexanauplia,Calanoida,Calanidae,Neocalanus,present,formalin,3,individuals,CV,http://vocab.nerc.ac.uk/collection/S11/current/S1112/,NA,NA,NA
GoA2019_Stn43:bongo:Net1:SS115,IYS_GoA2019_zocc203,Neocalanus cristatus,urn:lsid:marinespecies.org:taxname:104470,Animalia,Arthropoda,Hexanauplia,Calanoida,Calanidae,Neocalanus,present,formalin,3,individuals,CV,http://vocab.nerc.ac.uk/collection/S11/current/S1112/,NA,NA,NA
GoA2019_Stn43:bongo:Net1:SS116,IYS_GoA2019_zocc204,Neocalanus cristatus,urn:lsid:marinespecies.org:taxname:104470,Animalia,Arthropoda,Hexanauplia,Calanoida,Calanidae,Neocalanus,present,formalin,3,individuals,CV,http://vocab.nerc.ac.uk/collection/S11/current/S1112/,NA,NA,NA
GoA2019_Stn43:bongo:Net2:SS117,IYS_GoA2019_zocc205,Sergestes similis,urn:lsid:marinespecies.org:taxname:514127,Animalia,Arthropoda,Malacostraca,Decapoda,Sergestidae,Eusergestes,present,size fractionated & frozen,1,individuals,NA,http://vocab.nerc.ac.uk/collection/S11/current/S1131/,NA,NA,NA
GoA2019_Stn43:bongo:Net2:SS118,IYS_GoA2019_zocc206,Sergestes similis,urn:lsid:marinespecies.org:taxname:514127,Animalia,Arthropoda,Malacostraca,Decapoda,Sergestidae,Eusergestes,present,size fractionated & frozen,1,individuals,NA,http://vocab.nerc.ac.uk/collection/S11/current/S1131/,NA,NA,NA
GoA2019_Stn43:bongo:Net2:SS119,IYS_GoA2019_zocc207,Thysanoessa (longipes),urn:lsid:marinespecies.org:taxname:237873,Animalia,Arthropoda,Malacostraca,Euphausiacea,Euphausiidae,Thysanoessa,present,size fractionated & frozen,1,individuals,NA,http://vocab.nerc.ac.uk/collection/S11/current/S1131/,NA,NA,NA
GoA2019_Stn43:bongo:Net2:SS119,IYS_GoA2019_zocc208,Thysanoessa (longipes),urn:lsid:marinespecies.org:taxname:237873,Animalia,Arthropoda,Malacostraca,Euphausiacea,Euphausiidae,Thysanoessa,present,size fractionated & frozen,1,individuals,NA,http://vocab.nerc.ac.uk/collection/S11/current/S1131/,NA,NA,NA
GoA2019_Stn43:bongo:Net2:SS119,IYS_GoA2019_zocc209,Thysanoessa (longipes),urn:lsid:marinespecies.org:taxname:237873,Animalia,Arthropoda,Malacostraca,Euphausiacea,Euphausiidae,Thysanoessa,present,size fractionated & frozen,1,individuals,NA,http://vocab.nerc.ac.uk/collection/S11/current/S1131/,NA,NA,NA
GoA2019_Stn43:bongo:Net2:SS119,IYS_GoA2019_zocc210,Thysanoessa (longipes),urn:lsid:marinespecies.org:taxname:237873,Animalia,Arthropoda,Malacostraca,Euphausiacea,Euphausiidae,Thysanoessa,present,size fractionated & frozen,1,individuals,NA,http://vocab.nerc.ac.uk/collection/S11/current/S1131/,NA,NA,NA
GoA2019_Stn43:bongo:Net2:SS120,IYS_GoA2019_zocc211,Euphausia pacifica,urn:lsid:marinespecies.org:taxname:237851,Animalia,Arthropoda,Malacostraca,Euphausiacea,Euphausiidae,Euphausia,present,size fractionated & frozen,1,individuals,NA,http://vocab.nerc.ac.uk/collection/S11/current/S1131/,NA,NA,NA
GoA2019_Stn43:bongo:Net2:SS121,IYS_GoA2019_zocc212,Myctophid larva,urn:lsid:marinespecies.org:taxname:125498,Animalia,Chordata,Actinopterygii,Myctophiformes,Myctophidae,NA,present,size fractionated & frozen,1,individuals,NA,http://vocab.nerc.ac.uk/collection/S11/current/S1131/,NA,NA,NA
GoA2019_Stn44:bongo:Net1:22025.0,IYS_GoA2019_zocc213,Neocalanus cristatus,urn:lsid:marinespecies.org:taxname:104470,Animalia,Arthropoda,Hexanauplia,Calanoida,Calanidae,Neocalanus,present,formalin,3,individuals,CV,http://vocab.nerc.ac.uk/collection/S11/current/S1112/,NA,NA,NA
GoA2019_Stn44:bongo:Net2:SS123,IYS_GoA2019_zocc214,Euphausia pacifica,urn:lsid:marinespecies.org:taxname:237851,Animalia,Arthropoda,Malacostraca,Euphausiacea,Euphausiidae,Euphausia,present,size fractionated & frozen,1,individuals,NA,http://vocab.nerc.ac.uk/collection/S11/current/S1131/,NA,NA,NA
GoA2019_Stn44:bongo:Net2:SS124,IYS_GoA2019_zocc215,Chaetognath (Sagitta),urn:lsid:marinespecies.org:taxname:5949,Animalia,Chaetognatha,Sagittoidea,NA,NA,NA,present,size fractionated & frozen,2,individuals,NA,http://vocab.nerc.ac.uk/collection/S11/current/S1131/,NA,NA,NA
GoA2019_Stn44:bongo:Net2:SS125,IYS_GoA2019_zocc216,Radiolarians,urn:lsid:marinespecies.org:taxname:582421,Chromista,Radiozoa,NA,NA,NA,NA,present,size fractionated & frozen,2,individuals,NA,http://vocab.nerc.ac.uk/collection/S11/current/S1131/,NA,NA,NA
GoA2019_Stn44:bongo:Net2:SS126,IYS_GoA2019_zocc217,Euphausia pacifica,urn:lsid:marinespecies.org:taxname:237851,Animalia,Arthropoda,Malacostraca,Euphausiacea,Euphausiidae,Euphausia,present,size fractionated & frozen,1,individuals,NA,http://vocab.nerc.ac.uk/collection/S11/current/S1131/,NA,NA,NA
GoA2019_Stn44:bongo:Net2:SS126,IYS_GoA2019_zocc218,Euphausia pacifica,urn:lsid:marinespecies.org:taxname:237851,Animalia,Arthropoda,Malacostraca,Euphausiacea,Euphausiidae,Euphausia,present,size fractionated & frozen,1,individuals,NA,http://vocab.nerc.ac.uk/collection/S11/current/S1131/,NA,NA,NA
GoA2019_Stn44:bongo:Net2:SS127,IYS_GoA2019_zocc219,Neocalanus cristatus,urn:lsid:marinespecies.org:taxname:104470,Animalia,Arthropoda,Hexanauplia,Calanoida,Calanidae,Neocalanus,present,size fractionated & frozen,3,individuals,CV,http://vocab.nerc.ac.uk/collection/S11/current/S1112/,NA,NA,NA
GoA2019_Stn44:bongo:Net2:SS128,IYS_GoA2019_zocc220,Neocalanus cristatus,urn:lsid:marinespecies.org:taxname:104470,Animalia,Arthropoda,Hexanauplia,Calanoida,Calanidae,Neocalanus,present,size fractionated & frozen,3,individuals,CV,http://vocab.nerc.ac.uk/collection/S11/current/S1112/,NA,NA,NA
GoA2019_Stn44:bongo:Net2:SS129,IYS_GoA2019_zocc221,Neocalanus cristatus,urn:lsid:marinespecies.org:taxname:104470,Animalia,Arthropoda,Hexanauplia,Calanoida,Calanidae,Neocalanus,present,size fractionated & frozen,3,individuals,CV,http://vocab.nerc.ac.uk/collection/S11/current/S1112/,NA,NA,NA
GoA2019_Stn44:bongo:Net2:Z678,IYS_GoA2019_zocc222,Aequorea sp.,urn:lsid:marinespecies.org:taxname:116998,Animalia,Cnidaria,Hydrozoa,Leptothecata,Aequoreidae,Aequorea,present,size fractionated & frozen,1,individuals,NA,http://vocab.nerc.ac.uk/collection/S11/current/S1131/,NA,NA,NA
GoA2019_Stn45:bongo:Net1:SS130,IYS_GoA2019_zocc223,Neocalanus cristatus,urn:lsid:marinespecies.org:taxname:104470,Animalia,Arthropoda,Hexanauplia,Calanoida,Calanidae,Neocalanus,present,formalin,3,individuals,CV,http://vocab.nerc.ac.uk/collection/S11/current/S1112/,NA,NA,NA
GoA2019_Stn45:bongo:Net1:SS131,IYS_GoA2019_zocc224,Neocalanus cristatus,urn:lsid:marinespecies.org:taxname:104470,Animalia,Arthropoda,Hexanauplia,Calanoida,Calanidae,Neocalanus,present,formalin,3,individuals,CV,http://vocab.nerc.ac.uk/collection/S11/current/S1112/,NA,NA,NA
GoA2019_Stn45:bongo:Net1:SS132,IYS_GoA2019_zocc225,Neocalanus cristatus,urn:lsid:marinespecies.org:taxname:104470,Animalia,Arthropoda,Hexanauplia,Calanoida,Calanidae,Neocalanus,present,formalin,3,individuals,CV,http://vocab.nerc.ac.uk/collection/S11/current/S1112/,NA,NA,NA
GoA2019_Stn45:bongo:Net2:SS133,IYS_GoA2019_zocc226,jellies,NA,NA,NA,NA,NA,NA,NA,present,size fractionated & frozen,2,individuals,NA,http://vocab.nerc.ac.uk/collection/S11/current/S1131/,NA,NA,NA
GoA2019_Stn45:bongo:Net2:SS133,IYS_GoA2019_zocc227,Sagitta,urn:lsid:marinespecies.org:taxname:105410,Animalia,Chaetognatha,Sagittoidea,Aphragmorphora,Sagittidae,Sagitta,present,size fractionated & frozen,1,individuals,NA,http://vocab.nerc.ac.uk/collection/S11/current/S1131/,NA,NA,NA
GoA2019_Stn45:bongo:Net2:SS133,IYS_GoA2019_zocc228,Sagitta,urn:lsid:marinespecies.org:taxname:105410,Animalia,Chaetognatha,Sagittoidea,Aphragmorphora,Sagittidae,Sagitta,present,size fractionated & frozen,1,individuals,NA,http://vocab.nerc.ac.uk/collection/S11/current/S1131/,NA,NA,NA
GoA2019_Stn45:bongo:Net2:SS133,IYS_GoA2019_zocc229,Sagitta,urn:lsid:marinespecies.org:taxname:105410,Animalia,Chaetognatha,Sagittoidea,Aphragmorphora,Sagittidae,Sagitta,present,size fractionated & frozen,1,individuals,NA,http://vocab.nerc.ac.uk/collection/S11/current/S1131/,NA,NA,NA
GoA2019_Stn46:bongo:Net1:SS142,IYS_GoA2019_zocc230,Neocalanus cristatus,urn:lsid:marinespecies.org:taxname:104470,Animalia,Arthropoda,Hexanauplia,Calanoida,Calanidae,Neocalanus,present,formalin,3,individuals,CV,http://vocab.nerc.ac.uk/collection/S11/current/S1112/,NA,NA,NA
GoA2019_Stn46:bongo:Net1:SS143,IYS_GoA2019_zocc231,Neocalanus cristatus,urn:lsid:marinespecies.org:taxname:104470,Animalia,Arthropoda,Hexanauplia,Calanoida,Calanidae,Neocalanus,present,formalin,3,individuals,CV,http://vocab.nerc.ac.uk/collection/S11/current/S1112/,NA,NA,NA
GoA2019_Stn46:bongo:Net1:SS144,IYS_GoA2019_zocc232,Neocalanus cristatus,urn:lsid:marinespecies.org:taxname:104470,Animalia,Arthropoda,Hexanauplia,Calanoida,Calanidae,Neocalanus,present,formalin,3,individuals,CV,http://vocab.nerc.ac.uk/collection/S11/current/S1112/,NA,NA,NA
GoA2019_Stn46:bongo:Net2:SL10,IYS_GoA2019_zocc233,Chaetognath (Sagitta),urn:lsid:marinespecies.org:taxname:5949,Animalia,Chaetognatha,Sagittoidea,NA,NA,NA,present,size fractionated & frozen,5,individuals,Solitary, ,NA,NA,NA
GoA2019_Stn46:bongo:Net2:SS135,IYS_GoA2019_zocc234,Sergestes similis,urn:lsid:marinespecies.org:taxname:514127,Animalia,Arthropoda,Malacostraca,Decapoda,Sergestidae,Eusergestes,present,size fractionated & frozen,1,individuals,Solitary, ,NA,NA,NA
GoA2019_Stn46:bongo:Net2:SS136,IYS_GoA2019_zocc235,Primno pacifica,urn:lsid:marinespecies.org:taxname:286539,Animalia,Cnidaria,Anthozoa,Alcyonacea,Primnoidae,Primnoa,present,size fractionated & frozen,1,individuals,Solitary, ,NA,NA,NA
GoA2019_Stn46:bongo:Net2:SS137,IYS_GoA2019_zocc236,Clio pyrimidata,urn:lsid:marinespecies.org:taxname:139033,Animalia,Mollusca,Gastropoda,Pteropoda,Cliidae,Clio,present,size fractionated & frozen,1,individuals,Solitary, ,NA,NA,NA
GoA2019_Stn46:bongo:Net2:SS138,IYS_GoA2019_zocc237,Chaetognath (Sagitta),urn:lsid:marinespecies.org:taxname:5949,Animalia,Chaetognatha,Sagittoidea,NA,NA,NA,present,size fractionated & frozen,4,individuals,Solitary, ,NA,NA,NA
GoA2019_Stn46:bongo:Net2:SS140,IYS_GoA2019_zocc238,Japatella diaphana,urn:lsid:marinespecies.org:taxname:138849,Animalia,Mollusca,Cephalopoda,Octopoda,Amphitretidae,Japetella,present,size fractionated & frozen,1,individuals,juvenile,http://vocab.nerc.ac.uk/collection/S11/current/S1127/,NA,NA,NA
GoA2019_Stn46:bongo:Net2:SS141,IYS_GoA2019_zocc239,Sergestes similis,urn:lsid:marinespecies.org:taxname:514127,Animalia,Arthropoda,Malacostraca,Decapoda,Sergestidae,Eusergestes,present,size fractionated & frozen,1,individuals,Solitary, ,NA,NA,NA
GoA2019_Stn46:bongo:Net2:ZL01,IYS_GoA2019_zocc240,Salpa aspera,urn:lsid:marinespecies.org:taxname:137270,Animalia,Chordata,Thaliacea,Salpida,Salpidae,Salpa,present,size fractionated & frozen,1,individuals,Solitary, ,NA,NA,NA
GoA2019_Stn47:bongo:Net1:SS145,IYS_GoA2019_zocc241,Clio pyrimidata,urn:lsid:marinespecies.org:taxname:139033,Animalia,Mollusca,Gastropoda,Pteropoda,Cliidae,Clio,present,formalin,1,individuals,NA,http://vocab.nerc.ac.uk/collection/S11/current/S1131/,NA,NA,NA
GoA2019_Stn49:bongo:Net2:SS146,IYS_GoA2019_zocc242,Thysanoessa sp.,urn:lsid:marinespecies.org:taxname:110679,Animalia,Arthropoda,Malacostraca,Euphausiacea,Euphausiidae,Thysanoessa,present,size fractionated & frozen,1,individuals,Gravid female,NA,female,gravid,NA
GoA2019_Stn49:bongo:Net2:SS147,IYS_GoA2019_zocc243,Euphausia pacifica,urn:lsid:marinespecies.org:taxname:237851,Animalia,Arthropoda,Malacostraca,Euphausiacea,Euphausiidae,Euphausia,present,size fractionated & frozen,1,individuals,NA,http://vocab.nerc.ac.uk/collection/S11/current/S1131/,NA,NA,NA
GoA2019_Stn49:bongo:Net2:SS148,IYS_GoA2019_zocc244,Euphausia pacifica,urn:lsid:marinespecies.org:taxname:237851,Animalia,Arthropoda,Malacostraca,Euphausiacea,Euphausiidae,Euphausia,present,size fractionated & frozen,1,individuals,NA,http://vocab.nerc.ac.uk/collection/S11/current/S1131/,NA,NA,NA
GoA2019_Stn49:bongo:Net2:SS149,IYS_GoA2019_zocc245,Paraeuchaeta sp.,urn:lsid:marinespecies.org:taxname:196874,Animalia,Arthropoda,Hexanauplia,Calanoida,Euchaetidae,Paraeuchaeta,present,size fractionated & frozen,3,individuals,NA,http://vocab.nerc.ac.uk/collection/S11/current/S1131/,NA,NA,NA
GoA2019_Stn49:bongo:Net2:SS150,IYS_GoA2019_zocc246,Paraeuchaeta sp.,urn:lsid:marinespecies.org:taxname:196874,Animalia,Arthropoda,Hexanauplia,Calanoida,Euchaetidae,Paraeuchaeta,present,size fractionated & frozen,3,individuals,NA,http://vocab.nerc.ac.uk/collection/S11/current/S1131/,NA,NA,NA
GoA2019_Stn50:bongo:Net2:SS152,IYS_GoA2019_zocc247,Neocalanus cristatus,urn:lsid:marinespecies.org:taxname:104470,Animalia,Arthropoda,Hexanauplia,Calanoida,Calanidae,Neocalanus,present,size fractionated & frozen,3,individuals,NA,http://vocab.nerc.ac.uk/collection/S11/current/S1131/,NA,NA,NA
GoA2019_Stn50:bongo:Net2:SS153,IYS_GoA2019_zocc248,Thysanoessa sp.,urn:lsid:marinespecies.org:taxname:110679,Animalia,Arthropoda,Malacostraca,Euphausiacea,Euphausiidae,Thysanoessa,present,size fractionated & frozen,1,individuals,NA,http://vocab.nerc.ac.uk/collection/S11/current/S1131/,NA,NA,NA
GoA2019_Stn50:bongo:Net2:SS154,IYS_GoA2019_zocc249,Neocalanus cristatus,urn:lsid:marinespecies.org:taxname:104470,Animalia,Arthropoda,Hexanauplia,Calanoida,Calanidae,Neocalanus,present,size fractionated & frozen,3,individuals,NA,http://vocab.nerc.ac.uk/collection/S11/current/S1131/,NA,NA,NA
GoA2019_Stn50:bongo:Net2:SS155,IYS_GoA2019_zocc250,Gastropod veliger,urn:lsid:marinespecies.org:taxname:101,Animalia,Mollusca,Gastropoda,NA,NA,NA,present,size fractionated & frozen,1,individuals,NA,http://vocab.nerc.ac.uk/collection/S11/current/S1131/,NA,NA,NA
GoA2019_Stn50:bongo:Net2:SS156,IYS_GoA2019_zocc251,siphonophore,urn:lsid:marinespecies.org:taxname:1371,Animalia,Cnidaria,Hydrozoa,Siphonophorae,NA,NA,present,size fractionated & frozen,>3,individuals,NA,http://vocab.nerc.ac.uk/collection/S11/current/S1131/,NA,NA,NA
GoA2019_Stn53:bongo:Net2:SS158,IYS_GoA2019_zocc252,Neocalanus cristatus,urn:lsid:marinespecies.org:taxname:104470,Animalia,Arthropoda,Hexanauplia,Calanoida,Calanidae,Neocalanus,present,size fractionated & frozen,3,individuals,NA,http://vocab.nerc.ac.uk/collection/S11/current/S1131/,NA,NA,NA
GoA2019_Stn53:bongo:Net2:SS159,IYS_GoA2019_zocc253,Neocalanus cristatus,urn:lsid:marinespecies.org:taxname:104470,Animalia,Arthropoda,Hexanauplia,Calanoida,Calanidae,Neocalanus,present,size fractionated & frozen,3,individuals,NA,http://vocab.nerc.ac.uk/collection/S11/current/S1131/,NA,NA,NA
GoA2019_Stn54:bongo:Net1:SS165,IYS_GoA2019_zocc254,Primno pacifica,urn:lsid:marinespecies.org:taxname:286539,Animalia,Cnidaria,Anthozoa,Alcyonacea,Primnoidae,Primnoa,present,formalin,1,individuals,NA,http://vocab.nerc.ac.uk/collection/S11/current/S1131/,NA,NA,NA
GoA2019_Stn54:bongo:Net2:22026.0,IYS_GoA2019_zocc255,Euphausia pacifica,urn:lsid:marinespecies.org:taxname:237851,Animalia,Arthropoda,Malacostraca,Euphausiacea,Euphausiidae,Euphausia,present,size fractionated & frozen,3,individuals,NA,http://vocab.nerc.ac.uk/collection/S11/current/S1131/,NA,NA,NA
GoA2019_Stn54:bongo:Net2:SS160,IYS_GoA2019_zocc256,Tarletonbeania crenularis,urn:lsid:marinespecies.org:taxname:282927,Animalia,Chordata,Actinopterygii,Myctophiformes,Myctophidae,Tarletonbeania,present,size fractionated & frozen,1,individuals,NA,http://vocab.nerc.ac.uk/collection/S11/current/S1131/,NA,NA,NA
GoA2019_Stn54:bongo:Net2:SS161,IYS_GoA2019_zocc257,Euphausia pacifica,urn:lsid:marinespecies.org:taxname:237851,Animalia,Arthropoda,Malacostraca,Euphausiacea,Euphausiidae,Euphausia,present,size fractionated & frozen,4,individuals,NA,http://vocab.nerc.ac.uk/collection/S11/current/S1131/,NA,NA,NA
GoA2019_Stn54:bongo:Net2:SS162,IYS_GoA2019_zocc258,Euphausia pacifica,urn:lsid:marinespecies.org:taxname:237851,Animalia,Arthropoda,Malacostraca,Euphausiacea,Euphausiidae,Euphausia,present,size fractionated & frozen,3,individuals,NA,http://vocab.nerc.ac.uk/collection/S11/current/S1131/,NA,NA,NA
GoA2019_Stn54:bongo:Net2:SS163,IYS_GoA2019_zocc259,Euphausia pacifica,urn:lsid:marinespecies.org:taxname:237851,Animalia,Arthropoda,Malacostraca,Euphausiacea,Euphausiidae,Euphausia,present,size fractionated & frozen,6,individuals,NA,http://vocab.nerc.ac.uk/collection/S11/current/S1131/,NA,NA,NA
GoA2019_Stn54:bongo:Net2:SS164,IYS_GoA2019_zocc260,siphonophore,urn:lsid:marinespecies.org:taxname:1371,Animalia,Cnidaria,Hydrozoa,Siphonophorae,NA,NA,present,size fractionated & frozen,>4,individuals,NA,http://vocab.nerc.ac.uk/collection/S11/current/S1131/,NA,NA,NA
GoA2019_Stn55:bongo:Net1:SS168,IYS_GoA2019_zocc261,Neocalanus cristatus,urn:lsid:marinespecies.org:taxname:104470,Animalia,Arthropoda,Hexanauplia,Calanoida,Calanidae,Neocalanus,present,formalin,3,individuals,NA,http://vocab.nerc.ac.uk/collection/S11/current/S1131/,NA,NA,NA
GoA2019_Stn55:bongo:Net2:SS166,IYS_GoA2019_zocc262,Neocalanus cristatus,urn:lsid:marinespecies.org:taxname:104470,Animalia,Arthropoda,Hexanauplia,Calanoida,Calanidae,Neocalanus,present,size fractionated & frozen,4,individuals,NA,http://vocab.nerc.ac.uk/collection/S11/current/S1131/,NA,NA,NA
GoA2019_Stn55:bongo:Net2:SS167,IYS_GoA2019_zocc263,siphonophore,urn:lsid:marinespecies.org:taxname:1371,Animalia,Cnidaria,Hydrozoa,Siphonophorae,NA,NA,present,size fractionated & frozen,4,individuals,NA,http://vocab.nerc.ac.uk/collection/S11/current/S1131/,NA,NA,NA
GoA2019_Stn56:bongo:Net2:22027.0,IYS_GoA2019_zocc264,Euphausia pacifica,urn:lsid:marinespecies.org:taxname:237851,Animalia,Arthropoda,Malacostraca,Euphausiacea,Euphausiidae,Euphausia,present,size fractionated & frozen,3,individuals,NA,http://vocab.nerc.ac.uk/collection/S11/current/S1131/,NA,NA,NA
GoA2019_Stn56:bongo:Net2:SS169,IYS_GoA2019_zocc265,Thysanoessa sp.,urn:lsid:marinespecies.org:taxname:110679,Animalia,Arthropoda,Malacostraca,Euphausiacea,Euphausiidae,Thysanoessa,present,size fractionated & frozen,1,individuals,NA,http://vocab.nerc.ac.uk/collection/S11/current/S1131/,NA,NA,NA
GoA2019_Stn56:bongo:Net2:SS170,IYS_GoA2019_zocc266,Thysanoessa sp.,urn:lsid:marinespecies.org:taxname:110679,Animalia,Arthropoda,Malacostraca,Euphausiacea,Euphausiidae,Thysanoessa,present,size fractionated & frozen,1,individuals,NA,http://vocab.nerc.ac.uk/collection/S11/current/S1131/,NA,NA,NA
GoA2019_Stn56:bongo:Net2:SS171,IYS_GoA2019_zocc267,Euphausia pacifica,urn:lsid:marinespecies.org:taxname:237851,Animalia,Arthropoda,Malacostraca,Euphausiacea,Euphausiidae,Euphausia,present,size fractionated & frozen,3,individuals,NA,http://vocab.nerc.ac.uk/collection/S11/current/S1131/,NA,NA,NA
GoA2019_Stn56:bongo:Net2:SS172,IYS_GoA2019_zocc268,Euphausia pacifica,urn:lsid:marinespecies.org:taxname:237851,Animalia,Arthropoda,Malacostraca,Euphausiacea,Euphausiidae,Euphausia,present,size fractionated & frozen,2,individuals,NA,http://vocab.nerc.ac.uk/collection/S11/current/S1131/,NA,NA,NA
GoA2019_Stn56:bongo:Net2:SS173,IYS_GoA2019_zocc269,Limacina helicina,urn:lsid:marinespecies.org:taxname:140223,Animalia,Mollusca,Gastropoda,Pteropoda,Limacinidae,Limacina,present,size fractionated & frozen,4,individuals,NA,http://vocab.nerc.ac.uk/collection/S11/current/S1131/,NA,NA,NA
GoA2019_Stn56:bongo:Net2:SS174,IYS_GoA2019_zocc270,Paraeuchaeta sp.,urn:lsid:marinespecies.org:taxname:196874,Animalia,Arthropoda,Hexanauplia,Calanoida,Euchaetidae,Paraeuchaeta,present,size fractionated & frozen,4,individuals,NA,http://vocab.nerc.ac.uk/collection/S11/current/S1131/,NA,NA,NA
GoA2019_Stn56:bongo:Net2:Z912,IYS_GoA2019_zocc271,Aequorea sp.,urn:lsid:marinespecies.org:taxname:116998,Animalia,Cnidaria,Hydrozoa,Leptothecata,Aequoreidae,Aequorea,present,size fractionated & frozen,1,individuals,NA,http://vocab.nerc.ac.uk/collection/S11/current/S1131/,NA,NA,NA
GoA2019_Stn57:bongo:Net2:SS175,IYS_GoA2019_zocc272,Primno pacifica,urn:lsid:marinespecies.org:taxname:286539,Animalia,Cnidaria,Anthozoa,Alcyonacea,Primnoidae,Primnoa,present,size fractionated & frozen,1,individuals,NA,http://vocab.nerc.ac.uk/collection/S11/current/S1131/,NA,NA,NA
GoA2019_Stn57:bongo:Net2:SS176,IYS_GoA2019_zocc273,Chaetognath (Sagitta),urn:lsid:marinespecies.org:taxname:5949,Animalia,Chaetognatha,Sagittoidea,NA,NA,NA,present,size fractionated & frozen,1,individuals,NA,http://vocab.nerc.ac.uk/collection/S11/current/S1131/,NA,NA,NA
GoA2019_Stn57:bongo:Net2:SS176,IYS_GoA2019_zocc274,Chaetognath (Sagitta),urn:lsid:marinespecies.org:taxname:5949,Animalia,Chaetognatha,Sagittoidea,NA,NA,NA,present,size fractionated & frozen,1,individuals,NA,http://vocab.nerc.ac.uk/collection/S11/current/S1131/,NA,NA,NA
GoA2019_Stn57:bongo:Net2:SS176,IYS_GoA2019_zocc275,Chaetognath (Sagitta),urn:lsid:marinespecies.org:taxname:5949,Animalia,Chaetognatha,Sagittoidea,NA,NA,NA,present,size fractionated & frozen,1,individuals,NA,http://vocab.nerc.ac.uk/collection/S11/current/S1131/,NA,NA,NA
GoA2019_Stn57:bongo:Net2:SS176,IYS_GoA2019_zocc276,Chaetognath (Sagitta),urn:lsid:marinespecies.org:taxname:5949,Animalia,Chaetognatha,Sagittoidea,NA,NA,NA,present,size fractionated & frozen,1,individuals,NA,http://vocab.nerc.ac.uk/collection/S11/current/S1131/,NA,NA,NA
GoA2019_Stn57:bongo:Net2:SS177,IYS_GoA2019_zocc277,Hydromedusae,urn:lsid:marinespecies.org:taxname:1337,Animalia,Cnidaria,Hydrozoa,NA,NA,NA,present,size fractionated & frozen,2,individuals,NA,http://vocab.nerc.ac.uk/collection/S11/current/S1131/,NA,NA,NA
GoA2019_Stn57:bongo:Net2:SS178,IYS_GoA2019_zocc278,Hydromedusae,urn:lsid:marinespecies.org:taxname:1337,Animalia,Cnidaria,Hydrozoa,NA,NA,NA,present,size fractionated & frozen,4,individuals,NA,http://vocab.nerc.ac.uk/collection/S11/current/S1131/,NA,NA,NA
GoA2019_Stn57:bongo:Net2:SS179,IYS_GoA2019_zocc279,Phronima (sedentaria),urn:lsid:marinespecies.org:taxname:103272,Animalia,Arthropoda,Malacostraca,Amphipoda,Phronimidae,Phronima,present,size fractionated & frozen,1,individuals,NA,http://vocab.nerc.ac.uk/collection/S11/current/S1131/,NA,NA,NA
GoA2019_Stn57:bongo:Net2:SS180,IYS_GoA2019_zocc280,Limacina helicina,urn:lsid:marinespecies.org:taxname:140223,Animalia,Mollusca,Gastropoda,Pteropoda,Limacinidae,Limacina,present,size fractionated & frozen,1,individuals,NA,http://vocab.nerc.ac.uk/collection/S11/current/S1131/,NA,NA,NA
GoA2019_Stn57:bongo:Net2:SS181,IYS_GoA2019_zocc281,Neocalanus cristatus,urn:lsid:marinespecies.org:taxname:104470,Animalia,Arthropoda,Hexanauplia,Calanoida,Calanidae,Neocalanus,present,size fractionated & frozen,3,individuals,NA,http://vocab.nerc.ac.uk/collection/S11/current/S1131/,NA,NA,NA
GoA2019_Stn58:bongo:Net2:Z917,IYS_GoA2019_zocc282,Sergestes similis,urn:lsid:marinespecies.org:taxname:514127,Animalia,Arthropoda,Malacostraca,Decapoda,Sergestidae,Eusergestes,present,size fractionated & frozen,1,individuals,Solitary, ,NA,NA,NA
GoA2019_Stn59:bongo:Net2:SS183,IYS_GoA2019_zocc283,Sergestes similis,urn:lsid:marinespecies.org:taxname:514127,Animalia,Arthropoda,Malacostraca,Decapoda,Sergestidae,Eusergestes,present,size fractionated & frozen,1,individuals,NA,http://vocab.nerc.ac.uk/collection/S11/current/S1131/,NA,NA,NA
GoA2019_Stn59:bongo:Net2:SS184,IYS_GoA2019_zocc284,Sergestes similis,urn:lsid:marinespecies.org:taxname:514127,Animalia,Arthropoda,Malacostraca,Decapoda,Sergestidae,Eusergestes,present,size fractionated & frozen,1,individuals,NA,http://vocab.nerc.ac.uk/collection/S11/current/S1131/,NA,NA,NA
GoA2019_Stn59:bongo:Net2:SS185,IYS_GoA2019_zocc285,Siphonophore,urn:lsid:marinespecies.org:taxname:1371,Animalia,Cnidaria,Hydrozoa,Siphonophorae,NA,NA,present,size fractionated & frozen,1,individuals,NA,http://vocab.nerc.ac.uk/collection/S11/current/S1131/,NA,NA,NA
GoA2019_Stn59:bongo:Net2:SS185,IYS_GoA2019_zocc286,Siphonophore,urn:lsid:marinespecies.org:taxname:1371,Animalia,Cnidaria,Hydrozoa,Siphonophorae,NA,NA,present,size fractionated & frozen,1,individuals,NA,http://vocab.nerc.ac.uk/collection/S11/current/S1131/,NA,NA,NA
GoA2019_Stn59:bongo:Net2:SS186,IYS_GoA2019_zocc287,Euphausia pacifica,urn:lsid:marinespecies.org:taxname:237851,Animalia,Arthropoda,Malacostraca,Euphausiacea,Euphausiidae,Euphausia,present,size fractionated & frozen,2,individuals,NA,http://vocab.nerc.ac.uk/collection/S11/current/S1131/,NA,NA,NA
GoA2019_Stn59:bongo:Net2:SS187,IYS_GoA2019_zocc288,Thysanoessa sp.,urn:lsid:marinespecies.org:taxname:110679,Animalia,Arthropoda,Malacostraca,Euphausiacea,Euphausiidae,Thysanoessa,present,size fractionated & frozen,2,individuals,NA,http://vocab.nerc.ac.uk/collection/S11/current/S1131/,NA,NA,NA
GoA2019_Stn60:bongo:Net2:SS188,IYS_GoA2019_zocc289,Sergestes similis,urn:lsid:marinespecies.org:taxname:514127,Animalia,Arthropoda,Malacostraca,Decapoda,Sergestidae,Eusergestes,present,size fractionated & frozen,1,individuals,NA,http://vocab.nerc.ac.uk/collection/S11/current/S1131/,NA,NA,NA
GoA2019_Stn60:bongo:Net2:SS189,IYS_GoA2019_zocc290,Sergestes similis,urn:lsid:marinespecies.org:taxname:514127,Animalia,Arthropoda,Malacostraca,Decapoda,Sergestidae,Eusergestes,present,size fractionated & frozen,1,individuals,NA,http://vocab.nerc.ac.uk/collection/S11/current/S1131/,NA,NA,NA
GoA2019_Stn60:bongo:Net2:SS190,IYS_GoA2019_zocc291,Sergestes similis,urn:lsid:marinespecies.org:taxname:514127,Animalia,Arthropoda,Malacostraca,Decapoda,Sergestidae,Eusergestes,present,size fractionated & frozen,1,individuals,NA,http://vocab.nerc.ac.uk/collection/S11/current/S1131/,NA,NA,NA
GoA2019_Stn60:bongo:Net2:SS191,IYS_GoA2019_zocc292,Siphonophore (Lensia type),urn:lsid:marinespecies.org:taxname:135365,Animalia,Cnidaria,Hydrozoa,Siphonophorae,Diphyidae,Lensia,present,size fractionated & frozen,1,individuals,NA,http://vocab.nerc.ac.uk/collection/S11/current/S1131/,NA,NA,NA
GoA2019_Stn60:bongo:Net2:SS192,IYS_GoA2019_zocc293,Phronima (sedentaria),urn:lsid:marinespecies.org:taxname:103272,Animalia,Arthropoda,Malacostraca,Amphipoda,Phronimidae,Phronima,present,size fractionated & frozen,1,individuals,NA,http://vocab.nerc.ac.uk/collection/S11/current/S1131/,NA,NA,NA
