eventID,scientificName,occurrenceID,occurrenceStatus,reproductiveCondition,scientificNameID,scientificAuthorityName,individualCount,vernacularName,taxonRank,taxonomicStatus,sex,lifeStage,kingdom,phylum,class,order,family,genus,Preparations,occurrenceRemarks
IYS:GoA2019_Stn5:bongo:Net2:S50,Eusergestes similis,IYS:GoA2019_Stn5:bongo:Net2:S50:zoop_occ-1,present,NA,urn:lsid:marinespecies.org:taxname:514127,"(Hansen, 1903)",1,NA,Species,accepted,NA,"NA",Animalia,Arthropoda,Malacostraca,Decapoda,Sergestidae,Eusergestes,size fractionated & frozen,NA
IYS:GoA2019_Stn5:bongo:Net2:S51,Euphausia pacifica,IYS:GoA2019_Stn5:bongo:Net2:S51:zoop_occ-2,present,NA,urn:lsid:marinespecies.org:taxname:237851,"Hansen, 1911",1,NA,Species,accepted,NA,"NA",Animalia,Arthropoda,Malacostraca,Euphausiacea,Euphausiidae,Euphausia,size fractionated & frozen,NA
IYS:GoA2019_Stn5:bongo:Net2:S52,Euphausia pacifica,IYS:GoA2019_Stn5:bongo:Net2:S52:zoop_occ-3,present,NA,urn:lsid:marinespecies.org:taxname:237851,"Hansen, 1911",1,NA,Species,accepted,NA,"NA",Animalia,Arthropoda,Malacostraca,Euphausiacea,Euphausiidae,Euphausia,size fractionated & frozen,NA
IYS:GoA2019_Stn5:bongo:Net2:S53,Thysanoessa spinifera,IYS:GoA2019_Stn5:bongo:Net2:S53:zoop_occ-4,present,NA,urn:lsid:marinespecies.org:taxname:237874,"Holmes, 1900",1,NA,Species,accepted,NA,"NA",Animalia,Arthropoda,Malacostraca,Euphausiacea,Euphausiidae,Thysanoessa,size fractionated & frozen,NA
IYS:GoA2019_Stn5:bongo:Net2:S54,Thysanoessa spinifera,IYS:GoA2019_Stn5:bongo:Net2:S54:zoop_occ-5,present,NA,urn:lsid:marinespecies.org:taxname:237874,"Holmes, 1900",1,NA,Species,accepted,NA,"NA",Animalia,Arthropoda,Malacostraca,Euphausiacea,Euphausiidae,Thysanoessa,size fractionated & frozen,NA
IYS:GoA2019_Stn10:bongo:Net1:Petri dish,Salpa aspera,IYS:GoA2019_Stn10:bongo:Net1:Petri dish:zoop_occ-6,present,NA,urn:lsid:marinespecies.org:taxname:137270,"Chamisso, 1819",1,NA,Species,accepted,NA,2.0,Animalia,Chordata,Thaliacea,Salpida,Salpidae,Salpa,formalin,NA
IYS:GoA2019_Stn10:bongo:Net1:Petri dish,Salpa aspera,IYS:GoA2019_Stn10:bongo:Net1:Petri dish:zoop_occ-7,present,NA,urn:lsid:marinespecies.org:taxname:137270,"Chamisso, 1819",1,NA,Species,accepted,NA,NA,Animalia,Chordata,Thaliacea,Salpida,Salpidae,Salpa,formalin,Spent
IYS:GoA2019_Stn10:bongo:Net1:Petri dish,Salpa aspera,IYS:GoA2019_Stn10:bongo:Net1:Petri dish:zoop_occ-8,present,NA,urn:lsid:marinespecies.org:taxname:137270,"Chamisso, 1819",1,NA,Species,accepted,NA,4.0,Animalia,Chordata,Thaliacea,Salpida,Salpidae,Salpa,formalin,NA
IYS:GoA2019_Stn10:bongo:Net1:Petri dish,Salpa aspera,IYS:GoA2019_Stn10:bongo:Net1:Petri dish:zoop_occ-9,present,NA,urn:lsid:marinespecies.org:taxname:137270,"Chamisso, 1819",1,NA,Species,accepted,NA,4.0,Animalia,Chordata,Thaliacea,Salpida,Salpidae,Salpa,formalin,NA
IYS:GoA2019_Stn10:bongo:Net1:Petri dish,Salpa aspera,IYS:GoA2019_Stn10:bongo:Net1:Petri dish:zoop_occ-10,present,NA,urn:lsid:marinespecies.org:taxname:137270,"Chamisso, 1819",1,NA,Species,accepted,NA,NA,Animalia,Chordata,Thaliacea,Salpida,Salpidae,Salpa,formalin,Spent
IYS:GoA2019_Stn10:bongo:Net1:Petri dish,Salpa aspera,IYS:GoA2019_Stn10:bongo:Net1:Petri dish:zoop_occ-11,present,NA,urn:lsid:marinespecies.org:taxname:137270,"Chamisso, 1819",1,NA,Species,accepted,NA,NA,Animalia,Chordata,Thaliacea,Salpida,Salpidae,Salpa,formalin,Spent
IYS:GoA2019_Stn10:bongo:Net1:Petri dish,Salpa aspera,IYS:GoA2019_Stn10:bongo:Net1:Petri dish:zoop_occ-12,present,NA,urn:lsid:marinespecies.org:taxname:137270,"Chamisso, 1819",1,NA,Species,accepted,NA,NA,Animalia,Chordata,Thaliacea,Salpida,Salpidae,Salpa,formalin,Spent
IYS:GoA2019_Stn10:bongo:Net1:Petri dish,Salpa aspera,IYS:GoA2019_Stn10:bongo:Net1:Petri dish:zoop_occ-13,present,NA,urn:lsid:marinespecies.org:taxname:137270,"Chamisso, 1819",1,NA,Species,accepted,NA,NA,Animalia,Chordata,Thaliacea,Salpida,Salpidae,Salpa,formalin,Spent
IYS:GoA2019_Stn10:bongo:Net1:Petri dish,Salpa aspera,IYS:GoA2019_Stn10:bongo:Net1:Petri dish:zoop_occ-14,present,NA,urn:lsid:marinespecies.org:taxname:137270,"Chamisso, 1819",1,NA,Species,accepted,NA,NA,Animalia,Chordata,Thaliacea,Salpida,Salpidae,Salpa,formalin,Spent
IYS:GoA2019_Stn10:bongo:Net1:Petri dish,Salpa aspera,IYS:GoA2019_Stn10:bongo:Net1:Petri dish:zoop_occ-15,present,NA,urn:lsid:marinespecies.org:taxname:137270,"Chamisso, 1819",1,NA,Species,accepted,NA,4.0,Animalia,Chordata,Thaliacea,Salpida,Salpidae,Salpa,formalin,NA
IYS:GoA2019_Stn10:bongo:Net1:Petri dish,Salpa aspera,IYS:GoA2019_Stn10:bongo:Net1:Petri dish:zoop_occ-16,present,NA,urn:lsid:marinespecies.org:taxname:137270,"Chamisso, 1819",1,NA,Species,accepted,NA,NA,Animalia,Chordata,Thaliacea,Salpida,Salpidae,Salpa,formalin,Spent
IYS:GoA2019_Stn10:bongo:Net1:Petri dish,Salpa aspera,IYS:GoA2019_Stn10:bongo:Net1:Petri dish:zoop_occ-17,present,NA,urn:lsid:marinespecies.org:taxname:137270,"Chamisso, 1819",1,NA,Species,accepted,NA,NA,Animalia,Chordata,Thaliacea,Salpida,Salpidae,Salpa,formalin,Spent
IYS:GoA2019_Stn11:bongo:Net1:Petri dish,Salpa aspera,IYS:GoA2019_Stn11:bongo:Net1:Petri dish:zoop_occ-18,present,NA,urn:lsid:marinespecies.org:taxname:137270,"Chamisso, 1819",1,NA,Species,accepted,NA,"NA",Animalia,Chordata,Thaliacea,Salpida,Salpidae,Salpa,formalin,NA
IYS:GoA2019_Stn11:bongo:Net1:Petri dish,Salpa aspera,IYS:GoA2019_Stn11:bongo:Net1:Petri dish:zoop_occ-19,present,NA,urn:lsid:marinespecies.org:taxname:137270,"Chamisso, 1819",1,NA,Species,accepted,NA,"NA",Animalia,Chordata,Thaliacea,Salpida,Salpidae,Salpa,formalin,NA
IYS:GoA2019_Stn11:bongo:Net1:Petri dish,Salpa aspera,IYS:GoA2019_Stn11:bongo:Net1:Petri dish:zoop_occ-20,present,NA,urn:lsid:marinespecies.org:taxname:137270,"Chamisso, 1819",1,NA,Species,accepted,NA,"NA",Animalia,Chordata,Thaliacea,Salpida,Salpidae,Salpa,formalin,NA
IYS:GoA2019_Stn11:bongo:Net1:Petri dish,Salpa aspera,IYS:GoA2019_Stn11:bongo:Net1:Petri dish:zoop_occ-21,present,NA,urn:lsid:marinespecies.org:taxname:137270,"Chamisso, 1819",1,NA,Species,accepted,NA,"NA",Animalia,Chordata,Thaliacea,Salpida,Salpidae,Salpa,formalin,NA
IYS:GoA2019_Stn11:bongo:Net1:Petri dish,Salpa aspera,IYS:GoA2019_Stn11:bongo:Net1:Petri dish:zoop_occ-22,present,NA,urn:lsid:marinespecies.org:taxname:137270,"Chamisso, 1819",1,NA,Species,accepted,NA,"NA",Animalia,Chordata,Thaliacea,Salpida,Salpidae,Salpa,formalin,NA
IYS:GoA2019_Stn11:bongo:Net1:Petri dish,Salpa aspera,IYS:GoA2019_Stn11:bongo:Net1:Petri dish:zoop_occ-23,present,NA,urn:lsid:marinespecies.org:taxname:137270,"Chamisso, 1819",1,NA,Species,accepted,NA,"NA",Animalia,Chordata,Thaliacea,Salpida,Salpidae,Salpa,formalin,NA
IYS:GoA2019_Stn11:bongo:Net1:Petri dish,Salpa aspera,IYS:GoA2019_Stn11:bongo:Net1:Petri dish:zoop_occ-24,present,NA,urn:lsid:marinespecies.org:taxname:137270,"Chamisso, 1819",1,NA,Species,accepted,NA,"NA",Animalia,Chordata,Thaliacea,Salpida,Salpidae,Salpa,formalin,NA
IYS:GoA2019_Stn11:bongo:Net1:Petri dish,Salpa aspera,IYS:GoA2019_Stn11:bongo:Net1:Petri dish:zoop_occ-25,present,NA,urn:lsid:marinespecies.org:taxname:137270,"Chamisso, 1819",1,NA,Species,accepted,NA,"NA",Animalia,Chordata,Thaliacea,Salpida,Salpidae,Salpa,formalin,NA
IYS:GoA2019_Stn11:bongo:Net1:Petri dish,Salpa aspera,IYS:GoA2019_Stn11:bongo:Net1:Petri dish:zoop_occ-26,present,NA,urn:lsid:marinespecies.org:taxname:137270,"Chamisso, 1819",1,NA,Species,accepted,NA,"NA",Animalia,Chordata,Thaliacea,Salpida,Salpidae,Salpa,formalin,NA
IYS:GoA2019_Stn11:bongo:Net1:Petri dish,Salpa aspera,IYS:GoA2019_Stn11:bongo:Net1:Petri dish:zoop_occ-27,present,NA,urn:lsid:marinespecies.org:taxname:137270,"Chamisso, 1819",1,NA,Species,accepted,NA,"NA",Animalia,Chordata,Thaliacea,Salpida,Salpidae,Salpa,formalin,NA
IYS:GoA2019_Stn11:bongo:Net1:Petri dish,Salpa aspera,IYS:GoA2019_Stn11:bongo:Net1:Petri dish:zoop_occ-28,present,NA,urn:lsid:marinespecies.org:taxname:137270,"Chamisso, 1819",3,NA,Species,accepted,NA,"NA",Animalia,Chordata,Thaliacea,Salpida,Salpidae,Salpa,formalin,NA
IYS:GoA2019_Stn11:bongo:Net1:S109,Euphausia pacifica,IYS:GoA2019_Stn11:bongo:Net1:S109:zoop_occ-29,present,NA,urn:lsid:marinespecies.org:taxname:237851,"Hansen, 1911",1,NA,Species,accepted,NA,"NA",Animalia,Arthropoda,Malacostraca,Euphausiacea,Euphausiidae,Euphausia,formalin,NA
IYS:GoA2019_Stn11:bongo:Net1:S110,Euphausia pacifica,IYS:GoA2019_Stn11:bongo:Net1:S110:zoop_occ-30,present,NA,urn:lsid:marinespecies.org:taxname:237851,"Hansen, 1911",1,NA,Species,accepted,NA,"NA",Animalia,Arthropoda,Malacostraca,Euphausiacea,Euphausiidae,Euphausia,formalin,NA
IYS:GoA2019_Stn11:bongo:Net1:S111,Neocalanus cristatus,IYS:GoA2019_Stn11:bongo:Net1:S111:zoop_occ-31,present,NA,urn:lsid:marinespecies.org:taxname:104470,"(Krøyer, 1848)",1,NA,Species,accepted,NA,"NA",Animalia,Arthropoda,Hexanauplia,Calanoida,Calanidae,Neocalanus,formalin,NA
IYS:GoA2019_Stn11:bongo:Net1:S112,Neocalanus cristatus,IYS:GoA2019_Stn11:bongo:Net1:S112:zoop_occ-32,present,NA,urn:lsid:marinespecies.org:taxname:104470,"(Krøyer, 1848)",1,NA,Species,accepted,NA,"NA",Animalia,Arthropoda,Hexanauplia,Calanoida,Calanidae,Neocalanus,formalin,NA
IYS:GoA2019_Stn11:bongo:Net1:S113,Neocalanus cristatus,IYS:GoA2019_Stn11:bongo:Net1:S113:zoop_occ-33,present,NA,urn:lsid:marinespecies.org:taxname:104470,"(Krøyer, 1848)",1,NA,Species,accepted,NA,"NA",Animalia,Arthropoda,Hexanauplia,Calanoida,Calanidae,Neocalanus,formalin,NA
IYS:GoA2019_Stn11:bongo:Net2:22000,Thysanoessa spinifera,IYS:GoA2019_Stn11:bongo:Net2:22000:zoop_occ-34,present,NA,urn:lsid:marinespecies.org:taxname:237874,"Holmes, 1900",1,NA,Species,accepted,NA,"NA",Animalia,Arthropoda,Malacostraca,Euphausiacea,Euphausiidae,Thysanoessa,size fractionated & frozen,NA
IYS:GoA2019_Stn11:bongo:Net2:22001,Thysanoessa spinifera,IYS:GoA2019_Stn11:bongo:Net2:22001:zoop_occ-35,present,NA,urn:lsid:marinespecies.org:taxname:237874,"Holmes, 1900",1,NA,Species,accepted,NA,"NA",Animalia,Arthropoda,Malacostraca,Euphausiacea,Euphausiidae,Thysanoessa,size fractionated & frozen,NA
IYS:GoA2019_Stn11:bongo:Net2:22002,Thysanoessa spinifera,IYS:GoA2019_Stn11:bongo:Net2:22002:zoop_occ-36,present,NA,urn:lsid:marinespecies.org:taxname:237874,"Holmes, 1900",1,NA,Species,accepted,NA,"NA",Animalia,Arthropoda,Malacostraca,Euphausiacea,Euphausiidae,Thysanoessa,size fractionated & frozen,NA
IYS:GoA2019_Stn11:bongo:Net2:22003,Copepoda,IYS:GoA2019_Stn11:bongo:Net2:22003:zoop_occ-37,present,NA,urn:lsid:marinespecies.org:taxname:1080,"Milne Edwards, 1840",1,NA,Subclass,accepted,NA,"NA",Animalia,Arthropoda,Hexanauplia,NA,NA,NA,size fractionated & frozen,NA
IYS:GoA2019_Stn11:bongo:Net2:22004,Copepoda,IYS:GoA2019_Stn11:bongo:Net2:22004:zoop_occ-38,present,NA,urn:lsid:marinespecies.org:taxname:1080,"Milne Edwards, 1840",1,NA,Subclass,accepted,NA,"NA",Animalia,Arthropoda,Hexanauplia,NA,NA,NA,size fractionated & frozen,NA
IYS:GoA2019_Stn11:bongo:Net2:22005,Copepoda,IYS:GoA2019_Stn11:bongo:Net2:22005:zoop_occ-39,present,NA,urn:lsid:marinespecies.org:taxname:1080,"Milne Edwards, 1840",1,NA,Subclass,accepted,NA,"NA",Animalia,Arthropoda,Hexanauplia,NA,NA,NA,size fractionated & frozen,NA
IYS:GoA2019_Stn11:bongo:Net2:22006,Copepoda,IYS:GoA2019_Stn11:bongo:Net2:22006:zoop_occ-40,present,NA,urn:lsid:marinespecies.org:taxname:1080,"Milne Edwards, 1840",1,NA,Subclass,accepted,NA,"NA",Animalia,Arthropoda,Hexanauplia,NA,NA,NA,size fractionated & frozen,NA
IYS:GoA2019_Stn11:bongo:Net2:22007,Copepoda,IYS:GoA2019_Stn11:bongo:Net2:22007:zoop_occ-41,present,NA,urn:lsid:marinespecies.org:taxname:1080,"Milne Edwards, 1840",1,NA,Subclass,accepted,NA,"NA",Animalia,Arthropoda,Hexanauplia,NA,NA,NA,size fractionated & frozen,NA
IYS:GoA2019_Stn11:bongo:Net2:S102,Euphausia pacifica,IYS:GoA2019_Stn11:bongo:Net2:S102:zoop_occ-42,present,NA,urn:lsid:marinespecies.org:taxname:237851,"Hansen, 1911",1,NA,Species,accepted,NA,"NA",Animalia,Arthropoda,Malacostraca,Euphausiacea,Euphausiidae,Euphausia,size fractionated & frozen,NA
IYS:GoA2019_Stn11:bongo:Net2:S103,Thysanoessa spinifera,IYS:GoA2019_Stn11:bongo:Net2:S103:zoop_occ-43,present,NA,urn:lsid:marinespecies.org:taxname:237874,"Holmes, 1900",1,NA,Species,accepted,NA,"NA",Animalia,Arthropoda,Malacostraca,Euphausiacea,Euphausiidae,Thysanoessa,size fractionated & frozen,NA
IYS:GoA2019_Stn11:bongo:Net2:S104,Thysanoessa spinifera,IYS:GoA2019_Stn11:bongo:Net2:S104:zoop_occ-44,present,NA,urn:lsid:marinespecies.org:taxname:237874,"Holmes, 1900",1,NA,Species,accepted,NA,"NA",Animalia,Arthropoda,Malacostraca,Euphausiacea,Euphausiidae,Thysanoessa,size fractionated & frozen,NA
IYS:GoA2019_Stn11:bongo:Net2:S105,Cyphocaris,IYS:GoA2019_Stn11:bongo:Net2:S105:zoop_occ-45,present,NA,urn:lsid:marinespecies.org:taxname:101603,"Boeck, 1871",1,NA,Genus,accepted,NA,"NA",Animalia,Arthropoda,Malacostraca,Amphipoda,Cyphocarididae,Cyphocaris,size fractionated & frozen,NA
IYS:GoA2019_Stn11:bongo:Net2:S106,Neocalanus cristatus,IYS:GoA2019_Stn11:bongo:Net2:S106:zoop_occ-46,present,NA,urn:lsid:marinespecies.org:taxname:104470,"(Krøyer, 1848)",1,NA,Species,accepted,NA,"NA",Animalia,Arthropoda,Hexanauplia,Calanoida,Calanidae,Neocalanus,size fractionated & frozen,NA
IYS:GoA2019_Stn11:bongo:Net2:S107,Euphausia pacifica,IYS:GoA2019_Stn11:bongo:Net2:S107:zoop_occ-47,present,NA,urn:lsid:marinespecies.org:taxname:237851,"Hansen, 1911",1,NA,Species,accepted,NA,"NA",Animalia,Arthropoda,Malacostraca,Euphausiacea,Euphausiidae,Euphausia,size fractionated & frozen,NA
IYS:GoA2019_Stn11:bongo:Net2:S108,Neocalanus cristatus,IYS:GoA2019_Stn11:bongo:Net2:S108:zoop_occ-48,present,NA,urn:lsid:marinespecies.org:taxname:104470,"(Krøyer, 1848)",1,NA,Species,accepted,NA,"NA",Animalia,Arthropoda,Hexanauplia,Calanoida,Calanidae,Neocalanus,size fractionated & frozen,NA
IYS:GoA2019_Stn13:bongo:Net1:SS1,Neocalanus cristatus,IYS:GoA2019_Stn13:bongo:Net1:SS1:zoop_occ-49,present,NA,urn:lsid:marinespecies.org:taxname:104470,"(Krøyer, 1848)",5,NA,Species,accepted,NA,"NA",Animalia,Arthropoda,Hexanauplia,Calanoida,Calanidae,Neocalanus,formalin,NA
IYS:GoA2019_Stn13:bongo:Net1:SS2,Neocalanus cristatus,IYS:GoA2019_Stn13:bongo:Net1:SS2:zoop_occ-50,present,NA,urn:lsid:marinespecies.org:taxname:104470,"(Krøyer, 1848)",5,NA,Species,accepted,NA,"NA",Animalia,Arthropoda,Hexanauplia,Calanoida,Calanidae,Neocalanus,formalin,NA
IYS:GoA2019_Stn13:bongo:Net1:SS3,Eusergestes similis,IYS:GoA2019_Stn13:bongo:Net1:SS3:zoop_occ-51,present,NA,urn:lsid:marinespecies.org:taxname:514127,"(Hansen, 1903)",1,NA,Species,accepted,NA,"NA",Animalia,Arthropoda,Malacostraca,Decapoda,Sergestidae,Eusergestes,formalin,NA
IYS:GoA2019_Stn13:bongo:Net1:SS4,Eusergestes similis,IYS:GoA2019_Stn13:bongo:Net1:SS4:zoop_occ-52,present,NA,urn:lsid:marinespecies.org:taxname:514127,"(Hansen, 1903)",1,NA,Species,accepted,NA,"NA",Animalia,Arthropoda,Malacostraca,Decapoda,Sergestidae,Eusergestes,formalin,NA
IYS:GoA2019_Stn13:bongo:Net1:SS5,Thysanoessa spinifera,IYS:GoA2019_Stn13:bongo:Net1:SS5:zoop_occ-53,present,NA,urn:lsid:marinespecies.org:taxname:237874,"Holmes, 1900",2,NA,Species,accepted,NA,"NA",Animalia,Arthropoda,Malacostraca,Euphausiacea,Euphausiidae,Thysanoessa,formalin,NA
IYS:GoA2019_Stn13:bongo:Net1:SS6,Eusergestes similis,IYS:GoA2019_Stn13:bongo:Net1:SS6:zoop_occ-54,present,NA,urn:lsid:marinespecies.org:taxname:514127,"(Hansen, 1903)",1,NA,Species,accepted,NA,"NA",Animalia,Arthropoda,Malacostraca,Decapoda,Sergestidae,Eusergestes,formalin,NA
IYS:GoA2019_Stn14:bongo:Net1:SS15,Neocalanus cristatus,IYS:GoA2019_Stn14:bongo:Net1:SS15:zoop_occ-55,present,NA,urn:lsid:marinespecies.org:taxname:104470,"(Krøyer, 1848)",3,NA,Species,accepted,NA,"NA",Animalia,Arthropoda,Hexanauplia,Calanoida,Calanidae,Neocalanus,formalin,NA
IYS:GoA2019_Stn14:bongo:Net1:SS16,Neocalanus cristatus,IYS:GoA2019_Stn14:bongo:Net1:SS16:zoop_occ-56,present,NA,urn:lsid:marinespecies.org:taxname:104470,"(Krøyer, 1848)",3,NA,Species,accepted,NA,"NA",Animalia,Arthropoda,Hexanauplia,Calanoida,Calanidae,Neocalanus,formalin,NA
IYS:GoA2019_Stn14:bongo:Net1:SS17,Neocalanus cristatus,IYS:GoA2019_Stn14:bongo:Net1:SS17:zoop_occ-57,present,NA,urn:lsid:marinespecies.org:taxname:104470,"(Krøyer, 1848)",3,NA,Species,accepted,NA,"NA",Animalia,Arthropoda,Hexanauplia,Calanoida,Calanidae,Neocalanus,formalin,NA
IYS:GoA2019_Stn14:bongo:Net2:22008,Neocalanus cristatus,IYS:GoA2019_Stn14:bongo:Net2:22008:zoop_occ-58,present,NA,urn:lsid:marinespecies.org:taxname:104470,"(Krøyer, 1848)",1,NA,Species,accepted,NA,"NA",Animalia,Arthropoda,Hexanauplia,Calanoida,Calanidae,Neocalanus,size fractionated & frozen,NA
IYS:GoA2019_Stn14:bongo:Net2:22009,Neocalanus cristatus,IYS:GoA2019_Stn14:bongo:Net2:22009:zoop_occ-59,present,NA,urn:lsid:marinespecies.org:taxname:104470,"(Krøyer, 1848)",1,NA,Species,accepted,NA,"NA",Animalia,Arthropoda,Hexanauplia,Calanoida,Calanidae,Neocalanus,size fractionated & frozen,NA
IYS:GoA2019_Stn14:bongo:Net2:22010,Neocalanus cristatus,IYS:GoA2019_Stn14:bongo:Net2:22010:zoop_occ-60,present,NA,urn:lsid:marinespecies.org:taxname:104470,"(Krøyer, 1848)",1,NA,Species,accepted,NA,"NA",Animalia,Arthropoda,Hexanauplia,Calanoida,Calanidae,Neocalanus,size fractionated & frozen,NA
IYS:GoA2019_Stn14:bongo:Net2:22011,Neocalanus cristatus,IYS:GoA2019_Stn14:bongo:Net2:22011:zoop_occ-61,present,NA,urn:lsid:marinespecies.org:taxname:104470,"(Krøyer, 1848)",1,NA,Species,accepted,NA,"NA",Animalia,Arthropoda,Hexanauplia,Calanoida,Calanidae,Neocalanus,size fractionated & frozen,NA
IYS:GoA2019_Stn14:bongo:Net2:SS7,Euphausia pacifica,IYS:GoA2019_Stn14:bongo:Net2:SS7:zoop_occ-62,present,NA,urn:lsid:marinespecies.org:taxname:237851,"Hansen, 1911",1,NA,Species,accepted,NA,"NA",Animalia,Arthropoda,Malacostraca,Euphausiacea,Euphausiidae,Euphausia,size fractionated & frozen,NA
IYS:GoA2019_Stn14:bongo:Net2:SS8,Euphausia pacifica,IYS:GoA2019_Stn14:bongo:Net2:SS8:zoop_occ-63,present,NA,urn:lsid:marinespecies.org:taxname:237851,"Hansen, 1911",1,NA,Species,accepted,NA,"NA",Animalia,Arthropoda,Malacostraca,Euphausiacea,Euphausiidae,Euphausia,size fractionated & frozen,NA
IYS:GoA2019_Stn14:bongo:Net2:SS9,Euphausia pacifica,IYS:GoA2019_Stn14:bongo:Net2:SS9:zoop_occ-64,present,NA,urn:lsid:marinespecies.org:taxname:237851,"Hansen, 1911",3,NA,Species,accepted,NA,"NA",Animalia,Arthropoda,Malacostraca,Euphausiacea,Euphausiidae,Euphausia,size fractionated & frozen,NA
IYS:GoA2019_Stn14:bongo:Net2:SS10,Munida quadrispina,IYS:GoA2019_Stn14:bongo:Net2:SS10:zoop_occ-65,present,NA,urn:lsid:marinespecies.org:taxname:392422,"Benedict, 1902",1,Squat lobster,Species,accepted,NA,"NA",Animalia,Arthropoda,Malacostraca,Decapoda,Munididae,Munida,size fractionated & frozen,NA
IYS:GoA2019_Stn14:bongo:Net2:SS11,Neocalanus cristatus,IYS:GoA2019_Stn14:bongo:Net2:SS11:zoop_occ-66,present,NA,urn:lsid:marinespecies.org:taxname:104470,"(Krøyer, 1848)",1,NA,Species,accepted,NA,"NA",Animalia,Arthropoda,Hexanauplia,Calanoida,Calanidae,Neocalanus,size fractionated & frozen,NA
IYS:GoA2019_Stn14:bongo:Net2:SS12,Thysanoessa spinifera,IYS:GoA2019_Stn14:bongo:Net2:SS12:zoop_occ-67,present,NA,urn:lsid:marinespecies.org:taxname:237874,"Holmes, 1900",1,NA,Species,accepted,NA,"NA",Animalia,Arthropoda,Malacostraca,Euphausiacea,Euphausiidae,Thysanoessa,size fractionated & frozen,NA
IYS:GoA2019_Stn14:bongo:Net2:SS12,Thysanoessa spinifera,IYS:GoA2019_Stn14:bongo:Net2:SS12:zoop_occ-68,present,NA,urn:lsid:marinespecies.org:taxname:237874,"Holmes, 1900",1,NA,Species,accepted,NA,"NA",Animalia,Arthropoda,Malacostraca,Euphausiacea,Euphausiidae,Thysanoessa,size fractionated & frozen,NA
IYS:GoA2019_Stn14:bongo:Net2:SS13,Sagittoidea,IYS:GoA2019_Stn14:bongo:Net2:SS13:zoop_occ-69,present,NA,urn:lsid:marinespecies.org:taxname:5949,NA,3,NA,Class,accepted,NA,"NA",Animalia,Chaetognatha,Sagittoidea,NA,NA,NA,size fractionated & frozen,NA
IYS:GoA2019_Stn14:bongo:Net2:SS14,Siphonophorae,IYS:GoA2019_Stn14:bongo:Net2:SS14:zoop_occ-70,present,NA,urn:lsid:marinespecies.org:taxname:1371,"Eschscholtz, 1829",3,NA,Order,accepted,NA,"NA",Animalia,Cnidaria,Hydrozoa,Siphonophorae,NA,NA,size fractionated & frozen,NA
IYS:GoA2019_Stn17:bongo:Net2:22012,Euphausia pacifica,IYS:GoA2019_Stn17:bongo:Net2:22012:zoop_occ-71,present,NA,urn:lsid:marinespecies.org:taxname:237851,"Hansen, 1911",1,NA,Species,accepted,NA,"NA",Animalia,Arthropoda,Malacostraca,Euphausiacea,Euphausiidae,Euphausia,size fractionated & frozen,NA
IYS:GoA2019_Stn17:bongo:Net2:22013,Euphausia pacifica,IYS:GoA2019_Stn17:bongo:Net2:22013:zoop_occ-72,present,NA,urn:lsid:marinespecies.org:taxname:237851,"Hansen, 1911",1,NA,Species,accepted,NA,"NA",Animalia,Arthropoda,Malacostraca,Euphausiacea,Euphausiidae,Euphausia,size fractionated & frozen,NA
IYS:GoA2019_Stn17:bongo:Net2:22014,Euphausia pacifica,IYS:GoA2019_Stn17:bongo:Net2:22014:zoop_occ-73,present,NA,urn:lsid:marinespecies.org:taxname:237851,"Hansen, 1911",1,NA,Species,accepted,NA,"NA",Animalia,Arthropoda,Malacostraca,Euphausiacea,Euphausiidae,Euphausia,size fractionated & frozen,NA
IYS:GoA2019_Stn17:bongo:Net2:22015,Euphausia pacifica,IYS:GoA2019_Stn17:bongo:Net2:22015:zoop_occ-74,present,NA,urn:lsid:marinespecies.org:taxname:237851,"Hansen, 1911",1,NA,Species,accepted,NA,"NA",Animalia,Arthropoda,Malacostraca,Euphausiacea,Euphausiidae,Euphausia,size fractionated & frozen,NA
IYS:GoA2019_Stn17:bongo:Net2:22016,Neocalanus cristatus,IYS:GoA2019_Stn17:bongo:Net2:22016:zoop_occ-75,present,NA,urn:lsid:marinespecies.org:taxname:104470,"(Krøyer, 1848)",1,NA,Species,accepted,NA,"NA",Animalia,Arthropoda,Hexanauplia,Calanoida,Calanidae,Neocalanus,size fractionated & frozen,NA
IYS:GoA2019_Stn17:bongo:Net2:SS18,Neocalanus cristatus,IYS:GoA2019_Stn17:bongo:Net2:SS18:zoop_occ-76,present,NA,urn:lsid:marinespecies.org:taxname:104470,"(Krøyer, 1848)",3,NA,Species,accepted,NA,"NA",Animalia,Arthropoda,Hexanauplia,Calanoida,Calanidae,Neocalanus,size fractionated & frozen,NA
IYS:GoA2019_Stn17:bongo:Net2:SS19,Neocalanus cristatus,IYS:GoA2019_Stn17:bongo:Net2:SS19:zoop_occ-77,present,NA,urn:lsid:marinespecies.org:taxname:104470,"(Krøyer, 1848)",3,NA,Species,accepted,NA,"NA",Animalia,Arthropoda,Hexanauplia,Calanoida,Calanidae,Neocalanus,size fractionated & frozen,NA
IYS:GoA2019_Stn17:bongo:Net2:SS20,Neocalanus cristatus,IYS:GoA2019_Stn17:bongo:Net2:SS20:zoop_occ-78,present,NA,urn:lsid:marinespecies.org:taxname:104470,"(Krøyer, 1848)",3,NA,Species,accepted,NA,"NA",Animalia,Arthropoda,Hexanauplia,Calanoida,Calanidae,Neocalanus,size fractionated & frozen,NA
IYS:GoA2019_Stn17:bongo:Net2:SS21,Euphausia pacifica,IYS:GoA2019_Stn17:bongo:Net2:SS21:zoop_occ-79,present,NA,urn:lsid:marinespecies.org:taxname:237851,"Hansen, 1911",1,NA,Species,accepted,NA,"NA",Animalia,Arthropoda,Malacostraca,Euphausiacea,Euphausiidae,Euphausia,size fractionated & frozen,NA
IYS:GoA2019_Stn17:bongo:Net2:SS22,Euphausia pacifica,IYS:GoA2019_Stn17:bongo:Net2:SS22:zoop_occ-80,present,NA,urn:lsid:marinespecies.org:taxname:237851,"Hansen, 1911",1,NA,Species,accepted,NA,"NA",Animalia,Arthropoda,Malacostraca,Euphausiacea,Euphausiidae,Euphausia,size fractionated & frozen,NA
IYS:GoA2019_Stn17:bongo:Net2:SS23,Euphausia pacifica,IYS:GoA2019_Stn17:bongo:Net2:SS23:zoop_occ-81,present,NA,urn:lsid:marinespecies.org:taxname:237851,"Hansen, 1911",1,NA,Species,accepted,NA,"NA",Animalia,Arthropoda,Malacostraca,Euphausiacea,Euphausiidae,Euphausia,size fractionated & frozen,NA
IYS:GoA2019_Stn17:bongo:Net2:SS24,Thysanoessa spinifera,IYS:GoA2019_Stn17:bongo:Net2:SS24:zoop_occ-82,present,NA,urn:lsid:marinespecies.org:taxname:237874,"Holmes, 1900",1,NA,Species,accepted,NA,"NA",Animalia,Arthropoda,Malacostraca,Euphausiacea,Euphausiidae,Thysanoessa,size fractionated & frozen,NA
IYS:GoA2019_Stn17:bongo:Net2:SS25,Thysanoessa spinifera,IYS:GoA2019_Stn17:bongo:Net2:SS25:zoop_occ-83,present,NA,urn:lsid:marinespecies.org:taxname:237874,"Holmes, 1900",1,NA,Species,accepted,NA,"NA",Animalia,Arthropoda,Malacostraca,Euphausiacea,Euphausiidae,Thysanoessa,size fractionated & frozen,NA
IYS:GoA2019_Stn18:bongo:Net2:SS26,Thysanoessa spinifera,IYS:GoA2019_Stn18:bongo:Net2:SS26:zoop_occ-84,present,NA,urn:lsid:marinespecies.org:taxname:237874,"Holmes, 1900",2,NA,Species,accepted,NA,"NA",Animalia,Arthropoda,Malacostraca,Euphausiacea,Euphausiidae,Thysanoessa,size fractionated & frozen,NA
IYS:GoA2019_Stn18:bongo:Net2:SS27,Sagittoidea,IYS:GoA2019_Stn18:bongo:Net2:SS27:zoop_occ-85,present,NA,urn:lsid:marinespecies.org:taxname:5949,NA,4,NA,Class,accepted,NA,"NA",Animalia,Chaetognatha,Sagittoidea,NA,NA,NA,size fractionated & frozen,NA
IYS:GoA2019_Stn19:bongo:Net1:Z290,Beroe,IYS:GoA2019_Stn19:bongo:Net1:Z290:zoop_occ-86,present,NA,urn:lsid:marinespecies.org:taxname:1434803,"Muller, 1776",1,NA,Genus,accepted,NA,"NA",Animalia,Ctenophora,Nuda,Beroida,Beroidae,Beroe,formalin,NA
IYS:GoA2019_Stn19:bongo:Net1:Z290,Beroe,IYS:GoA2019_Stn19:bongo:Net1:Z290:zoop_occ-87,present,NA,urn:lsid:marinespecies.org:taxname:1434994,"Gronov, 1760",1,NA,Genus,unaccepted,NA,"NA",Animalia,Ctenophora,Nuda,Beroida,Beroidae,Beroe,formalin,NA
IYS:GoA2019_Stn19:bongo:Net1:Z290,Beroe,IYS:GoA2019_Stn19:bongo:Net1:Z290:zoop_occ-88,present,NA,urn:lsid:marinespecies.org:taxname:106331,"Browne, 1756",1,NA,Genus,unaccepted,NA,"NA",Animalia,Ctenophora,Nuda,Beroida,Beroidae,Beroe,formalin,NA
IYS:GoA2019_Stn20:bongo:Net2:22017,Euphausiidae,IYS:GoA2019_Stn20:bongo:Net2:22017:zoop_occ-89,present,NA,urn:lsid:marinespecies.org:taxname:110671,"Dana, 1852",1,NA,Family,accepted,NA,"NA",Animalia,Arthropoda,Malacostraca,Euphausiacea,Euphausiidae,NA,size fractionated & frozen,NA
IYS:GoA2019_Stn20:bongo:Net2:22018,Euphausiidae,IYS:GoA2019_Stn20:bongo:Net2:22018:zoop_occ-90,present,NA,urn:lsid:marinespecies.org:taxname:110671,"Dana, 1852",1,NA,Family,accepted,NA,"NA",Animalia,Arthropoda,Malacostraca,Euphausiacea,Euphausiidae,NA,size fractionated & frozen,NA
IYS:GoA2019_Stn20:bongo:Net2:22019,Neocalanus cristatus,IYS:GoA2019_Stn20:bongo:Net2:22019:zoop_occ-91,present,NA,urn:lsid:marinespecies.org:taxname:104470,"(Krøyer, 1848)",3,NA,Species,accepted,NA,"NA",Animalia,Arthropoda,Hexanauplia,Calanoida,Calanidae,Neocalanus,size fractionated & frozen,NA
IYS:GoA2019_Stn20:bongo:Net2:SS28,Euphausia pacifica,IYS:GoA2019_Stn20:bongo:Net2:SS28:zoop_occ-92,present,NA,urn:lsid:marinespecies.org:taxname:237851,"Hansen, 1911",1,NA,Species,accepted,NA,"NA",Animalia,Arthropoda,Malacostraca,Euphausiacea,Euphausiidae,Euphausia,size fractionated & frozen,NA
IYS:GoA2019_Stn20:bongo:Net2:SS29,Euphausia pacifica,IYS:GoA2019_Stn20:bongo:Net2:SS29:zoop_occ-93,present,NA,urn:lsid:marinespecies.org:taxname:237851,"Hansen, 1911",1,NA,Species,accepted,NA,"NA",Animalia,Arthropoda,Malacostraca,Euphausiacea,Euphausiidae,Euphausia,size fractionated & frozen,NA
IYS:GoA2019_Stn20:bongo:Net2:SS30,Thysanoessa spinifera,IYS:GoA2019_Stn20:bongo:Net2:SS30:zoop_occ-94,present,NA,urn:lsid:marinespecies.org:taxname:237874,"Holmes, 1900",1,NA,Species,accepted,NA,"NA",Animalia,Arthropoda,Malacostraca,Euphausiacea,Euphausiidae,Thysanoessa,size fractionated & frozen,NA
IYS:GoA2019_Stn20:bongo:Net2:SS31,Thysanoessa spinifera,IYS:GoA2019_Stn20:bongo:Net2:SS31:zoop_occ-95,present,NA,urn:lsid:marinespecies.org:taxname:237874,"Holmes, 1900",1,NA,Species,accepted,NA,"NA",Animalia,Arthropoda,Malacostraca,Euphausiacea,Euphausiidae,Thysanoessa,size fractionated & frozen,NA
IYS:GoA2019_Stn20:bongo:Net2:SS33,Neocalanus cristatus,IYS:GoA2019_Stn20:bongo:Net2:SS33:zoop_occ-96,present,NA,urn:lsid:marinespecies.org:taxname:104470,"(Krøyer, 1848)",2,NA,Species,accepted,NA,"NA",Animalia,Arthropoda,Hexanauplia,Calanoida,Calanidae,Neocalanus,size fractionated & frozen,NA
IYS:GoA2019_Stn20:bongo:Net2:SS34,Neocalanus cristatus,IYS:GoA2019_Stn20:bongo:Net2:SS34:zoop_occ-97,present,NA,urn:lsid:marinespecies.org:taxname:104470,"(Krøyer, 1848)",2,NA,Species,accepted,NA,"NA",Animalia,Arthropoda,Hexanauplia,Calanoida,Calanidae,Neocalanus,size fractionated & frozen,NA
IYS:GoA2019_Stn20:bongo:Net2:SS35,Neocalanus cristatus,IYS:GoA2019_Stn20:bongo:Net2:SS35:zoop_occ-98,present,NA,urn:lsid:marinespecies.org:taxname:104470,"(Krøyer, 1848)",2,NA,Species,accepted,NA,"NA",Animalia,Arthropoda,Hexanauplia,Calanoida,Calanidae,Neocalanus,size fractionated & frozen,NA
IYS:GoA2019_Stn22:bongo:Net2:SS38,Lensia,IYS:GoA2019_Stn22:bongo:Net2:SS38:zoop_occ-99,present,NA,urn:lsid:marinespecies.org:taxname:135365,"Totton, 1932",1,NA,Genus,accepted,NA,"NA",Animalia,Cnidaria,Hydrozoa,Siphonophorae,Diphyidae,Lensia,size fractionated & frozen,NA
IYS:GoA2019_Stn22:bongo:Net2:SS38,Lensia,IYS:GoA2019_Stn22:bongo:Net2:SS38:zoop_occ-100,present,NA,urn:lsid:marinespecies.org:taxname:135365,"Totton, 1932",1,NA,Genus,accepted,NA,"NA",Animalia,Cnidaria,Hydrozoa,Siphonophorae,Diphyidae,Lensia,size fractionated & frozen,NA
IYS:GoA2019_Stn22:bongo:Net2:SS39,Thysanoessa spinifera,IYS:GoA2019_Stn22:bongo:Net2:SS39:zoop_occ-101,present,NA,urn:lsid:marinespecies.org:taxname:237874,"Holmes, 1900",2,NA,Species,accepted,NA,"NA",Animalia,Arthropoda,Malacostraca,Euphausiacea,Euphausiidae,Thysanoessa,size fractionated & frozen,NA
IYS:GoA2019_Stn22:bongo:Net2:SS40,Thysanoessa spinifera,IYS:GoA2019_Stn22:bongo:Net2:SS40:zoop_occ-102,present,NA,urn:lsid:marinespecies.org:taxname:237874,"Holmes, 1900",3,NA,Species,accepted,NA,"NA",Animalia,Arthropoda,Malacostraca,Euphausiacea,Euphausiidae,Thysanoessa,size fractionated & frozen,NA
IYS:GoA2019_Stn22:bongo:Net2:SS41,Thysanoessa spinifera,IYS:GoA2019_Stn22:bongo:Net2:SS41:zoop_occ-103,present,NA,urn:lsid:marinespecies.org:taxname:237874,"Holmes, 1900",2,NA,Species,accepted,NA,"NA",Animalia,Arthropoda,Malacostraca,Euphausiacea,Euphausiidae,Thysanoessa,size fractionated & frozen,NA
IYS:GoA2019_Stn22:bongo:Net2:SS42,Euphausia pacifica,IYS:GoA2019_Stn22:bongo:Net2:SS42:zoop_occ-104,present,NA,urn:lsid:marinespecies.org:taxname:237851,"Hansen, 1911",5,NA,Species,accepted,NA,"NA",Animalia,Arthropoda,Malacostraca,Euphausiacea,Euphausiidae,Euphausia,size fractionated & frozen,NA
IYS:GoA2019_Stn22:bongo:Net2:SS42B,Aequorea,IYS:GoA2019_Stn22:bongo:Net2:SS42B:zoop_occ-105,present,NA,urn:lsid:marinespecies.org:taxname:116998,"Péron & Lesueur, 1810",1,NA,Genus,accepted,NA,"NA",Animalia,Cnidaria,Hydrozoa,Leptothecata,Aequoreidae,Aequorea,size fractionated & frozen,NA
IYS:GoA2019_Stn22:bongo:Net2:SS42B,Aequorea,IYS:GoA2019_Stn22:bongo:Net2:SS42B:zoop_occ-106,present,NA,urn:lsid:marinespecies.org:taxname:116998,"Péron & Lesueur, 1810",1,NA,Genus,accepted,NA,"NA",Animalia,Cnidaria,Hydrozoa,Leptothecata,Aequoreidae,Aequorea,size fractionated & frozen,NA
IYS:GoA2019_Stn22:bongo:Net2:SS43,Euphausia pacifica,IYS:GoA2019_Stn22:bongo:Net2:SS43:zoop_occ-107,present,NA,urn:lsid:marinespecies.org:taxname:237851,"Hansen, 1911",2,NA,Species,accepted,NA,"NA",Animalia,Arthropoda,Malacostraca,Euphausiacea,Euphausiidae,Euphausia,size fractionated & frozen,NA
IYS:GoA2019_Stn22:bongo:Net2:SS44,Euphausia pacifica,IYS:GoA2019_Stn22:bongo:Net2:SS44:zoop_occ-108,present,NA,urn:lsid:marinespecies.org:taxname:237851,"Hansen, 1911",10,NA,Species,accepted,NA,"NA",Animalia,Arthropoda,Malacostraca,Euphausiacea,Euphausiidae,Euphausia,size fractionated & frozen,NA
IYS:GoA2019_Stn22:bongo:Net2:SS45,Euphausia pacifica,IYS:GoA2019_Stn22:bongo:Net2:SS45:zoop_occ-109,present,NA,urn:lsid:marinespecies.org:taxname:237851,"Hansen, 1911",11,NA,Species,accepted,NA,"NA",Animalia,Arthropoda,Malacostraca,Euphausiacea,Euphausiidae,Euphausia,size fractionated & frozen,NA
IYS:GoA2019_Stn23:bongo:Net2:22020,Thysanoessa spinifera,IYS:GoA2019_Stn23:bongo:Net2:22020:zoop_occ-110,present,NA,urn:lsid:marinespecies.org:taxname:237874,"Holmes, 1900",1,NA,Species,accepted,NA,"NA",Animalia,Arthropoda,Malacostraca,Euphausiacea,Euphausiidae,Thysanoessa,size fractionated & frozen,NA
IYS:GoA2019_Stn23:bongo:Net2:22020,Thysanoessa spinifera,IYS:GoA2019_Stn23:bongo:Net2:22020:zoop_occ-111,present,NA,urn:lsid:marinespecies.org:taxname:237874,"Holmes, 1900",1,NA,Species,accepted,NA,"NA",Animalia,Arthropoda,Malacostraca,Euphausiacea,Euphausiidae,Thysanoessa,size fractionated & frozen,NA
IYS:GoA2019_Stn23:bongo:Net2:22020,Thysanoessa spinifera,IYS:GoA2019_Stn23:bongo:Net2:22020:zoop_occ-112,present,NA,urn:lsid:marinespecies.org:taxname:237874,"Holmes, 1900",1,NA,Species,accepted,NA,"NA",Animalia,Arthropoda,Malacostraca,Euphausiacea,Euphausiidae,Thysanoessa,size fractionated & frozen,NA
IYS:GoA2019_Stn23:bongo:Net2:22021,Euphausia pacifica,IYS:GoA2019_Stn23:bongo:Net2:22021:zoop_occ-113,present,NA,urn:lsid:marinespecies.org:taxname:237851,"Hansen, 1911",1,NA,Species,accepted,NA,"NA",Animalia,Arthropoda,Malacostraca,Euphausiacea,Euphausiidae,Euphausia,size fractionated & frozen,NA
IYS:GoA2019_Stn23:bongo:Net2:22021,Euphausia pacifica,IYS:GoA2019_Stn23:bongo:Net2:22021:zoop_occ-114,present,NA,urn:lsid:marinespecies.org:taxname:237851,"Hansen, 1911",1,NA,Species,accepted,NA,"NA",Animalia,Arthropoda,Malacostraca,Euphausiacea,Euphausiidae,Euphausia,size fractionated & frozen,NA
IYS:GoA2019_Stn23:bongo:Net2:22021,Euphausia pacifica,IYS:GoA2019_Stn23:bongo:Net2:22021:zoop_occ-115,present,NA,urn:lsid:marinespecies.org:taxname:237851,"Hansen, 1911",1,NA,Species,accepted,NA,"NA",Animalia,Arthropoda,Malacostraca,Euphausiacea,Euphausiidae,Euphausia,size fractionated & frozen,NA
IYS:GoA2019_Stn23:bongo:Net2:SS46,Thysanoessa spinifera,IYS:GoA2019_Stn23:bongo:Net2:SS46:zoop_occ-116,present,NA,urn:lsid:marinespecies.org:taxname:237874,"Holmes, 1900",1,NA,Species,accepted,NA,"NA",Animalia,Arthropoda,Malacostraca,Euphausiacea,Euphausiidae,Thysanoessa,size fractionated & frozen,NA
IYS:GoA2019_Stn23:bongo:Net2:SS47,Thysanoessa spinifera,IYS:GoA2019_Stn23:bongo:Net2:SS47:zoop_occ-117,present,NA,urn:lsid:marinespecies.org:taxname:237874,"Holmes, 1900",1,NA,Species,accepted,NA,"NA",Animalia,Arthropoda,Malacostraca,Euphausiacea,Euphausiidae,Thysanoessa,size fractionated & frozen,NA
IYS:GoA2019_Stn23:bongo:Net2:SS48,Thysanoessa spinifera,IYS:GoA2019_Stn23:bongo:Net2:SS48:zoop_occ-118,present,NA,urn:lsid:marinespecies.org:taxname:237874,"Holmes, 1900",1,NA,Species,accepted,NA,"NA",Animalia,Arthropoda,Malacostraca,Euphausiacea,Euphausiidae,Thysanoessa,size fractionated & frozen,NA
IYS:GoA2019_Stn23:bongo:Net2:SS49,Thysanoessa spinifera,IYS:GoA2019_Stn23:bongo:Net2:SS49:zoop_occ-119,present,NA,urn:lsid:marinespecies.org:taxname:237874,"Holmes, 1900",1,NA,Species,accepted,NA,"NA",Animalia,Arthropoda,Malacostraca,Euphausiacea,Euphausiidae,Thysanoessa,size fractionated & frozen,NA
IYS:GoA2019_Stn23:bongo:Net2:SS50,Euphausia pacifica,IYS:GoA2019_Stn23:bongo:Net2:SS50:zoop_occ-120,present,NA,urn:lsid:marinespecies.org:taxname:237851,"Hansen, 1911",1,NA,Species,accepted,NA,"NA",Animalia,Arthropoda,Malacostraca,Euphausiacea,Euphausiidae,Euphausia,size fractionated & frozen,NA
IYS:GoA2019_Stn23:bongo:Net2:SS51,Euphausia pacifica,IYS:GoA2019_Stn23:bongo:Net2:SS51:zoop_occ-121,present,NA,urn:lsid:marinespecies.org:taxname:237851,"Hansen, 1911",1,NA,Species,accepted,NA,"NA",Animalia,Arthropoda,Malacostraca,Euphausiacea,Euphausiidae,Euphausia,size fractionated & frozen,NA
IYS:GoA2019_Stn23:bongo:Net2:SS52,Euphausia pacifica,IYS:GoA2019_Stn23:bongo:Net2:SS52:zoop_occ-122,present,NA,urn:lsid:marinespecies.org:taxname:237851,"Hansen, 1911",1,NA,Species,accepted,NA,"NA",Animalia,Arthropoda,Malacostraca,Euphausiacea,Euphausiidae,Euphausia,size fractionated & frozen,NA
IYS:GoA2019_Stn23:bongo:Net2:SS53,Euphausia pacifica,IYS:GoA2019_Stn23:bongo:Net2:SS53:zoop_occ-123,present,NA,urn:lsid:marinespecies.org:taxname:237851,"Hansen, 1911",1,NA,Species,accepted,NA,"NA",Animalia,Arthropoda,Malacostraca,Euphausiacea,Euphausiidae,Euphausia,size fractionated & frozen,NA
IYS:GoA2019_Stn23:bongo:Net2:SS54,Sagittoidea,IYS:GoA2019_Stn23:bongo:Net2:SS54:zoop_occ-124,present,NA,urn:lsid:marinespecies.org:taxname:5949,NA,1,NA,Class,accepted,NA,"NA",Animalia,Chaetognatha,Sagittoidea,NA,NA,NA,size fractionated & frozen,NA
IYS:GoA2019_Stn25:bongo:Net2:SS55,Sagittoidea,IYS:GoA2019_Stn25:bongo:Net2:SS55:zoop_occ-125,present,NA,urn:lsid:marinespecies.org:taxname:5949,NA,1,NA,Class,accepted,NA,"NA",Animalia,Chaetognatha,Sagittoidea,NA,NA,NA,size fractionated & frozen,NA
IYS:GoA2019_Stn25:bongo:Net2:SS55,Sagittoidea,IYS:GoA2019_Stn25:bongo:Net2:SS55:zoop_occ-126,present,NA,urn:lsid:marinespecies.org:taxname:5949,NA,1,NA,Class,accepted,NA,"NA",Animalia,Chaetognatha,Sagittoidea,NA,NA,NA,size fractionated & frozen,NA
IYS:GoA2019_Stn25:bongo:Net2:SS55,Sagittoidea,IYS:GoA2019_Stn25:bongo:Net2:SS55:zoop_occ-127,present,NA,urn:lsid:marinespecies.org:taxname:5949,NA,1,NA,Class,accepted,NA,"NA",Animalia,Chaetognatha,Sagittoidea,NA,NA,NA,size fractionated & frozen,NA
IYS:GoA2019_Stn25:bongo:Net2:SS55,Sagittoidea,IYS:GoA2019_Stn25:bongo:Net2:SS55:zoop_occ-128,present,NA,urn:lsid:marinespecies.org:taxname:5949,NA,1,NA,Class,accepted,NA,"NA",Animalia,Chaetognatha,Sagittoidea,NA,NA,NA,size fractionated & frozen,NA
IYS:GoA2019_Stn25:bongo:Net2:SS57,Euphausia pacifica,IYS:GoA2019_Stn25:bongo:Net2:SS57:zoop_occ-129,present,NA,urn:lsid:marinespecies.org:taxname:237851,"Hansen, 1911",1,NA,Species,accepted,NA,"NA",Animalia,Arthropoda,Malacostraca,Euphausiacea,Euphausiidae,Euphausia,size fractionated & frozen,NA
IYS:GoA2019_Stn25:bongo:Net2:SS57,Euphausia pacifica,IYS:GoA2019_Stn25:bongo:Net2:SS57:zoop_occ-130,present,NA,urn:lsid:marinespecies.org:taxname:237851,"Hansen, 1911",1,NA,Species,accepted,NA,"NA",Animalia,Arthropoda,Malacostraca,Euphausiacea,Euphausiidae,Euphausia,size fractionated & frozen,NA
IYS:GoA2019_Stn25:bongo:Net2:SS57,Euphausia pacifica,IYS:GoA2019_Stn25:bongo:Net2:SS57:zoop_occ-131,present,NA,urn:lsid:marinespecies.org:taxname:237851,"Hansen, 1911",1,NA,Species,accepted,NA,"NA",Animalia,Arthropoda,Malacostraca,Euphausiacea,Euphausiidae,Euphausia,size fractionated & frozen,NA
IYS:GoA2019_Stn25:bongo:Net2:SS57,Euphausia pacifica,IYS:GoA2019_Stn25:bongo:Net2:SS57:zoop_occ-132,present,NA,urn:lsid:marinespecies.org:taxname:237851,"Hansen, 1911",1,NA,Species,accepted,NA,"NA",Animalia,Arthropoda,Malacostraca,Euphausiacea,Euphausiidae,Euphausia,size fractionated & frozen,NA
IYS:GoA2019_Stn25:bongo:Net2:SS58,Euphausia pacifica,IYS:GoA2019_Stn25:bongo:Net2:SS58:zoop_occ-133,present,NA,urn:lsid:marinespecies.org:taxname:237851,"Hansen, 1911",1,NA,Species,accepted,NA,"NA",Animalia,Arthropoda,Malacostraca,Euphausiacea,Euphausiidae,Euphausia,size fractionated & frozen,NA
IYS:GoA2019_Stn25:bongo:Net2:SS58,Euphausia pacifica,IYS:GoA2019_Stn25:bongo:Net2:SS58:zoop_occ-134,present,NA,urn:lsid:marinespecies.org:taxname:237851,"Hansen, 1911",1,NA,Species,accepted,NA,"NA",Animalia,Arthropoda,Malacostraca,Euphausiacea,Euphausiidae,Euphausia,size fractionated & frozen,NA
IYS:GoA2019_Stn25:bongo:Net2:SS58,Euphausia pacifica,IYS:GoA2019_Stn25:bongo:Net2:SS58:zoop_occ-135,present,NA,urn:lsid:marinespecies.org:taxname:237851,"Hansen, 1911",1,NA,Species,accepted,NA,"NA",Animalia,Arthropoda,Malacostraca,Euphausiacea,Euphausiidae,Euphausia,size fractionated & frozen,NA
IYS:GoA2019_Stn25:bongo:Net2:SS59,Thysanoessa spinifera,IYS:GoA2019_Stn25:bongo:Net2:SS59:zoop_occ-136,present,NA,urn:lsid:marinespecies.org:taxname:237874,"Holmes, 1900",1,NA,Species,accepted,NA,"NA",Animalia,Arthropoda,Malacostraca,Euphausiacea,Euphausiidae,Thysanoessa,size fractionated & frozen,NA
IYS:GoA2019_Stn25:bongo:Net2:SS59,Thysanoessa spinifera,IYS:GoA2019_Stn25:bongo:Net2:SS59:zoop_occ-137,present,NA,urn:lsid:marinespecies.org:taxname:237874,"Holmes, 1900",1,NA,Species,accepted,NA,"NA",Animalia,Arthropoda,Malacostraca,Euphausiacea,Euphausiidae,Thysanoessa,size fractionated & frozen,NA
IYS:GoA2019_Stn25:bongo:Net2:SS59,Thysanoessa spinifera,IYS:GoA2019_Stn25:bongo:Net2:SS59:zoop_occ-138,present,NA,urn:lsid:marinespecies.org:taxname:237874,"Holmes, 1900",1,NA,Species,accepted,NA,"NA",Animalia,Arthropoda,Malacostraca,Euphausiacea,Euphausiidae,Thysanoessa,size fractionated & frozen,NA
IYS:GoA2019_Stn25:bongo:Net2:SS59,Thysanoessa spinifera,IYS:GoA2019_Stn25:bongo:Net2:SS59:zoop_occ-139,present,NA,urn:lsid:marinespecies.org:taxname:237874,"Holmes, 1900",1,NA,Species,accepted,NA,"NA",Animalia,Arthropoda,Malacostraca,Euphausiacea,Euphausiidae,Thysanoessa,size fractionated & frozen,NA
IYS:GoA2019_Stn25:bongo:Net2:SS59,Thysanoessa spinifera,IYS:GoA2019_Stn25:bongo:Net2:SS59:zoop_occ-140,present,NA,urn:lsid:marinespecies.org:taxname:237874,"Holmes, 1900",1,NA,Species,accepted,NA,"NA",Animalia,Arthropoda,Malacostraca,Euphausiacea,Euphausiidae,Thysanoessa,size fractionated & frozen,NA
IYS:GoA2019_Stn25:bongo:Net2:SS59,Thysanoessa spinifera,IYS:GoA2019_Stn25:bongo:Net2:SS59:zoop_occ-141,present,NA,urn:lsid:marinespecies.org:taxname:237874,"Holmes, 1900",1,NA,Species,accepted,NA,"NA",Animalia,Arthropoda,Malacostraca,Euphausiacea,Euphausiidae,Thysanoessa,size fractionated & frozen,NA
IYS:GoA2019_Stn25:bongo:Net2:SS60,Neocalanus cristatus,IYS:GoA2019_Stn25:bongo:Net2:SS60:zoop_occ-142,present,NA,urn:lsid:marinespecies.org:taxname:104470,"(Krøyer, 1848)",9,NA,Species,accepted,NA,"NA",Animalia,Arthropoda,Hexanauplia,Calanoida,Calanidae,Neocalanus,size fractionated & frozen,NA
IYS:GoA2019_Stn25:bongo:Net2:Z318,Aequorea,IYS:GoA2019_Stn25:bongo:Net2:Z318:zoop_occ-143,present,NA,urn:lsid:marinespecies.org:taxname:116998,"Péron & Lesueur, 1810",1,NA,Genus,accepted,NA,"NA",Animalia,Cnidaria,Hydrozoa,Leptothecata,Aequoreidae,Aequorea,size fractionated & frozen,NA
IYS:GoA2019_Stn25:bongo:Net2:Z318,Aequorea,IYS:GoA2019_Stn25:bongo:Net2:Z318:zoop_occ-144,present,NA,urn:lsid:marinespecies.org:taxname:116998,"Péron & Lesueur, 1810",1,NA,Genus,accepted,NA,"NA",Animalia,Cnidaria,Hydrozoa,Leptothecata,Aequoreidae,Aequorea,size fractionated & frozen,NA
IYS:GoA2019_Stn26:bongo:Net2:SS61,Euphausia pacifica,IYS:GoA2019_Stn26:bongo:Net2:SS61:zoop_occ-145,present,NA,urn:lsid:marinespecies.org:taxname:237851,"Hansen, 1911",1,NA,Species,accepted,NA,"NA",Animalia,Arthropoda,Malacostraca,Euphausiacea,Euphausiidae,Euphausia,size fractionated & frozen,NA
IYS:GoA2019_Stn26:bongo:Net2:SS62,Thysanoessa spinifera,IYS:GoA2019_Stn26:bongo:Net2:SS62:zoop_occ-146,present,NA,urn:lsid:marinespecies.org:taxname:237874,"Holmes, 1900",1,NA,Species,accepted,NA,"NA",Animalia,Arthropoda,Malacostraca,Euphausiacea,Euphausiidae,Thysanoessa,size fractionated & frozen,NA
IYS:GoA2019_Stn26:bongo:Net2:SS63,Neocalanus cristatus,IYS:GoA2019_Stn26:bongo:Net2:SS63:zoop_occ-147,present,NA,urn:lsid:marinespecies.org:taxname:104470,"(Krøyer, 1848)",3,NA,Species,accepted,NA,"NA",Animalia,Arthropoda,Hexanauplia,Calanoida,Calanidae,Neocalanus,size fractionated & frozen,NA
IYS:GoA2019_Stn26:bongo:Net2:SS64,Neocalanus cristatus,IYS:GoA2019_Stn26:bongo:Net2:SS64:zoop_occ-148,present,NA,urn:lsid:marinespecies.org:taxname:104470,"(Krøyer, 1848)",3,NA,Species,accepted,NA,"NA",Animalia,Arthropoda,Hexanauplia,Calanoida,Calanidae,Neocalanus,size fractionated & frozen,NA
IYS:GoA2019_Stn26:bongo:Net2:SS65,Neocalanus cristatus,IYS:GoA2019_Stn26:bongo:Net2:SS65:zoop_occ-149,present,NA,urn:lsid:marinespecies.org:taxname:104470,"(Krøyer, 1848)",3,NA,Species,accepted,NA,"NA",Animalia,Arthropoda,Hexanauplia,Calanoida,Calanidae,Neocalanus,size fractionated & frozen,NA
IYS:GoA2019_Stn28:bongo:Net2:SS67,Paraphronima gracilis,IYS:GoA2019_Stn28:bongo:Net2:SS67:zoop_occ-150,present,NA,urn:lsid:marinespecies.org:taxname:236597,"Claus, 1879",1,NA,Species,accepted,NA,"NA",Animalia,Arthropoda,Malacostraca,Amphipoda,Paraphronimidae,Paraphronima,size fractionated & frozen,NA
IYS:GoA2019_Stn28:bongo:Net2:SS68,Thysanoessa spinifera,IYS:GoA2019_Stn28:bongo:Net2:SS68:zoop_occ-151,present,NA,urn:lsid:marinespecies.org:taxname:237874,"Holmes, 1900",1,NA,Species,accepted,NA,"NA",Animalia,Arthropoda,Malacostraca,Euphausiacea,Euphausiidae,Thysanoessa,size fractionated & frozen,NA
IYS:GoA2019_Stn28:bongo:Net2:SS68,Thysanoessa spinifera,IYS:GoA2019_Stn28:bongo:Net2:SS68:zoop_occ-152,present,NA,urn:lsid:marinespecies.org:taxname:237874,"Holmes, 1900",1,NA,Species,accepted,NA,"NA",Animalia,Arthropoda,Malacostraca,Euphausiacea,Euphausiidae,Thysanoessa,size fractionated & frozen,NA
IYS:GoA2019_Stn28:bongo:Net2:SS68,Thysanoessa spinifera,IYS:GoA2019_Stn28:bongo:Net2:SS68:zoop_occ-153,present,NA,urn:lsid:marinespecies.org:taxname:237874,"Holmes, 1900",1,NA,Species,accepted,NA,"NA",Animalia,Arthropoda,Malacostraca,Euphausiacea,Euphausiidae,Thysanoessa,size fractionated & frozen,NA
IYS:GoA2019_Stn28:bongo:Net2:SS69,Euphausia pacifica,IYS:GoA2019_Stn28:bongo:Net2:SS69:zoop_occ-154,present,NA,urn:lsid:marinespecies.org:taxname:237851,"Hansen, 1911",1,NA,Species,accepted,NA,"NA",Animalia,Arthropoda,Malacostraca,Euphausiacea,Euphausiidae,Euphausia,size fractionated & frozen,NA
IYS:GoA2019_Stn28:bongo:Net2:SS69,Euphausia pacifica,IYS:GoA2019_Stn28:bongo:Net2:SS69:zoop_occ-155,present,NA,urn:lsid:marinespecies.org:taxname:237851,"Hansen, 1911",1,NA,Species,accepted,NA,"NA",Animalia,Arthropoda,Malacostraca,Euphausiacea,Euphausiidae,Euphausia,size fractionated & frozen,NA
IYS:GoA2019_Stn28:bongo:Net2:SS69,Euphausia pacifica,IYS:GoA2019_Stn28:bongo:Net2:SS69:zoop_occ-156,present,NA,urn:lsid:marinespecies.org:taxname:237851,"Hansen, 1911",1,NA,Species,accepted,NA,"NA",Animalia,Arthropoda,Malacostraca,Euphausiacea,Euphausiidae,Euphausia,size fractionated & frozen,NA
IYS:GoA2019_Stn28:bongo:Net2:SS69,Euphausia pacifica,IYS:GoA2019_Stn28:bongo:Net2:SS69:zoop_occ-157,present,NA,urn:lsid:marinespecies.org:taxname:237851,"Hansen, 1911",1,NA,Species,accepted,NA,"NA",Animalia,Arthropoda,Malacostraca,Euphausiacea,Euphausiidae,Euphausia,size fractionated & frozen,NA
IYS:GoA2019_Stn28:bongo:Net2:SS70,Radiozoa,IYS:GoA2019_Stn28:bongo:Net2:SS70:zoop_occ-158,present,NA,urn:lsid:marinespecies.org:taxname:582421,NA,1,NA,Phylum,accepted,NA,"NA",Chromista,Radiozoa,NA,NA,NA,NA,size fractionated & frozen,NA
IYS:GoA2019_Stn29:bongo:Net2:22022,Neocalanus cristatus,IYS:GoA2019_Stn29:bongo:Net2:22022:zoop_occ-159,present,NA,urn:lsid:marinespecies.org:taxname:104470,"(Krøyer, 1848)",3,NA,Species,accepted,NA,"NA",Animalia,Arthropoda,Hexanauplia,Calanoida,Calanidae,Neocalanus,size fractionated & frozen,NA
IYS:GoA2019_Stn29:bongo:Net2:SS71,Euphausia pacifica,IYS:GoA2019_Stn29:bongo:Net2:SS71:zoop_occ-160,present,NA,urn:lsid:marinespecies.org:taxname:237851,"Hansen, 1911",1,NA,Species,accepted,NA,"NA",Animalia,Arthropoda,Malacostraca,Euphausiacea,Euphausiidae,Euphausia,size fractionated & frozen,NA
IYS:GoA2019_Stn29:bongo:Net2:SS72,Euphausia pacifica,IYS:GoA2019_Stn29:bongo:Net2:SS72:zoop_occ-161,present,NA,urn:lsid:marinespecies.org:taxname:237851,"Hansen, 1911",1,NA,Species,accepted,NA,"NA",Animalia,Arthropoda,Malacostraca,Euphausiacea,Euphausiidae,Euphausia,size fractionated & frozen,NA
IYS:GoA2019_Stn29:bongo:Net2:SS73,Euphausia pacifica,IYS:GoA2019_Stn29:bongo:Net2:SS73:zoop_occ-162,present,NA,urn:lsid:marinespecies.org:taxname:237851,"Hansen, 1911",1,NA,Species,accepted,NA,"NA",Animalia,Arthropoda,Malacostraca,Euphausiacea,Euphausiidae,Euphausia,size fractionated & frozen,NA
IYS:GoA2019_Stn29:bongo:Net2:SS74,Neocalanus cristatus,IYS:GoA2019_Stn29:bongo:Net2:SS74:zoop_occ-163,present,NA,urn:lsid:marinespecies.org:taxname:104470,"(Krøyer, 1848)",3,NA,Species,accepted,NA,"NA",Animalia,Arthropoda,Hexanauplia,Calanoida,Calanidae,Neocalanus,size fractionated & frozen,NA
IYS:GoA2019_Stn29:bongo:Net2:SS75,Neocalanus cristatus,IYS:GoA2019_Stn29:bongo:Net2:SS75:zoop_occ-164,present,NA,urn:lsid:marinespecies.org:taxname:104470,"(Krøyer, 1848)",3,NA,Species,accepted,NA,"NA",Animalia,Arthropoda,Hexanauplia,Calanoida,Calanidae,Neocalanus,size fractionated & frozen,NA
IYS:GoA2019_Stn29:bongo:Net2:SS76,Neocalanus cristatus,IYS:GoA2019_Stn29:bongo:Net2:SS76:zoop_occ-165,present,NA,urn:lsid:marinespecies.org:taxname:104470,"(Krøyer, 1848)",3,NA,Species,accepted,NA,"NA",Animalia,Arthropoda,Hexanauplia,Calanoida,Calanidae,Neocalanus,size fractionated & frozen,NA
IYS:GoA2019_Stn30:bongo:Net2:SS77,Sagittoidea,IYS:GoA2019_Stn30:bongo:Net2:SS77:zoop_occ-166,present,NA,urn:lsid:marinespecies.org:taxname:5949,NA,13,NA,Class,accepted,NA,"NA",Animalia,Chaetognatha,Sagittoidea,NA,NA,NA,size fractionated & frozen,NA
IYS:GoA2019_Stn30:bongo:Net2:SS78,Thysanoessa spinifera,IYS:GoA2019_Stn30:bongo:Net2:SS78:zoop_occ-167,present,NA,urn:lsid:marinespecies.org:taxname:237874,"Holmes, 1900",21,NA,Species,accepted,NA,"NA",Animalia,Arthropoda,Malacostraca,Euphausiacea,Euphausiidae,Thysanoessa,size fractionated & frozen,NA
IYS:GoA2019_Stn30:bongo:Net2:SS79,Thysanoessa spinifera,IYS:GoA2019_Stn30:bongo:Net2:SS79:zoop_occ-168,present,NA,urn:lsid:marinespecies.org:taxname:237874,"Holmes, 1900",22,NA,Species,accepted,NA,"NA",Animalia,Arthropoda,Malacostraca,Euphausiacea,Euphausiidae,Thysanoessa,size fractionated & frozen,NA
IYS:GoA2019_Stn32:bongo:Net2:SS82,Decapoda,IYS:GoA2019_Stn32:bongo:Net2:SS82:zoop_occ-169,present,NA,urn:lsid:marinespecies.org:taxname:1130,"Latreille, 1802",6,NA,Order,accepted,NA,Crab zoea,Animalia,Arthropoda,Malacostraca,Decapoda,NA,NA,size fractionated & frozen,NA
IYS:GoA2019_Stn32:bongo:Net2:Z372,Sagittoidea,IYS:GoA2019_Stn32:bongo:Net2:Z372:zoop_occ-170,present,NA,urn:lsid:marinespecies.org:taxname:5949,NA,1,NA,Class,accepted,NA,"NA",Animalia,Chaetognatha,Sagittoidea,NA,NA,NA,size fractionated & frozen,NA
IYS:GoA2019_Stn32:bongo:Net2:Z373,Salpa aspera,IYS:GoA2019_Stn32:bongo:Net2:Z373:zoop_occ-171,present,NA,urn:lsid:marinespecies.org:taxname:137270,"Chamisso, 1819",1,NA,Species,accepted,NA,"NA",Animalia,Chordata,Thaliacea,Salpida,Salpidae,Salpa,size fractionated & frozen,NA
IYS:GoA2019_Stn33:bongo:Net1:Petri dish,Salpa aspera,IYS:GoA2019_Stn33:bongo:Net1:Petri dish:zoop_occ-172,present,NA,urn:lsid:marinespecies.org:taxname:137270,"Chamisso, 1819",1,NA,Species,accepted,NA,1to2,Animalia,Chordata,Thaliacea,Salpida,Salpidae,Salpa,formalin,NA
IYS:GoA2019_Stn33:bongo:Net1:Petri dish,Salpa aspera,IYS:GoA2019_Stn33:bongo:Net1:Petri dish:zoop_occ-173,present,NA,urn:lsid:marinespecies.org:taxname:137270,"Chamisso, 1819",1,NA,Species,accepted,NA,1to2,Animalia,Chordata,Thaliacea,Salpida,Salpidae,Salpa,formalin,NA
IYS:GoA2019_Stn33:bongo:Net1:Petri dish,Salpa aspera,IYS:GoA2019_Stn33:bongo:Net1:Petri dish:zoop_occ-174,present,NA,urn:lsid:marinespecies.org:taxname:137270,"Chamisso, 1819",1,NA,Species,accepted,NA,1to2,Animalia,Chordata,Thaliacea,Salpida,Salpidae,Salpa,formalin,NA
IYS:GoA2019_Stn33:bongo:Net1:Petri dish,Salpa aspera,IYS:GoA2019_Stn33:bongo:Net1:Petri dish:zoop_occ-175,present,NA,urn:lsid:marinespecies.org:taxname:137270,"Chamisso, 1819",1,NA,Species,accepted,NA,1to2,Animalia,Chordata,Thaliacea,Salpida,Salpidae,Salpa,formalin,NA
IYS:GoA2019_Stn33:bongo:Net1:Petri dish,Salpa aspera,IYS:GoA2019_Stn33:bongo:Net1:Petri dish:zoop_occ-176,present,NA,urn:lsid:marinespecies.org:taxname:137270,"Chamisso, 1819",1,NA,Species,accepted,NA,1to2,Animalia,Chordata,Thaliacea,Salpida,Salpidae,Salpa,formalin,NA
IYS:GoA2019_Stn33:bongo:Net2:Petri dish,Salpa aspera,IYS:GoA2019_Stn33:bongo:Net2:Petri dish:zoop_occ-177,present,NA,urn:lsid:marinespecies.org:taxname:137270,"Chamisso, 1819",1,NA,Species,accepted,NA,2.0,Animalia,Chordata,Thaliacea,Salpida,Salpidae,Salpa,size fractionated & frozen,NA
IYS:GoA2019_Stn35:bongo:Net2:22023,Neocalanus cristatus,IYS:GoA2019_Stn35:bongo:Net2:22023:zoop_occ-178,present,NA,urn:lsid:marinespecies.org:taxname:104470,"(Krøyer, 1848)",4,NA,Species,accepted,NA,"NA",Animalia,Arthropoda,Hexanauplia,Calanoida,Calanidae,Neocalanus,size fractionated & frozen,NA
IYS:GoA2019_Stn35:bongo:Net2:SS83,Euphausia pacifica,IYS:GoA2019_Stn35:bongo:Net2:SS83:zoop_occ-179,present,NA,urn:lsid:marinespecies.org:taxname:237851,"Hansen, 1911",1,NA,Species,accepted,NA,"NA",Animalia,Arthropoda,Malacostraca,Euphausiacea,Euphausiidae,Euphausia,size fractionated & frozen,NA
IYS:GoA2019_Stn35:bongo:Net2:SS84,Euphausia pacifica,IYS:GoA2019_Stn35:bongo:Net2:SS84:zoop_occ-180,present,NA,urn:lsid:marinespecies.org:taxname:237851,"Hansen, 1911",2,NA,Species,accepted,NA,"NA",Animalia,Arthropoda,Malacostraca,Euphausiacea,Euphausiidae,Euphausia,size fractionated & frozen,NA
IYS:GoA2019_Stn35:bongo:Net2:SS85,Euphausia pacifica,IYS:GoA2019_Stn35:bongo:Net2:SS85:zoop_occ-181,present,NA,urn:lsid:marinespecies.org:taxname:237851,"Hansen, 1911",1,NA,Species,accepted,NA,"NA",Animalia,Arthropoda,Malacostraca,Euphausiacea,Euphausiidae,Euphausia,size fractionated & frozen,NA
IYS:GoA2019_Stn35:bongo:Net2:SS86,Thysanoessa spinifera,IYS:GoA2019_Stn35:bongo:Net2:SS86:zoop_occ-182,present,NA,urn:lsid:marinespecies.org:taxname:237874,"Holmes, 1900",1,NA,Species,accepted,NA,"NA",Animalia,Arthropoda,Malacostraca,Euphausiacea,Euphausiidae,Thysanoessa,size fractionated & frozen,NA
IYS:GoA2019_Stn35:bongo:Net2:SS87,Microstomus pacificus,IYS:GoA2019_Stn35:bongo:Net2:SS87:zoop_occ-183,present,NA,urn:lsid:marinespecies.org:taxname:274294,"(Lockington, 1879)",1,NA,Species,accepted,NA,"NA",Animalia,Chordata,Actinopterygii,Pleuronectiformes,Pleuronectidae,Microstomus,size fractionated & frozen,NA
IYS:GoA2019_Stn35:bongo:Net2:SS88,Neocalanus cristatus,IYS:GoA2019_Stn35:bongo:Net2:SS88:zoop_occ-184,present,NA,urn:lsid:marinespecies.org:taxname:104470,"(Krøyer, 1848)",3,NA,Species,accepted,NA,"NA",Animalia,Arthropoda,Hexanauplia,Calanoida,Calanidae,Neocalanus,size fractionated & frozen,NA
IYS:GoA2019_Stn35:bongo:Net2:SS89,Neocalanus cristatus,IYS:GoA2019_Stn35:bongo:Net2:SS89:zoop_occ-185,present,NA,urn:lsid:marinespecies.org:taxname:104470,"(Krøyer, 1848)",3,NA,Species,accepted,NA,"NA",Animalia,Arthropoda,Hexanauplia,Calanoida,Calanidae,Neocalanus,size fractionated & frozen,NA
IYS:GoA2019_Stn35:bongo:Net2:SS90,Neocalanus cristatus,IYS:GoA2019_Stn35:bongo:Net2:SS90:zoop_occ-186,present,NA,urn:lsid:marinespecies.org:taxname:104470,"(Krøyer, 1848)",3,NA,Species,accepted,NA,"NA",Animalia,Arthropoda,Hexanauplia,Calanoida,Calanidae,Neocalanus,size fractionated & frozen,NA
IYS:GoA2019_Stn37:bongo:Net2:SS91,Neocalanus cristatus,IYS:GoA2019_Stn37:bongo:Net2:SS91:zoop_occ-187,present,NA,urn:lsid:marinespecies.org:taxname:104470,"(Krøyer, 1848)",3,NA,Species,accepted,NA,"NA",Animalia,Arthropoda,Hexanauplia,Calanoida,Calanidae,Neocalanus,size fractionated & frozen,NA
IYS:GoA2019_Stn37:bongo:Net2:SS92,Neocalanus cristatus,IYS:GoA2019_Stn37:bongo:Net2:SS92:zoop_occ-188,present,NA,urn:lsid:marinespecies.org:taxname:104470,"(Krøyer, 1848)",3,NA,Species,accepted,NA,"NA",Animalia,Arthropoda,Hexanauplia,Calanoida,Calanidae,Neocalanus,size fractionated & frozen,NA
IYS:GoA2019_Stn37:bongo:Net2:SS93,Neocalanus cristatus,IYS:GoA2019_Stn37:bongo:Net2:SS93:zoop_occ-189,present,NA,urn:lsid:marinespecies.org:taxname:104470,"(Krøyer, 1848)",3,NA,Species,accepted,NA,"NA",Animalia,Arthropoda,Hexanauplia,Calanoida,Calanidae,Neocalanus,size fractionated & frozen,NA
IYS:GoA2019_Stn38:bongo:Net2:22024,Neocalanus cristatus,IYS:GoA2019_Stn38:bongo:Net2:22024:zoop_occ-190,present,NA,urn:lsid:marinespecies.org:taxname:104470,"(Krøyer, 1848)",4,NA,Species,accepted,NA,"NA",Animalia,Arthropoda,Hexanauplia,Calanoida,Calanidae,Neocalanus,size fractionated & frozen,NA
IYS:GoA2019_Stn38:bongo:Net2:SS96,Neocalanus cristatus,IYS:GoA2019_Stn38:bongo:Net2:SS96:zoop_occ-191,present,NA,urn:lsid:marinespecies.org:taxname:104470,"(Krøyer, 1848)",3,NA,Species,accepted,NA,"NA",Animalia,Arthropoda,Hexanauplia,Calanoida,Calanidae,Neocalanus,size fractionated & frozen,NA
IYS:GoA2019_Stn38:bongo:Net2:SS97,Neocalanus cristatus,IYS:GoA2019_Stn38:bongo:Net2:SS97:zoop_occ-192,present,NA,urn:lsid:marinespecies.org:taxname:104470,"(Krøyer, 1848)",3,NA,Species,accepted,NA,"NA",Animalia,Arthropoda,Hexanauplia,Calanoida,Calanidae,Neocalanus,size fractionated & frozen,NA
IYS:GoA2019_Stn38:bongo:Net2:SS98,Neocalanus cristatus,IYS:GoA2019_Stn38:bongo:Net2:SS98:zoop_occ-193,present,NA,urn:lsid:marinespecies.org:taxname:104470,"(Krøyer, 1848)",3,NA,Species,accepted,NA,"NA",Animalia,Arthropoda,Hexanauplia,Calanoida,Calanidae,Neocalanus,size fractionated & frozen,NA
IYS:GoA2019_Stn39:bongo:Net1:SS99,Neocalanus cristatus,IYS:GoA2019_Stn39:bongo:Net1:SS99:zoop_occ-194,present,NA,urn:lsid:marinespecies.org:taxname:104470,"(Krøyer, 1848)",3,NA,Species,accepted,NA,"NA",Animalia,Arthropoda,Hexanauplia,Calanoida,Calanidae,Neocalanus,formalin,NA
IYS:GoA2019_Stn39:bongo:Net1:SS100,Neocalanus cristatus,IYS:GoA2019_Stn39:bongo:Net1:SS100:zoop_occ-195,present,NA,urn:lsid:marinespecies.org:taxname:104470,"(Krøyer, 1848)",3,NA,Species,accepted,NA,"NA",Animalia,Arthropoda,Hexanauplia,Calanoida,Calanidae,Neocalanus,formalin,NA
IYS:GoA2019_Stn39:bongo:Net1:SS101,Neocalanus cristatus,IYS:GoA2019_Stn39:bongo:Net1:SS101:zoop_occ-196,present,NA,urn:lsid:marinespecies.org:taxname:104470,"(Krøyer, 1848)",3,NA,Species,accepted,NA,"NA",Animalia,Arthropoda,Hexanauplia,Calanoida,Calanidae,Neocalanus,formalin,NA
IYS:GoA2019_Stn40:bongo:Net1:SS102,Neocalanus cristatus,IYS:GoA2019_Stn40:bongo:Net1:SS102:zoop_occ-197,present,NA,urn:lsid:marinespecies.org:taxname:104470,"(Krøyer, 1848)",3,NA,Species,accepted,NA,CV,Animalia,Arthropoda,Hexanauplia,Calanoida,Calanidae,Neocalanus,formalin,NA
IYS:GoA2019_Stn40:bongo:Net1:SS103,Neocalanus cristatus,IYS:GoA2019_Stn40:bongo:Net1:SS103:zoop_occ-198,present,NA,urn:lsid:marinespecies.org:taxname:104470,"(Krøyer, 1848)",3,NA,Species,accepted,NA,CV,Animalia,Arthropoda,Hexanauplia,Calanoida,Calanidae,Neocalanus,formalin,NA
IYS:GoA2019_Stn40:bongo:Net1:SS104,Neocalanus cristatus,IYS:GoA2019_Stn40:bongo:Net1:SS104:zoop_occ-199,present,NA,urn:lsid:marinespecies.org:taxname:104470,"(Krøyer, 1848)",3,NA,Species,accepted,NA,CV,Animalia,Arthropoda,Hexanauplia,Calanoida,Calanidae,Neocalanus,formalin,NA
IYS:GoA2019_Stn41:bongo:Net1:SS106,Euphausia pacifica,IYS:GoA2019_Stn41:bongo:Net1:SS106:zoop_occ-200,present,NA,urn:lsid:marinespecies.org:taxname:237851,"Hansen, 1911",1,NA,Species,accepted,NA,adult,Animalia,Arthropoda,Malacostraca,Euphausiacea,Euphausiidae,Euphausia,formalin,NA
IYS:GoA2019_Stn41:bongo:Net1:SS107,Radiozoa,IYS:GoA2019_Stn41:bongo:Net1:SS107:zoop_occ-201,present,NA,urn:lsid:marinespecies.org:taxname:582421,NA,3,NA,Phylum,accepted,NA,"NA",Chromista,Radiozoa,NA,NA,NA,NA,formalin,NA
IYS:GoA2019_Stn41:bongo:Net2:SS108,Neocalanus cristatus,IYS:GoA2019_Stn41:bongo:Net2:SS108:zoop_occ-202,present,NA,urn:lsid:marinespecies.org:taxname:104470,"(Krøyer, 1848)",3,NA,Species,accepted,NA,CV,Animalia,Arthropoda,Hexanauplia,Calanoida,Calanidae,Neocalanus,size fractionated & frozen,NA
IYS:GoA2019_Stn41:bongo:Net2:SS109,Neocalanus cristatus,IYS:GoA2019_Stn41:bongo:Net2:SS109:zoop_occ-203,present,NA,urn:lsid:marinespecies.org:taxname:104470,"(Krøyer, 1848)",3,NA,Species,accepted,NA,CV,Animalia,Arthropoda,Hexanauplia,Calanoida,Calanidae,Neocalanus,size fractionated & frozen,NA
IYS:GoA2019_Stn41:bongo:Net2:SS110,Neocalanus cristatus,IYS:GoA2019_Stn41:bongo:Net2:SS110:zoop_occ-204,present,NA,urn:lsid:marinespecies.org:taxname:104470,"(Krøyer, 1848)",3,NA,Species,accepted,NA,CV,Animalia,Arthropoda,Hexanauplia,Calanoida,Calanidae,Neocalanus,size fractionated & frozen,NA
IYS:GoA2019_Stn42:bongo:Net1:SS111,Neocalanus cristatus,IYS:GoA2019_Stn42:bongo:Net1:SS111:zoop_occ-205,present,NA,urn:lsid:marinespecies.org:taxname:104470,"(Krøyer, 1848)",3,NA,Species,accepted,NA,CV,Animalia,Arthropoda,Hexanauplia,Calanoida,Calanidae,Neocalanus,formalin,NA
IYS:GoA2019_Stn42:bongo:Net1:SS112,Neocalanus cristatus,IYS:GoA2019_Stn42:bongo:Net1:SS112:zoop_occ-206,present,NA,urn:lsid:marinespecies.org:taxname:104470,"(Krøyer, 1848)",3,NA,Species,accepted,NA,CV,Animalia,Arthropoda,Hexanauplia,Calanoida,Calanidae,Neocalanus,formalin,NA
IYS:GoA2019_Stn43:bongo:Net1:SS114,Neocalanus cristatus,IYS:GoA2019_Stn43:bongo:Net1:SS114:zoop_occ-207,present,NA,urn:lsid:marinespecies.org:taxname:104470,"(Krøyer, 1848)",3,NA,Species,accepted,NA,CV,Animalia,Arthropoda,Hexanauplia,Calanoida,Calanidae,Neocalanus,formalin,NA
IYS:GoA2019_Stn43:bongo:Net1:SS115,Neocalanus cristatus,IYS:GoA2019_Stn43:bongo:Net1:SS115:zoop_occ-208,present,NA,urn:lsid:marinespecies.org:taxname:104470,"(Krøyer, 1848)",3,NA,Species,accepted,NA,CV,Animalia,Arthropoda,Hexanauplia,Calanoida,Calanidae,Neocalanus,formalin,NA
IYS:GoA2019_Stn43:bongo:Net1:SS116,Neocalanus cristatus,IYS:GoA2019_Stn43:bongo:Net1:SS116:zoop_occ-209,present,NA,urn:lsid:marinespecies.org:taxname:104470,"(Krøyer, 1848)",3,NA,Species,accepted,NA,CV,Animalia,Arthropoda,Hexanauplia,Calanoida,Calanidae,Neocalanus,formalin,NA
IYS:GoA2019_Stn43:bongo:Net2:SS117,Eusergestes similis,IYS:GoA2019_Stn43:bongo:Net2:SS117:zoop_occ-210,present,NA,urn:lsid:marinespecies.org:taxname:514127,"(Hansen, 1903)",1,NA,Species,accepted,NA,"NA",Animalia,Arthropoda,Malacostraca,Decapoda,Sergestidae,Eusergestes,size fractionated & frozen,NA
IYS:GoA2019_Stn43:bongo:Net2:SS118,Eusergestes similis,IYS:GoA2019_Stn43:bongo:Net2:SS118:zoop_occ-211,present,NA,urn:lsid:marinespecies.org:taxname:514127,"(Hansen, 1903)",1,NA,Species,accepted,NA,"NA",Animalia,Arthropoda,Malacostraca,Decapoda,Sergestidae,Eusergestes,size fractionated & frozen,NA
IYS:GoA2019_Stn43:bongo:Net2:SS119,Thysanoessa longipes,IYS:GoA2019_Stn43:bongo:Net2:SS119:zoop_occ-212,present,NA,urn:lsid:marinespecies.org:taxname:237873,"Brandt, 1851",1,NA,Species,accepted,NA,"NA",Animalia,Arthropoda,Malacostraca,Euphausiacea,Euphausiidae,Thysanoessa,size fractionated & frozen,NA
IYS:GoA2019_Stn43:bongo:Net2:SS119,Thysanoessa longipes,IYS:GoA2019_Stn43:bongo:Net2:SS119:zoop_occ-213,present,NA,urn:lsid:marinespecies.org:taxname:237873,"Brandt, 1851",1,NA,Species,accepted,NA,"NA",Animalia,Arthropoda,Malacostraca,Euphausiacea,Euphausiidae,Thysanoessa,size fractionated & frozen,NA
IYS:GoA2019_Stn43:bongo:Net2:SS119,Thysanoessa longipes,IYS:GoA2019_Stn43:bongo:Net2:SS119:zoop_occ-214,present,NA,urn:lsid:marinespecies.org:taxname:237873,"Brandt, 1851",1,NA,Species,accepted,NA,"NA",Animalia,Arthropoda,Malacostraca,Euphausiacea,Euphausiidae,Thysanoessa,size fractionated & frozen,NA
IYS:GoA2019_Stn43:bongo:Net2:SS119,Thysanoessa longipes,IYS:GoA2019_Stn43:bongo:Net2:SS119:zoop_occ-215,present,NA,urn:lsid:marinespecies.org:taxname:237873,"Brandt, 1851",1,NA,Species,accepted,NA,"NA",Animalia,Arthropoda,Malacostraca,Euphausiacea,Euphausiidae,Thysanoessa,size fractionated & frozen,NA
IYS:GoA2019_Stn43:bongo:Net2:SS120,Euphausia pacifica,IYS:GoA2019_Stn43:bongo:Net2:SS120:zoop_occ-216,present,NA,urn:lsid:marinespecies.org:taxname:237851,"Hansen, 1911",1,NA,Species,accepted,NA,"NA",Animalia,Arthropoda,Malacostraca,Euphausiacea,Euphausiidae,Euphausia,size fractionated & frozen,NA
IYS:GoA2019_Stn43:bongo:Net2:SS121,Myctophidae,IYS:GoA2019_Stn43:bongo:Net2:SS121:zoop_occ-217,present,NA,urn:lsid:marinespecies.org:taxname:125498,"Gill, 1893",1,NA,Family,accepted,NA,Larvae,Animalia,Chordata,Actinopterygii,Myctophiformes,Myctophidae,NA,size fractionated & frozen,NA
IYS:GoA2019_Stn44:bongo:Net1:22025,Neocalanus cristatus,IYS:GoA2019_Stn44:bongo:Net1:22025:zoop_occ-218,present,NA,urn:lsid:marinespecies.org:taxname:104470,"(Krøyer, 1848)",3,NA,Species,accepted,NA,CV,Animalia,Arthropoda,Hexanauplia,Calanoida,Calanidae,Neocalanus,formalin,NA
IYS:GoA2019_Stn44:bongo:Net2:SS123,Euphausia pacifica,IYS:GoA2019_Stn44:bongo:Net2:SS123:zoop_occ-219,present,NA,urn:lsid:marinespecies.org:taxname:237851,"Hansen, 1911",1,NA,Species,accepted,NA,"NA",Animalia,Arthropoda,Malacostraca,Euphausiacea,Euphausiidae,Euphausia,size fractionated & frozen,NA
IYS:GoA2019_Stn44:bongo:Net2:SS124,Sagittoidea,IYS:GoA2019_Stn44:bongo:Net2:SS124:zoop_occ-220,present,NA,urn:lsid:marinespecies.org:taxname:5949,NA,2,NA,Class,accepted,NA,"NA",Animalia,Chaetognatha,Sagittoidea,NA,NA,NA,size fractionated & frozen,NA
IYS:GoA2019_Stn44:bongo:Net2:SS125,Radiozoa,IYS:GoA2019_Stn44:bongo:Net2:SS125:zoop_occ-221,present,NA,urn:lsid:marinespecies.org:taxname:582421,NA,2,NA,Phylum,accepted,NA,"NA",Chromista,Radiozoa,NA,NA,NA,NA,size fractionated & frozen,NA
IYS:GoA2019_Stn44:bongo:Net2:SS126,Euphausia pacifica,IYS:GoA2019_Stn44:bongo:Net2:SS126:zoop_occ-222,present,NA,urn:lsid:marinespecies.org:taxname:237851,"Hansen, 1911",1,NA,Species,accepted,NA,"NA",Animalia,Arthropoda,Malacostraca,Euphausiacea,Euphausiidae,Euphausia,size fractionated & frozen,NA
IYS:GoA2019_Stn44:bongo:Net2:SS126,Euphausia pacifica,IYS:GoA2019_Stn44:bongo:Net2:SS126:zoop_occ-223,present,NA,urn:lsid:marinespecies.org:taxname:237851,"Hansen, 1911",1,NA,Species,accepted,NA,"NA",Animalia,Arthropoda,Malacostraca,Euphausiacea,Euphausiidae,Euphausia,size fractionated & frozen,NA
IYS:GoA2019_Stn44:bongo:Net2:SS127,Neocalanus cristatus,IYS:GoA2019_Stn44:bongo:Net2:SS127:zoop_occ-224,present,NA,urn:lsid:marinespecies.org:taxname:104470,"(Krøyer, 1848)",3,NA,Species,accepted,NA,CV,Animalia,Arthropoda,Hexanauplia,Calanoida,Calanidae,Neocalanus,size fractionated & frozen,NA
IYS:GoA2019_Stn44:bongo:Net2:SS128,Neocalanus cristatus,IYS:GoA2019_Stn44:bongo:Net2:SS128:zoop_occ-225,present,NA,urn:lsid:marinespecies.org:taxname:104470,"(Krøyer, 1848)",3,NA,Species,accepted,NA,CV,Animalia,Arthropoda,Hexanauplia,Calanoida,Calanidae,Neocalanus,size fractionated & frozen,NA
IYS:GoA2019_Stn44:bongo:Net2:SS129,Neocalanus cristatus,IYS:GoA2019_Stn44:bongo:Net2:SS129:zoop_occ-226,present,NA,urn:lsid:marinespecies.org:taxname:104470,"(Krøyer, 1848)",3,NA,Species,accepted,NA,CV,Animalia,Arthropoda,Hexanauplia,Calanoida,Calanidae,Neocalanus,size fractionated & frozen,NA
IYS:GoA2019_Stn44:bongo:Net2:Z678,Aequorea,IYS:GoA2019_Stn44:bongo:Net2:Z678:zoop_occ-227,present,NA,urn:lsid:marinespecies.org:taxname:116998,"Péron & Lesueur, 1810",1,NA,Genus,accepted,NA,"NA",Animalia,Cnidaria,Hydrozoa,Leptothecata,Aequoreidae,Aequorea,size fractionated & frozen,NA
IYS:GoA2019_Stn45:bongo:Net1:SS130,Neocalanus cristatus,IYS:GoA2019_Stn45:bongo:Net1:SS130:zoop_occ-228,present,NA,urn:lsid:marinespecies.org:taxname:104470,"(Krøyer, 1848)",3,NA,Species,accepted,NA,CV,Animalia,Arthropoda,Hexanauplia,Calanoida,Calanidae,Neocalanus,formalin,NA
IYS:GoA2019_Stn45:bongo:Net1:SS131,Neocalanus cristatus,IYS:GoA2019_Stn45:bongo:Net1:SS131:zoop_occ-229,present,NA,urn:lsid:marinespecies.org:taxname:104470,"(Krøyer, 1848)",3,NA,Species,accepted,NA,CV,Animalia,Arthropoda,Hexanauplia,Calanoida,Calanidae,Neocalanus,formalin,NA
IYS:GoA2019_Stn45:bongo:Net1:SS132,Neocalanus cristatus,IYS:GoA2019_Stn45:bongo:Net1:SS132:zoop_occ-230,present,NA,urn:lsid:marinespecies.org:taxname:104470,"(Krøyer, 1848)",3,NA,Species,accepted,NA,CV,Animalia,Arthropoda,Hexanauplia,Calanoida,Calanidae,Neocalanus,formalin,NA
IYS:GoA2019_Stn46:bongo:Net1:SS142,Neocalanus cristatus,IYS:GoA2019_Stn46:bongo:Net1:SS142:zoop_occ-231,present,NA,urn:lsid:marinespecies.org:taxname:104470,"(Krøyer, 1848)",3,NA,Species,accepted,NA,CV,Animalia,Arthropoda,Hexanauplia,Calanoida,Calanidae,Neocalanus,formalin,NA
IYS:GoA2019_Stn46:bongo:Net1:SS143,Neocalanus cristatus,IYS:GoA2019_Stn46:bongo:Net1:SS143:zoop_occ-232,present,NA,urn:lsid:marinespecies.org:taxname:104470,"(Krøyer, 1848)",3,NA,Species,accepted,NA,CV,Animalia,Arthropoda,Hexanauplia,Calanoida,Calanidae,Neocalanus,formalin,NA
IYS:GoA2019_Stn46:bongo:Net1:SS144,Neocalanus cristatus,IYS:GoA2019_Stn46:bongo:Net1:SS144:zoop_occ-233,present,NA,urn:lsid:marinespecies.org:taxname:104470,"(Krøyer, 1848)",3,NA,Species,accepted,NA,CV,Animalia,Arthropoda,Hexanauplia,Calanoida,Calanidae,Neocalanus,formalin,NA
IYS:GoA2019_Stn46:bongo:Net2:SL10,Sagittoidea,IYS:GoA2019_Stn46:bongo:Net2:SL10:zoop_occ-234,present,NA,urn:lsid:marinespecies.org:taxname:5949,NA,5,NA,Class,accepted,NA,Solitary,Animalia,Chaetognatha,Sagittoidea,NA,NA,NA,size fractionated & frozen,NA
IYS:GoA2019_Stn46:bongo:Net2:SS135,Eusergestes similis,IYS:GoA2019_Stn46:bongo:Net2:SS135:zoop_occ-235,present,NA,urn:lsid:marinespecies.org:taxname:514127,"(Hansen, 1903)",1,NA,Species,accepted,NA,Solitary,Animalia,Arthropoda,Malacostraca,Decapoda,Sergestidae,Eusergestes,size fractionated & frozen,NA
IYS:GoA2019_Stn46:bongo:Net2:SS136,Primnoa pacifica,IYS:GoA2019_Stn46:bongo:Net2:SS136:zoop_occ-236,present,NA,urn:lsid:marinespecies.org:taxname:286539,"Kinoshita, 1907",1,NA,Species,accepted,NA,Solitary,Animalia,Cnidaria,Anthozoa,Alcyonacea,Primnoidae,Primnoa,size fractionated & frozen,NA
IYS:GoA2019_Stn46:bongo:Net2:SS137,Clio pyramidata,IYS:GoA2019_Stn46:bongo:Net2:SS137:zoop_occ-237,present,NA,urn:lsid:marinespecies.org:taxname:139033,"Linnaeus, 1767",1,NA,Species,accepted,NA,Solitary,Animalia,Mollusca,Gastropoda,Pteropoda,Cliidae,Clio,size fractionated & frozen,NA
IYS:GoA2019_Stn46:bongo:Net2:SS138,Sagittoidea,IYS:GoA2019_Stn46:bongo:Net2:SS138:zoop_occ-238,present,NA,urn:lsid:marinespecies.org:taxname:5949,NA,4,NA,Class,accepted,NA,Solitary,Animalia,Chaetognatha,Sagittoidea,NA,NA,NA,size fractionated & frozen,NA
IYS:GoA2019_Stn46:bongo:Net2:SS140,Japetella diaphana,IYS:GoA2019_Stn46:bongo:Net2:SS140:zoop_occ-239,present,NA,urn:lsid:marinespecies.org:taxname:138849,"Hoyle, 1885",1,NA,Species,accepted,NA,juvenile,Animalia,Mollusca,Cephalopoda,Octopoda,Amphitretidae,Japetella,size fractionated & frozen,NA
IYS:GoA2019_Stn46:bongo:Net2:SS141,Eusergestes similis,IYS:GoA2019_Stn46:bongo:Net2:SS141:zoop_occ-240,present,NA,urn:lsid:marinespecies.org:taxname:514127,"(Hansen, 1903)",1,NA,Species,accepted,NA,Solitary,Animalia,Arthropoda,Malacostraca,Decapoda,Sergestidae,Eusergestes,size fractionated & frozen,NA
IYS:GoA2019_Stn46:bongo:Net2:ZL01,Salpa aspera,IYS:GoA2019_Stn46:bongo:Net2:ZL01:zoop_occ-241,present,NA,urn:lsid:marinespecies.org:taxname:137270,"Chamisso, 1819",1,NA,Species,accepted,NA,Solitary,Animalia,Chordata,Thaliacea,Salpida,Salpidae,Salpa,size fractionated & frozen,NA
IYS:GoA2019_Stn47:bongo:Net1:SS145,Clio pyramidata,IYS:GoA2019_Stn47:bongo:Net1:SS145:zoop_occ-242,present,NA,urn:lsid:marinespecies.org:taxname:139033,"Linnaeus, 1767",1,NA,Species,accepted,NA,"NA",Animalia,Mollusca,Gastropoda,Pteropoda,Cliidae,Clio,formalin,NA
IYS:GoA2019_Stn49:bongo:Net2:SS146,Thysanoessa,IYS:GoA2019_Stn49:bongo:Net2:SS146:zoop_occ-243,present,NA,urn:lsid:marinespecies.org:taxname:110679,"Brandt, 1851",1,NA,Genus,accepted,female,adult,Animalia,Arthropoda,Malacostraca,Euphausiacea,Euphausiidae,Thysanoessa,size fractionated & frozen,NA
IYS:GoA2019_Stn49:bongo:Net2:SS147,Euphausia pacifica,IYS:GoA2019_Stn49:bongo:Net2:SS147:zoop_occ-244,present,NA,urn:lsid:marinespecies.org:taxname:237851,"Hansen, 1911",1,NA,Species,accepted,NA,"NA",Animalia,Arthropoda,Malacostraca,Euphausiacea,Euphausiidae,Euphausia,size fractionated & frozen,NA
IYS:GoA2019_Stn49:bongo:Net2:SS148,Euphausia pacifica,IYS:GoA2019_Stn49:bongo:Net2:SS148:zoop_occ-245,present,NA,urn:lsid:marinespecies.org:taxname:237851,"Hansen, 1911",1,NA,Species,accepted,NA,"NA",Animalia,Arthropoda,Malacostraca,Euphausiacea,Euphausiidae,Euphausia,size fractionated & frozen,NA
IYS:GoA2019_Stn49:bongo:Net2:SS149,Paraeuchaeta,IYS:GoA2019_Stn49:bongo:Net2:SS149:zoop_occ-246,present,NA,urn:lsid:marinespecies.org:taxname:196874,"Scott A., 1909",3,NA,Genus,accepted,NA,"NA",Animalia,Arthropoda,Hexanauplia,Calanoida,Euchaetidae,Paraeuchaeta,size fractionated & frozen,NA
IYS:GoA2019_Stn49:bongo:Net2:SS150,Paraeuchaeta,IYS:GoA2019_Stn49:bongo:Net2:SS150:zoop_occ-247,present,NA,urn:lsid:marinespecies.org:taxname:196874,"Scott A., 1909",3,NA,Genus,accepted,NA,"NA",Animalia,Arthropoda,Hexanauplia,Calanoida,Euchaetidae,Paraeuchaeta,size fractionated & frozen,NA
IYS:GoA2019_Stn50:bongo:Net2:SS152,Neocalanus cristatus,IYS:GoA2019_Stn50:bongo:Net2:SS152:zoop_occ-248,present,NA,urn:lsid:marinespecies.org:taxname:104470,"(Krøyer, 1848)",3,NA,Species,accepted,NA,"NA",Animalia,Arthropoda,Hexanauplia,Calanoida,Calanidae,Neocalanus,size fractionated & frozen,NA
IYS:GoA2019_Stn50:bongo:Net2:SS153,Thysanoessa,IYS:GoA2019_Stn50:bongo:Net2:SS153:zoop_occ-249,present,NA,urn:lsid:marinespecies.org:taxname:110679,"Brandt, 1851",1,NA,Genus,accepted,NA,"NA",Animalia,Arthropoda,Malacostraca,Euphausiacea,Euphausiidae,Thysanoessa,size fractionated & frozen,NA
IYS:GoA2019_Stn50:bongo:Net2:SS154,Neocalanus cristatus,IYS:GoA2019_Stn50:bongo:Net2:SS154:zoop_occ-250,present,NA,urn:lsid:marinespecies.org:taxname:104470,"(Krøyer, 1848)",3,NA,Species,accepted,NA,"NA",Animalia,Arthropoda,Hexanauplia,Calanoida,Calanidae,Neocalanus,size fractionated & frozen,NA
IYS:GoA2019_Stn50:bongo:Net2:SS155,Gastropoda,IYS:GoA2019_Stn50:bongo:Net2:SS155:zoop_occ-251,present,NA,urn:lsid:marinespecies.org:taxname:101,"Cuvier, 1795",1,NA,Class,accepted,NA,Veliger,Animalia,Mollusca,Gastropoda,NA,NA,NA,size fractionated & frozen,NA
IYS:GoA2019_Stn50:bongo:Net2:SS156,Siphonophorae,IYS:GoA2019_Stn50:bongo:Net2:SS156:zoop_occ-252,present,NA,urn:lsid:marinespecies.org:taxname:1371,"Eschscholtz, 1829",3,NA,Order,accepted,NA,"NA",Animalia,Cnidaria,Hydrozoa,Siphonophorae,NA,NA,size fractionated & frozen,NA
IYS:GoA2019_Stn53:bongo:Net2:SS158,Neocalanus cristatus,IYS:GoA2019_Stn53:bongo:Net2:SS158:zoop_occ-253,present,NA,urn:lsid:marinespecies.org:taxname:104470,"(Krøyer, 1848)",3,NA,Species,accepted,NA,"NA",Animalia,Arthropoda,Hexanauplia,Calanoida,Calanidae,Neocalanus,size fractionated & frozen,NA
IYS:GoA2019_Stn53:bongo:Net2:SS159,Neocalanus cristatus,IYS:GoA2019_Stn53:bongo:Net2:SS159:zoop_occ-254,present,NA,urn:lsid:marinespecies.org:taxname:104470,"(Krøyer, 1848)",3,NA,Species,accepted,NA,"NA",Animalia,Arthropoda,Hexanauplia,Calanoida,Calanidae,Neocalanus,size fractionated & frozen,NA
IYS:GoA2019_Stn54:bongo:Net1:SS165,Primnoa pacifica,IYS:GoA2019_Stn54:bongo:Net1:SS165:zoop_occ-255,present,NA,urn:lsid:marinespecies.org:taxname:286539,"Kinoshita, 1907",1,NA,Species,accepted,NA,"NA",Animalia,Cnidaria,Anthozoa,Alcyonacea,Primnoidae,Primnoa,formalin,NA
IYS:GoA2019_Stn54:bongo:Net2:22026,Euphausia pacifica,IYS:GoA2019_Stn54:bongo:Net2:22026:zoop_occ-256,present,NA,urn:lsid:marinespecies.org:taxname:237851,"Hansen, 1911",3,NA,Species,accepted,NA,"NA",Animalia,Arthropoda,Malacostraca,Euphausiacea,Euphausiidae,Euphausia,size fractionated & frozen,NA
IYS:GoA2019_Stn54:bongo:Net2:SS160,Tarletonbeania crenularis,IYS:GoA2019_Stn54:bongo:Net2:SS160:zoop_occ-257,present,NA,urn:lsid:marinespecies.org:taxname:282927,"(Jordan & Gilbert, 1880)",1,NA,Species,accepted,NA,"NA",Animalia,Chordata,Actinopterygii,Myctophiformes,Myctophidae,Tarletonbeania,size fractionated & frozen,NA
IYS:GoA2019_Stn54:bongo:Net2:SS161,Euphausia pacifica,IYS:GoA2019_Stn54:bongo:Net2:SS161:zoop_occ-258,present,NA,urn:lsid:marinespecies.org:taxname:237851,"Hansen, 1911",4,NA,Species,accepted,NA,"NA",Animalia,Arthropoda,Malacostraca,Euphausiacea,Euphausiidae,Euphausia,size fractionated & frozen,NA
IYS:GoA2019_Stn54:bongo:Net2:SS162,Euphausia pacifica,IYS:GoA2019_Stn54:bongo:Net2:SS162:zoop_occ-259,present,NA,urn:lsid:marinespecies.org:taxname:237851,"Hansen, 1911",3,NA,Species,accepted,NA,"NA",Animalia,Arthropoda,Malacostraca,Euphausiacea,Euphausiidae,Euphausia,size fractionated & frozen,NA
IYS:GoA2019_Stn54:bongo:Net2:SS163,Euphausia pacifica,IYS:GoA2019_Stn54:bongo:Net2:SS163:zoop_occ-260,present,NA,urn:lsid:marinespecies.org:taxname:237851,"Hansen, 1911",6,NA,Species,accepted,NA,"NA",Animalia,Arthropoda,Malacostraca,Euphausiacea,Euphausiidae,Euphausia,size fractionated & frozen,NA
IYS:GoA2019_Stn54:bongo:Net2:SS164,Siphonophorae,IYS:GoA2019_Stn54:bongo:Net2:SS164:zoop_occ-261,present,NA,urn:lsid:marinespecies.org:taxname:1371,"Eschscholtz, 1829",4,NA,Order,accepted,NA,"NA",Animalia,Cnidaria,Hydrozoa,Siphonophorae,NA,NA,size fractionated & frozen,NA
IYS:GoA2019_Stn55:bongo:Net1:SS168,Neocalanus cristatus,IYS:GoA2019_Stn55:bongo:Net1:SS168:zoop_occ-262,present,NA,urn:lsid:marinespecies.org:taxname:104470,"(Krøyer, 1848)",3,NA,Species,accepted,NA,"NA",Animalia,Arthropoda,Hexanauplia,Calanoida,Calanidae,Neocalanus,formalin,NA
IYS:GoA2019_Stn55:bongo:Net2:SS166,Neocalanus cristatus,IYS:GoA2019_Stn55:bongo:Net2:SS166:zoop_occ-263,present,NA,urn:lsid:marinespecies.org:taxname:104470,"(Krøyer, 1848)",4,NA,Species,accepted,NA,"NA",Animalia,Arthropoda,Hexanauplia,Calanoida,Calanidae,Neocalanus,size fractionated & frozen,NA
IYS:GoA2019_Stn55:bongo:Net2:SS167,Siphonophorae,IYS:GoA2019_Stn55:bongo:Net2:SS167:zoop_occ-264,present,NA,urn:lsid:marinespecies.org:taxname:1371,"Eschscholtz, 1829",4,NA,Order,accepted,NA,"NA",Animalia,Cnidaria,Hydrozoa,Siphonophorae,NA,NA,size fractionated & frozen,NA
IYS:GoA2019_Stn56:bongo:Net2:22027,Euphausia pacifica,IYS:GoA2019_Stn56:bongo:Net2:22027:zoop_occ-265,present,NA,urn:lsid:marinespecies.org:taxname:237851,"Hansen, 1911",3,NA,Species,accepted,NA,"NA",Animalia,Arthropoda,Malacostraca,Euphausiacea,Euphausiidae,Euphausia,size fractionated & frozen,NA
IYS:GoA2019_Stn56:bongo:Net2:SS169,Thysanoessa,IYS:GoA2019_Stn56:bongo:Net2:SS169:zoop_occ-266,present,NA,urn:lsid:marinespecies.org:taxname:110679,"Brandt, 1851",1,NA,Genus,accepted,NA,"NA",Animalia,Arthropoda,Malacostraca,Euphausiacea,Euphausiidae,Thysanoessa,size fractionated & frozen,NA
IYS:GoA2019_Stn56:bongo:Net2:SS170,Thysanoessa,IYS:GoA2019_Stn56:bongo:Net2:SS170:zoop_occ-267,present,NA,urn:lsid:marinespecies.org:taxname:110679,"Brandt, 1851",1,NA,Genus,accepted,NA,"NA",Animalia,Arthropoda,Malacostraca,Euphausiacea,Euphausiidae,Thysanoessa,size fractionated & frozen,NA
IYS:GoA2019_Stn56:bongo:Net2:SS171,Euphausia pacifica,IYS:GoA2019_Stn56:bongo:Net2:SS171:zoop_occ-268,present,NA,urn:lsid:marinespecies.org:taxname:237851,"Hansen, 1911",3,NA,Species,accepted,NA,"NA",Animalia,Arthropoda,Malacostraca,Euphausiacea,Euphausiidae,Euphausia,size fractionated & frozen,NA
IYS:GoA2019_Stn56:bongo:Net2:SS172,Euphausia pacifica,IYS:GoA2019_Stn56:bongo:Net2:SS172:zoop_occ-269,present,NA,urn:lsid:marinespecies.org:taxname:237851,"Hansen, 1911",2,NA,Species,accepted,NA,"NA",Animalia,Arthropoda,Malacostraca,Euphausiacea,Euphausiidae,Euphausia,size fractionated & frozen,NA
IYS:GoA2019_Stn56:bongo:Net2:SS173,Limacina helicina,IYS:GoA2019_Stn56:bongo:Net2:SS173:zoop_occ-270,present,NA,urn:lsid:marinespecies.org:taxname:140223,"(Phipps, 1774)",4,NA,Species,accepted,NA,"NA",Animalia,Mollusca,Gastropoda,Pteropoda,Limacinidae,Limacina,size fractionated & frozen,NA
IYS:GoA2019_Stn56:bongo:Net2:SS174,Paraeuchaeta,IYS:GoA2019_Stn56:bongo:Net2:SS174:zoop_occ-271,present,NA,urn:lsid:marinespecies.org:taxname:196874,"Scott A., 1909",4,NA,Genus,accepted,NA,"NA",Animalia,Arthropoda,Hexanauplia,Calanoida,Euchaetidae,Paraeuchaeta,size fractionated & frozen,NA
IYS:GoA2019_Stn56:bongo:Net2:Z912,Aequorea,IYS:GoA2019_Stn56:bongo:Net2:Z912:zoop_occ-272,present,NA,urn:lsid:marinespecies.org:taxname:116998,"Péron & Lesueur, 1810",1,NA,Genus,accepted,NA,"NA",Animalia,Cnidaria,Hydrozoa,Leptothecata,Aequoreidae,Aequorea,size fractionated & frozen,NA
IYS:GoA2019_Stn57:bongo:Net2:SS175,Primnoa pacifica,IYS:GoA2019_Stn57:bongo:Net2:SS175:zoop_occ-273,present,NA,urn:lsid:marinespecies.org:taxname:286539,"Kinoshita, 1907",1,NA,Species,accepted,NA,"NA",Animalia,Cnidaria,Anthozoa,Alcyonacea,Primnoidae,Primnoa,size fractionated & frozen,NA
IYS:GoA2019_Stn57:bongo:Net2:SS176,Sagittoidea,IYS:GoA2019_Stn57:bongo:Net2:SS176:zoop_occ-274,present,NA,urn:lsid:marinespecies.org:taxname:5949,NA,1,NA,Class,accepted,NA,"NA",Animalia,Chaetognatha,Sagittoidea,NA,NA,NA,size fractionated & frozen,NA
IYS:GoA2019_Stn57:bongo:Net2:SS176,Sagittoidea,IYS:GoA2019_Stn57:bongo:Net2:SS176:zoop_occ-275,present,NA,urn:lsid:marinespecies.org:taxname:5949,NA,1,NA,Class,accepted,NA,"NA",Animalia,Chaetognatha,Sagittoidea,NA,NA,NA,size fractionated & frozen,NA
IYS:GoA2019_Stn57:bongo:Net2:SS176,Sagittoidea,IYS:GoA2019_Stn57:bongo:Net2:SS176:zoop_occ-276,present,NA,urn:lsid:marinespecies.org:taxname:5949,NA,1,NA,Class,accepted,NA,"NA",Animalia,Chaetognatha,Sagittoidea,NA,NA,NA,size fractionated & frozen,NA
IYS:GoA2019_Stn57:bongo:Net2:SS176,Sagittoidea,IYS:GoA2019_Stn57:bongo:Net2:SS176:zoop_occ-277,present,NA,urn:lsid:marinespecies.org:taxname:5949,NA,1,NA,Class,accepted,NA,"NA",Animalia,Chaetognatha,Sagittoidea,NA,NA,NA,size fractionated & frozen,NA
IYS:GoA2019_Stn57:bongo:Net2:SS177,Hydrozoa,IYS:GoA2019_Stn57:bongo:Net2:SS177:zoop_occ-278,present,NA,urn:lsid:marinespecies.org:taxname:1337,"Owen, 1843",2,NA,Class,accepted,NA,Hydromedusae,Animalia,Cnidaria,Hydrozoa,NA,NA,NA,size fractionated & frozen,NA
IYS:GoA2019_Stn57:bongo:Net2:SS178,Hydrozoa,IYS:GoA2019_Stn57:bongo:Net2:SS178:zoop_occ-279,present,NA,urn:lsid:marinespecies.org:taxname:1337,"Owen, 1843",4,NA,Class,accepted,NA,Hydromedusae,Animalia,Cnidaria,Hydrozoa,NA,NA,NA,size fractionated & frozen,NA
IYS:GoA2019_Stn57:bongo:Net2:SS179,Phronima sedentaria,IYS:GoA2019_Stn57:bongo:Net2:SS179:zoop_occ-280,present,NA,urn:lsid:marinespecies.org:taxname:103272,"(Forskål, 1775)",1,NA,Species,accepted,NA,"NA",Animalia,Arthropoda,Malacostraca,Amphipoda,Phronimidae,Phronima,size fractionated & frozen,NA
IYS:GoA2019_Stn57:bongo:Net2:SS180,Limacina helicina,IYS:GoA2019_Stn57:bongo:Net2:SS180:zoop_occ-281,present,NA,urn:lsid:marinespecies.org:taxname:140223,"(Phipps, 1774)",1,NA,Species,accepted,NA,"NA",Animalia,Mollusca,Gastropoda,Pteropoda,Limacinidae,Limacina,size fractionated & frozen,NA
IYS:GoA2019_Stn57:bongo:Net2:SS181,Neocalanus cristatus,IYS:GoA2019_Stn57:bongo:Net2:SS181:zoop_occ-282,present,NA,urn:lsid:marinespecies.org:taxname:104470,"(Krøyer, 1848)",3,NA,Species,accepted,NA,"NA",Animalia,Arthropoda,Hexanauplia,Calanoida,Calanidae,Neocalanus,size fractionated & frozen,NA
IYS:GoA2019_Stn58:bongo:Net2:Z917,Eusergestes similis,IYS:GoA2019_Stn58:bongo:Net2:Z917:zoop_occ-283,present,NA,urn:lsid:marinespecies.org:taxname:514127,"(Hansen, 1903)",1,NA,Species,accepted,NA,Solitary,Animalia,Arthropoda,Malacostraca,Decapoda,Sergestidae,Eusergestes,size fractionated & frozen,NA
IYS:GoA2019_Stn59:bongo:Net2:SS183,Eusergestes similis,IYS:GoA2019_Stn59:bongo:Net2:SS183:zoop_occ-284,present,NA,urn:lsid:marinespecies.org:taxname:514127,"(Hansen, 1903)",1,NA,Species,accepted,NA,"NA",Animalia,Arthropoda,Malacostraca,Decapoda,Sergestidae,Eusergestes,size fractionated & frozen,NA
IYS:GoA2019_Stn59:bongo:Net2:SS184,Eusergestes similis,IYS:GoA2019_Stn59:bongo:Net2:SS184:zoop_occ-285,present,NA,urn:lsid:marinespecies.org:taxname:514127,"(Hansen, 1903)",1,NA,Species,accepted,NA,"NA",Animalia,Arthropoda,Malacostraca,Decapoda,Sergestidae,Eusergestes,size fractionated & frozen,NA
IYS:GoA2019_Stn59:bongo:Net2:SS185,Siphonophorae,IYS:GoA2019_Stn59:bongo:Net2:SS185:zoop_occ-286,present,NA,urn:lsid:marinespecies.org:taxname:1371,"Eschscholtz, 1829",1,NA,Order,accepted,NA,"NA",Animalia,Cnidaria,Hydrozoa,Siphonophorae,NA,NA,size fractionated & frozen,NA
IYS:GoA2019_Stn59:bongo:Net2:SS185,Siphonophorae,IYS:GoA2019_Stn59:bongo:Net2:SS185:zoop_occ-287,present,NA,urn:lsid:marinespecies.org:taxname:1371,"Eschscholtz, 1829",1,NA,Order,accepted,NA,"NA",Animalia,Cnidaria,Hydrozoa,Siphonophorae,NA,NA,size fractionated & frozen,NA
IYS:GoA2019_Stn59:bongo:Net2:SS186,Euphausia pacifica,IYS:GoA2019_Stn59:bongo:Net2:SS186:zoop_occ-288,present,NA,urn:lsid:marinespecies.org:taxname:237851,"Hansen, 1911",2,NA,Species,accepted,NA,"NA",Animalia,Arthropoda,Malacostraca,Euphausiacea,Euphausiidae,Euphausia,size fractionated & frozen,NA
IYS:GoA2019_Stn59:bongo:Net2:SS187,Thysanoessa,IYS:GoA2019_Stn59:bongo:Net2:SS187:zoop_occ-289,present,NA,urn:lsid:marinespecies.org:taxname:110679,"Brandt, 1851",2,NA,Genus,accepted,NA,"NA",Animalia,Arthropoda,Malacostraca,Euphausiacea,Euphausiidae,Thysanoessa,size fractionated & frozen,NA
IYS:GoA2019_Stn60:bongo:Net2:SS188,Eusergestes similis,IYS:GoA2019_Stn60:bongo:Net2:SS188:zoop_occ-290,present,NA,urn:lsid:marinespecies.org:taxname:514127,"(Hansen, 1903)",1,NA,Species,accepted,NA,"NA",Animalia,Arthropoda,Malacostraca,Decapoda,Sergestidae,Eusergestes,size fractionated & frozen,NA
IYS:GoA2019_Stn60:bongo:Net2:SS189,Eusergestes similis,IYS:GoA2019_Stn60:bongo:Net2:SS189:zoop_occ-291,present,NA,urn:lsid:marinespecies.org:taxname:514127,"(Hansen, 1903)",1,NA,Species,accepted,NA,"NA",Animalia,Arthropoda,Malacostraca,Decapoda,Sergestidae,Eusergestes,size fractionated & frozen,NA
IYS:GoA2019_Stn60:bongo:Net2:SS190,Eusergestes similis,IYS:GoA2019_Stn60:bongo:Net2:SS190:zoop_occ-292,present,NA,urn:lsid:marinespecies.org:taxname:514127,"(Hansen, 1903)",1,NA,Species,accepted,NA,"NA",Animalia,Arthropoda,Malacostraca,Decapoda,Sergestidae,Eusergestes,size fractionated & frozen,NA
IYS:GoA2019_Stn60:bongo:Net2:SS191,Lensia,IYS:GoA2019_Stn60:bongo:Net2:SS191:zoop_occ-293,present,NA,urn:lsid:marinespecies.org:taxname:135365,"Totton, 1932",1,NA,Genus,accepted,NA,"NA",Animalia,Cnidaria,Hydrozoa,Siphonophorae,Diphyidae,Lensia,size fractionated & frozen,NA
IYS:GoA2019_Stn60:bongo:Net2:SS192,Phronima sedentaria,IYS:GoA2019_Stn60:bongo:Net2:SS192:zoop_occ-294,present,NA,urn:lsid:marinespecies.org:taxname:103272,"(Forskål, 1775)",1,NA,Species,accepted,NA,"NA",Animalia,Arthropoda,Malacostraca,Amphipoda,Phronimidae,Phronima,size fractionated & frozen,NA
IYS:GoA2019_Stn31:bongo:Net2:SS81,Sagittoidea,IYS:GoA2019_Stn31:bongo:Net2:SS81:zoop_occ-295,present,NA,urn:lsid:marinespecies.org:taxname:5949,NA,1,NA,Class,accepted,NA,"NA",Animalia,Chaetognatha,Sagittoidea,NA,NA,NA,size fractionated & frozen,NA
IYS:GoA2019_Stn31:bongo:Net2:SS81,Euphausia pacifica,IYS:GoA2019_Stn31:bongo:Net2:SS81:zoop_occ-296,present,NA,urn:lsid:marinespecies.org:taxname:237851,"Hansen, 1911",1,NA,Species,accepted,NA,"NA",Animalia,Arthropoda,Malacostraca,Euphausiacea,Euphausiidae,Euphausia,size fractionated & frozen,NA
IYS:GoA2019_Stn31:bongo:Net2:SS81,Euphausia pacifica,IYS:GoA2019_Stn31:bongo:Net2:SS81:zoop_occ-297,present,NA,urn:lsid:marinespecies.org:taxname:237851,"Hansen, 1911",1,NA,Species,accepted,NA,"NA",Animalia,Arthropoda,Malacostraca,Euphausiacea,Euphausiidae,Euphausia,size fractionated & frozen,NA
IYS:GoA2019_Stn31:bongo:Net2:SS81,Euphausia pacifica,IYS:GoA2019_Stn31:bongo:Net2:SS81:zoop_occ-298,present,NA,urn:lsid:marinespecies.org:taxname:237851,"Hansen, 1911",1,NA,Species,accepted,NA,"NA",Animalia,Arthropoda,Malacostraca,Euphausiacea,Euphausiidae,Euphausia,size fractionated & frozen,NA
IYS:GoA2019_Stn31:bongo:Net2:SS81,Euphausia pacifica,IYS:GoA2019_Stn31:bongo:Net2:SS81:zoop_occ-299,present,NA,urn:lsid:marinespecies.org:taxname:237851,"Hansen, 1911",1,NA,Species,accepted,NA,"NA",Animalia,Arthropoda,Malacostraca,Euphausiacea,Euphausiidae,Euphausia,size fractionated & frozen,NA
IYS:GoA2019_Stn31:bongo:Net2:SS81,Euphausia pacifica,IYS:GoA2019_Stn31:bongo:Net2:SS81:zoop_occ-300,present,NA,urn:lsid:marinespecies.org:taxname:237851,"Hansen, 1911",1,NA,Species,accepted,NA,"NA",Animalia,Arthropoda,Malacostraca,Euphausiacea,Euphausiidae,Euphausia,size fractionated & frozen,NA
IYS:GoA2019_Stn31:bongo:Net2:SS81,Thysanoessa spinifera,IYS:GoA2019_Stn31:bongo:Net2:SS81:zoop_occ-301,present,NA,urn:lsid:marinespecies.org:taxname:237874,"Holmes, 1900",1,NA,Species,accepted,NA,"NA",Animalia,Arthropoda,Malacostraca,Euphausiacea,Euphausiidae,Thysanoessa,size fractionated & frozen,NA
IYS:GoA2019_Stn31:bongo:Net2:SS81,Thysanoessa spinifera,IYS:GoA2019_Stn31:bongo:Net2:SS81:zoop_occ-302,present,NA,urn:lsid:marinespecies.org:taxname:237874,"Holmes, 1900",1,NA,Species,accepted,NA,"NA",Animalia,Arthropoda,Malacostraca,Euphausiacea,Euphausiidae,Thysanoessa,size fractionated & frozen,NA
IYS:GoA2019_Stn31:bongo:Net2:SS81,Size fraction,IYS:GoA2019_Stn31:bongo:Net2:SS81:zoop_occ-303,present,NA,NA,NA,8,NA,NA,NA,NA,"NA",NA,NA,NA,NA,NA,NA,size fractionated & frozen,NA
IYS:GoA2019_Stn45:bongo:Net2:SS133,Animalia,IYS:GoA2019_Stn45:bongo:Net2:SS133:zoop_occ-304,present,NA,urn:lsid:marinespecies.org:taxname:2,NA,2,NA,Kingdom,accepted,NA,"NA",Animalia,NA,NA,NA,NA,NA,size fractionated & frozen,NA
IYS:GoA2019_Stn45:bongo:Net2:SS133,Sagittoidea,IYS:GoA2019_Stn45:bongo:Net2:SS133:zoop_occ-305,present,NA,urn:lsid:marinespecies.org:taxname:5949,NA,1,NA,Class,accepted,NA,"NA",Animalia,Chaetognatha,Sagittoidea,NA,NA,NA,size fractionated & frozen,NA
IYS:GoA2019_Stn45:bongo:Net2:SS133,Sagittoidea,IYS:GoA2019_Stn45:bongo:Net2:SS133:zoop_occ-306,present,NA,urn:lsid:marinespecies.org:taxname:5949,NA,1,NA,Class,accepted,NA,"NA",Animalia,Chaetognatha,Sagittoidea,NA,NA,NA,size fractionated & frozen,NA
IYS:GoA2019_Stn45:bongo:Net2:SS133,Sagittoidea,IYS:GoA2019_Stn45:bongo:Net2:SS133:zoop_occ-307,present,NA,urn:lsid:marinespecies.org:taxname:5949,NA,1,NA,Class,accepted,NA,"NA",Animalia,Chaetognatha,Sagittoidea,NA,NA,NA,size fractionated & frozen,NA
IYS:GoA2019_Stn45:bongo:Net2:SS133,Size fraction,IYS:GoA2019_Stn45:bongo:Net2:SS133:zoop_occ-308,present,NA,NA,NA,5,NA,NA,NA,NA,"NA",NA,NA,NA,NA,NA,NA,size fractionated & frozen,NA
