eventID,parentEventID,eventDate,decimalLatitude,decimalLongitude,coordinateUncertaintyInMeters,minimumDepthInMetres,maximumDepthInMetres,eventRemarks,type,geodeticDatum
GoA2019,NA,NA,NA,NA,NA,NA,NA,cruise,Event,EPSG:4326
GoA2019_Stn1,GoA2019,NA,NA,NA,NA,NA,NA,station,Event,EPSG:4326
GoA2019_Stn2,GoA2019,NA,NA,NA,NA,NA,NA,station,Event,EPSG:4326
GoA2019_Stn3,GoA2019,NA,NA,NA,NA,NA,NA,station,Event,EPSG:4326
GoA2019_Stn4,GoA2019,NA,NA,NA,NA,NA,NA,station,Event,EPSG:4326
GoA2019_Stn5,GoA2019,NA,NA,NA,NA,NA,NA,station,Event,EPSG:4326
GoA2019_Stn6,GoA2019,NA,NA,NA,NA,NA,NA,station,Event,EPSG:4326
GoA2019_Stn7,GoA2019,NA,NA,NA,NA,NA,NA,station,Event,EPSG:4326
GoA2019_Stn8,GoA2019,NA,NA,NA,NA,NA,NA,station,Event,EPSG:4326
GoA2019_Stn9,GoA2019,NA,NA,NA,NA,NA,NA,station,Event,EPSG:4326
GoA2019_Stn10,GoA2019,NA,NA,NA,NA,NA,NA,station,Event,EPSG:4326
GoA2019_Stn11,GoA2019,NA,NA,NA,NA,NA,NA,station,Event,EPSG:4326
GoA2019_Stn12,GoA2019,NA,NA,NA,NA,NA,NA,station,Event,EPSG:4326
GoA2019_Stn13,GoA2019,NA,NA,NA,NA,NA,NA,station,Event,EPSG:4326
GoA2019_Stn14,GoA2019,NA,NA,NA,NA,NA,NA,station,Event,EPSG:4326
GoA2019_Stn15,GoA2019,NA,NA,NA,NA,NA,NA,station,Event,EPSG:4326
GoA2019_Stn16,GoA2019,NA,NA,NA,NA,NA,NA,station,Event,EPSG:4326
GoA2019_Stn17,GoA2019,NA,NA,NA,NA,NA,NA,station,Event,EPSG:4326
GoA2019_Stn18,GoA2019,NA,NA,NA,NA,NA,NA,station,Event,EPSG:4326
GoA2019_Stn19,GoA2019,NA,NA,NA,NA,NA,NA,station,Event,EPSG:4326
GoA2019_Stn20,GoA2019,NA,NA,NA,NA,NA,NA,station,Event,EPSG:4326
GoA2019_Stn21,GoA2019,NA,NA,NA,NA,NA,NA,station,Event,EPSG:4326
GoA2019_Stn22,GoA2019,NA,NA,NA,NA,NA,NA,station,Event,EPSG:4326
GoA2019_Stn23,GoA2019,NA,NA,NA,NA,NA,NA,station,Event,EPSG:4326
GoA2019_Stn24,GoA2019,NA,NA,NA,NA,NA,NA,station,Event,EPSG:4326
GoA2019_Stn25,GoA2019,NA,NA,NA,NA,NA,NA,station,Event,EPSG:4326
GoA2019_Stn26,GoA2019,NA,NA,NA,NA,NA,NA,station,Event,EPSG:4326
GoA2019_Stn27,GoA2019,NA,NA,NA,NA,NA,NA,station,Event,EPSG:4326
GoA2019_Stn28,GoA2019,NA,NA,NA,NA,NA,NA,station,Event,EPSG:4326
GoA2019_Stn29,GoA2019,NA,NA,NA,NA,NA,NA,station,Event,EPSG:4326
GoA2019_Stn30,GoA2019,NA,NA,NA,NA,NA,NA,station,Event,EPSG:4326
GoA2019_Stn31,GoA2019,NA,NA,NA,NA,NA,NA,station,Event,EPSG:4326
GoA2019_Stn32,GoA2019,NA,NA,NA,NA,NA,NA,station,Event,EPSG:4326
GoA2019_Stn33,GoA2019,NA,NA,NA,NA,NA,NA,station,Event,EPSG:4326
GoA2019_Stn34,GoA2019,NA,NA,NA,NA,NA,NA,station,Event,EPSG:4326
GoA2019_Stn35,GoA2019,NA,NA,NA,NA,NA,NA,station,Event,EPSG:4326
GoA2019_Stn36,GoA2019,NA,NA,NA,NA,NA,NA,station,Event,EPSG:4326
GoA2019_Stn37,GoA2019,NA,NA,NA,NA,NA,NA,station,Event,EPSG:4326
GoA2019_Stn38,GoA2019,NA,NA,NA,NA,NA,NA,station,Event,EPSG:4326
GoA2019_Stn39,GoA2019,NA,NA,NA,NA,NA,NA,station,Event,EPSG:4326
GoA2019_Stn40,GoA2019,NA,NA,NA,NA,NA,NA,station,Event,EPSG:4326
GoA2019_Stn41,GoA2019,NA,NA,NA,NA,NA,NA,station,Event,EPSG:4326
GoA2019_Stn42,GoA2019,NA,NA,NA,NA,NA,NA,station,Event,EPSG:4326
GoA2019_Stn43,GoA2019,NA,NA,NA,NA,NA,NA,station,Event,EPSG:4326
GoA2019_Stn44,GoA2019,NA,NA,NA,NA,NA,NA,station,Event,EPSG:4326
GoA2019_Stn45,GoA2019,NA,NA,NA,NA,NA,NA,station,Event,EPSG:4326
GoA2019_Stn46,GoA2019,NA,NA,NA,NA,NA,NA,station,Event,EPSG:4326
GoA2019_Stn47,GoA2019,NA,NA,NA,NA,NA,NA,station,Event,EPSG:4326
GoA2019_Stn48,GoA2019,NA,NA,NA,NA,NA,NA,station,Event,EPSG:4326
GoA2019_Stn49,GoA2019,NA,NA,NA,NA,NA,NA,station,Event,EPSG:4326
GoA2019_Stn50,GoA2019,NA,NA,NA,NA,NA,NA,station,Event,EPSG:4326
GoA2019_Stn51,GoA2019,NA,NA,NA,NA,NA,NA,station,Event,EPSG:4326
GoA2019_Stn52,GoA2019,NA,NA,NA,NA,NA,NA,station,Event,EPSG:4326
GoA2019_Stn53,GoA2019,NA,NA,NA,NA,NA,NA,station,Event,EPSG:4326
GoA2019_Stn54,GoA2019,NA,NA,NA,NA,NA,NA,station,Event,EPSG:4326
GoA2019_Stn55,GoA2019,NA,NA,NA,NA,NA,NA,station,Event,EPSG:4326
GoA2019_Stn56,GoA2019,NA,NA,NA,NA,NA,NA,station,Event,EPSG:4326
GoA2019_Stn57,GoA2019,NA,NA,NA,NA,NA,NA,station,Event,EPSG:4326
GoA2019_Stn58,GoA2019,NA,NA,NA,NA,NA,NA,station,Event,EPSG:4326
GoA2019_Stn59,GoA2019,NA,NA,NA,NA,NA,NA,station,Event,EPSG:4326
GoA2019_Stn60,GoA2019,NA,NA,NA,NA,NA,NA,station,Event,EPSG:4326
GoA2019_Stn1:cast1,GoA2019_Stn1,2019-02-18T21:30:00Z,48.30116666666667,-128.52266666666668,0,NA,NA,cast,Event,EPSG:4326
GoA2019_Stn2:cast1,GoA2019_Stn2,2019-02-19T07:05:00Z,48.18333333333333,-129.91666666666666,0,NA,NA,cast,Event,EPSG:4326
GoA2019_Stn3:cast1,GoA2019_Stn3,2019-02-21T08:21:00Z,47.666666666666664,-136.99666666666667,0,NA,NA,cast,Event,EPSG:4326
GoA2019_Stn4:cast1,GoA2019_Stn4,2019-02-21T18:30:00Z,47.66166666666667,-138.5,0,NA,NA,cast,Event,EPSG:4326
GoA2019_Stn5:cast1,GoA2019_Stn5,2019-02-22T07:00:00Z,47.666666666666664,-140,0,NA,NA,cast,Event,EPSG:4326
GoA2019_Stn6:cast1,GoA2019_Stn6,2019-02-22T18:00:00Z,47.66616666666667,-141.4985,0,NA,NA,cast,Event,EPSG:4326
GoA2019_Stn7:cast1,GoA2019_Stn7,2019-02-23T03:20:00Z,47.666666666666664,-143,0,NA,NA,cast,Event,EPSG:4326
GoA2019_Stn8:cast1,GoA2019_Stn8,2019-02-22T23:45:00Z,47.67016666666667,-144.4955,0,NA,NA,cast,Event,EPSG:4326
GoA2019_Stn9:cast1,GoA2019_Stn9,2019-02-23T20:15:00Z,47.66616666666667,-145.86566666666667,0,NA,NA,cast,Event,EPSG:4326
GoA2019_Stn10:cast1,GoA2019_Stn10,2019-02-24T04:50:00Z,47.666666666666664,-147.5,0,NA,NA,cast,Event,EPSG:4326
GoA2019_Stn11:cast1,GoA2019_Stn11,2019-02-24T14:05:00Z,48.6675,-147.5,0,NA,NA,cast,Event,EPSG:4326
GoA2019_Stn12:cast1,GoA2019_Stn12,2019-02-24T23:15:00Z,49.666666666666664,-147.5,0,NA,NA,cast,Event,EPSG:4326
GoA2019_Stn13:cast1,GoA2019_Stn13,2019-02-25T08:36:00Z,50.666666666666664,-147.5,0,NA,NA,cast,Event,EPSG:4326
GoA2019_Stn14:cast1,GoA2019_Stn14,2019-02-25T17:15:00Z,51.66566666666667,-147.50133333333332,0,NA,NA,cast,Event,EPSG:4326
GoA2019_Stn15:cast1,GoA2019_Stn15,2019-02-26T01:30:00Z,52.666666666666664,-147.5,0,NA,NA,cast,Event,EPSG:4326
GoA2019_Stn16:cast1,GoA2019_Stn16,2019-02-26T09:25:00Z,53.666666666666664,-147.5,0,NA,NA,cast,Event,EPSG:4326
GoA2019_Stn17:cast1,GoA2019_Stn17,2019-02-26T17:45:00Z,54.666666666666664,-147.5,0,NA,NA,cast,Event,EPSG:4326
GoA2019_Stn18:cast1,GoA2019_Stn18,2019-02-27T02:30:00Z,55.66833333333334,-147.4995,0,NA,NA,cast,Event,EPSG:4326
GoA2019_Stn19:cast1,GoA2019_Stn19,2019-02-27T10:27:00Z,56.666666666666664,-147.5,0,NA,NA,cast,Event,EPSG:4326
GoA2019_Stn20:cast1,GoA2019_Stn20,2019-02-27T18:15:00Z,56.66733333333333,-146,0,NA,NA,cast,Event,EPSG:4326
GoA2019_Stn21:cast1,GoA2019_Stn21,2019-02-28T01:50:00Z,56.666666666666664,-144.5,0,NA,NA,cast,Event,EPSG:4326
GoA2019_Stn22:cast1,GoA2019_Stn22,2019-02-28T09:05:00Z,56.666666666666664,-143,0,NA,NA,cast,Event,EPSG:4326
GoA2019_Stn23:cast1,GoA2019_Stn23,2019-02-28T17:23:00Z,55.666666666666664,-142.99766666666667,0,NA,NA,cast,Event,EPSG:4326
GoA2019_Stn24:cast1,GoA2019_Stn24,2019-03-01T01:15:00Z,55.666666666666664,-144.5,0,NA,NA,cast,Event,EPSG:4326
GoA2019_Stn25:cast1,GoA2019_Stn25,2019-03-01T08:30:00Z,55.666666666666664,-145.99683333333334,0,NA,NA,cast,Event,EPSG:4326
GoA2019_Stn26:cast1,GoA2019_Stn26,2019-03-01T16:40:00Z,54.669333333333334,-145.986,0,NA,NA,cast,Event,EPSG:4326
GoA2019_Stn27:cast1,GoA2019_Stn27,2019-03-02T00:50:00Z,53.666666666666664,-146,0,NA,NA,cast,Event,EPSG:4326
GoA2019_Stn28:cast1,GoA2019_Stn28,2019-03-02T08:40:00Z,52.66833333333334,-146,0,NA,NA,cast,Event,EPSG:4326
GoA2019_Stn29:cast1,GoA2019_Stn29,2019-03-02T16:45:00Z,51.66716666666667,-146,0,NA,NA,cast,Event,EPSG:4326
GoA2019_Stn30:cast1,GoA2019_Stn30,2019-03-03T01:05:00Z,50.666666666666664,-146,0,NA,NA,cast,Event,EPSG:4326
GoA2019_Stn31:cast1,GoA2019_Stn31,2019-03-03T08:50:00Z,49.666666666666664,-146,0,NA,NA,cast,Event,EPSG:4326
GoA2019_Stn32:cast1,GoA2019_Stn32,2019-03-03T17:35:00Z,48.666666666666664,-146,0,NA,NA,cast,Event,EPSG:4326
GoA2019_Stn33:cast1,GoA2019_Stn33,2019-03-04T01:45:00Z,48.666666666666664,-144.5,0,NA,NA,cast,Event,EPSG:4326
GoA2019_Stn34:cast1,GoA2019_Stn34,2019-03-04T09:45:00Z,49.666666666666664,-144.5,0,NA,NA,cast,Event,EPSG:4326
GoA2019_Stn35:cast1,GoA2019_Stn35,2019-03-04T18:17:00Z,50.667833333333334,-144.50666666666666,0,NA,NA,cast,Event,EPSG:4326
GoA2019_Stn36:cast1,GoA2019_Stn36,2019-03-05T02:25:00Z,51.666666666666664,-144.5,0,NA,NA,cast,Event,EPSG:4326
GoA2019_Stn37:cast1,GoA2019_Stn37,2019-03-05T10:15:00Z,52.666666666666664,-144.5,0,NA,NA,cast,Event,EPSG:4326
GoA2019_Stn38:cast1,GoA2019_Stn38,2019-03-05T18:05:00Z,53.666666666666664,-144.5,0,NA,NA,cast,Event,EPSG:4326
GoA2019_Stn39:cast1,GoA2019_Stn39,2019-03-06T02:10:00Z,54.666666666666664,-144.5,0,NA,NA,cast,Event,EPSG:4326
GoA2019_Stn40:cast1,GoA2019_Stn40,2019-03-06T09:10:00Z,54.666666666666664,-143,0,NA,NA,cast,Event,EPSG:4326
GoA2019_Stn41:cast1,GoA2019_Stn41,2019-03-06T17:15:00Z,53.666666666666664,-143,0,NA,NA,cast,Event,EPSG:4326
GoA2019_Stn42:cast1,GoA2019_Stn42,2019-03-07T01:10:00Z,52.666666666666664,-143,0,NA,NA,cast,Event,EPSG:4326
GoA2019_Stn43:cast1,GoA2019_Stn43,2019-03-07T09:23:00Z,51.666666666666664,-143.0025,0,NA,NA,cast,Event,EPSG:4326
GoA2019_Stn44:cast1,GoA2019_Stn44,2019-03-07T17:58:00Z,50.6665,-142.9995,0,NA,NA,cast,Event,EPSG:4326
GoA2019_Stn45:cast1,GoA2019_Stn45,2019-03-08T02:35:00Z,49.666666666666664,-142.99883333333332,0,NA,NA,cast,Event,EPSG:4326
GoA2019_Stn46:cast1,GoA2019_Stn46,2019-03-08T12:19:00Z,48.667,-142.997,0,NA,NA,cast,Event,EPSG:4326
GoA2019_Stn47:cast1,GoA2019_Stn47,2019-03-08T20:30:00Z,48.666666666666664,-141.50133333333332,0,NA,NA,cast,Event,EPSG:4326
GoA2019_Stn48:cast1,GoA2019_Stn48,2019-03-09T05:50:00Z,49.666666666666664,-141.5,0,NA,NA,cast,Event,EPSG:4326
GoA2019_Stn49:cast1,GoA2019_Stn49,2019-03-09T14:20:00Z,50.66583333333333,-141.49916666666667,0,NA,NA,cast,Event,EPSG:4326
GoA2019_Stn50:cast1,GoA2019_Stn50,2019-03-09T22:51:00Z,51.66466666666667,-141.49816666666666,0,NA,NA,cast,Event,EPSG:4326
GoA2019_Stn51:cast1,GoA2019_Stn51,2019-03-10T06:55:00Z,52.666666666666664,-141.5,0,NA,NA,cast,Event,EPSG:4326
GoA2019_Stn52:cast1,GoA2019_Stn52,2019-03-10T15:02:00Z,53.6655,-141.49733333333333,0,NA,NA,cast,Event,EPSG:4326
GoA2019_Stn53:cast1,GoA2019_Stn53,2019-03-10T23:07:00Z,53.667833333333334,-140.00116666666668,0,NA,NA,cast,Event,EPSG:4326
GoA2019_Stn54:cast1,GoA2019_Stn54,2019-03-11T11:20:00Z,52.666666666666664,-140,0,NA,NA,cast,Event,EPSG:4326
GoA2019_Stn55:cast1,GoA2019_Stn55,2019-03-12T08:24:00Z,51.666666666666664,-139.9995,0,NA,NA,cast,Event,EPSG:4326
GoA2019_Stn56:cast1,GoA2019_Stn56,2019-03-12T15:50:00Z,50.666666666666664,-140.00016666666667,0,NA,NA,cast,Event,EPSG:4326
GoA2019_Stn57:cast1,GoA2019_Stn57,2019-03-13T00:27:00Z,50.6666666666667,-138.5,0,NA,NA,cast,Event,EPSG:4326
GoA2019_Stn58:cast1,GoA2019_Stn58,2019-03-13T18:08:00Z,49.663666666666664,-138.49683333333334,0,NA,NA,cast,Event,EPSG:4326
GoA2019_Stn59:cast1,GoA2019_Stn59,2019-03-14T07:40:00Z,48.666666666666664,-138.5,0,NA,NA,cast,Event,EPSG:4326
GoA2019_Stn60:cast1,GoA2019_Stn60,2019-03-14T15:59:00Z,48.6656666666667,-139.994,0,NA,NA,cast,Event,EPSG:4326
GoA2019_Stn1:cast1:niskin:0,GoA2019_Stn1:cast1,NA,NA,NA,NA,0,0,sample,Event,EPSG:4326
GoA2019_Stn1:cast1:niskin:25,GoA2019_Stn1:cast1,NA,NA,NA,NA,25,25,sample,Event,EPSG:4326
GoA2019_Stn1:cast1:niskin:50,GoA2019_Stn1:cast1,NA,NA,NA,NA,50,50,sample,Event,EPSG:4326
GoA2019_Stn1:cast1:niskin:75,GoA2019_Stn1:cast1,NA,NA,NA,NA,75,75,sample,Event,EPSG:4326
GoA2019_Stn1:cast1:niskin:100,GoA2019_Stn1:cast1,NA,NA,NA,NA,100,100,sample,Event,EPSG:4326
GoA2019_Stn1:cast1:niskin:150,GoA2019_Stn1:cast1,NA,NA,NA,NA,150,150,sample,Event,EPSG:4326
GoA2019_Stn2:cast1:niskin:0,GoA2019_Stn2:cast1,NA,NA,NA,NA,0,0,sample,Event,EPSG:4326
GoA2019_Stn2:cast1:niskin:25,GoA2019_Stn2:cast1,NA,NA,NA,NA,25,25,sample,Event,EPSG:4326
GoA2019_Stn2:cast1:niskin:50,GoA2019_Stn2:cast1,NA,NA,NA,NA,50,50,sample,Event,EPSG:4326
GoA2019_Stn2:cast1:niskin:75,GoA2019_Stn2:cast1,NA,NA,NA,NA,75,75,sample,Event,EPSG:4326
GoA2019_Stn2:cast1:niskin:100,GoA2019_Stn2:cast1,NA,NA,NA,NA,100,100,sample,Event,EPSG:4326
GoA2019_Stn2:cast1:niskin:150,GoA2019_Stn2:cast1,NA,NA,NA,NA,150,150,sample,Event,EPSG:4326
GoA2019_Stn3:cast1:niskin:0,GoA2019_Stn3:cast1,NA,NA,NA,NA,0,0,sample,Event,EPSG:4326
GoA2019_Stn3:cast1:niskin:25,GoA2019_Stn3:cast1,NA,NA,NA,NA,25,25,sample,Event,EPSG:4326
GoA2019_Stn3:cast1:niskin:50,GoA2019_Stn3:cast1,NA,NA,NA,NA,50,50,sample,Event,EPSG:4326
GoA2019_Stn3:cast1:niskin:75,GoA2019_Stn3:cast1,NA,NA,NA,NA,75,75,sample,Event,EPSG:4326
GoA2019_Stn3:cast1:niskin:100,GoA2019_Stn3:cast1,NA,NA,NA,NA,100,100,sample,Event,EPSG:4326
GoA2019_Stn3:cast1:niskin:150,GoA2019_Stn3:cast1,NA,NA,NA,NA,150,150,sample,Event,EPSG:4326
GoA2019_Stn4:cast1:niskin:0,GoA2019_Stn4:cast1,NA,NA,NA,NA,0,0,sample,Event,EPSG:4326
GoA2019_Stn4:cast1:niskin:25,GoA2019_Stn4:cast1,NA,NA,NA,NA,25,25,sample,Event,EPSG:4326
GoA2019_Stn4:cast1:niskin:50,GoA2019_Stn4:cast1,NA,NA,NA,NA,50,50,sample,Event,EPSG:4326
GoA2019_Stn4:cast1:niskin:75,GoA2019_Stn4:cast1,NA,NA,NA,NA,75,75,sample,Event,EPSG:4326
GoA2019_Stn4:cast1:niskin:100,GoA2019_Stn4:cast1,NA,NA,NA,NA,100,100,sample,Event,EPSG:4326
GoA2019_Stn4:cast1:niskin:150,GoA2019_Stn4:cast1,NA,NA,NA,NA,150,150,sample,Event,EPSG:4326
GoA2019_Stn5:cast1:niskin:0,GoA2019_Stn5:cast1,NA,NA,NA,NA,0,0,sample,Event,EPSG:4326
GoA2019_Stn5:cast1:niskin:25,GoA2019_Stn5:cast1,NA,NA,NA,NA,25,25,sample,Event,EPSG:4326
GoA2019_Stn5:cast1:niskin:50,GoA2019_Stn5:cast1,NA,NA,NA,NA,50,50,sample,Event,EPSG:4326
GoA2019_Stn5:cast1:niskin:75,GoA2019_Stn5:cast1,NA,NA,NA,NA,75,75,sample,Event,EPSG:4326
GoA2019_Stn5:cast1:niskin:100,GoA2019_Stn5:cast1,NA,NA,NA,NA,100,100,sample,Event,EPSG:4326
GoA2019_Stn5:cast1:niskin:150,GoA2019_Stn5:cast1,NA,NA,NA,NA,150,150,sample,Event,EPSG:4326
GoA2019_Stn6:cast1:niskin:0,GoA2019_Stn6:cast1,NA,NA,NA,NA,0,0,sample,Event,EPSG:4326
GoA2019_Stn6:cast1:niskin:25,GoA2019_Stn6:cast1,NA,NA,NA,NA,25,25,sample,Event,EPSG:4326
GoA2019_Stn6:cast1:niskin:50,GoA2019_Stn6:cast1,NA,NA,NA,NA,50,50,sample,Event,EPSG:4326
GoA2019_Stn6:cast1:niskin:75,GoA2019_Stn6:cast1,NA,NA,NA,NA,75,75,sample,Event,EPSG:4326
GoA2019_Stn6:cast1:niskin:100,GoA2019_Stn6:cast1,NA,NA,NA,NA,100,100,sample,Event,EPSG:4326
GoA2019_Stn6:cast1:niskin:150,GoA2019_Stn6:cast1,NA,NA,NA,NA,150,150,sample,Event,EPSG:4326
GoA2019_Stn7:cast1:niskin:0,GoA2019_Stn7:cast1,NA,NA,NA,NA,0,0,sample,Event,EPSG:4326
GoA2019_Stn7:cast1:niskin:25,GoA2019_Stn7:cast1,NA,NA,NA,NA,25,25,sample,Event,EPSG:4326
GoA2019_Stn7:cast1:niskin:50,GoA2019_Stn7:cast1,NA,NA,NA,NA,50,50,sample,Event,EPSG:4326
GoA2019_Stn7:cast1:niskin:75,GoA2019_Stn7:cast1,NA,NA,NA,NA,75,75,sample,Event,EPSG:4326
GoA2019_Stn7:cast1:niskin:100,GoA2019_Stn7:cast1,NA,NA,NA,NA,100,100,sample,Event,EPSG:4326
GoA2019_Stn7:cast1:niskin:150,GoA2019_Stn7:cast1,NA,NA,NA,NA,150,150,sample,Event,EPSG:4326
GoA2019_Stn8:cast1:niskin:0,GoA2019_Stn8:cast1,NA,NA,NA,NA,0,0,sample,Event,EPSG:4326
GoA2019_Stn8:cast1:niskin:25,GoA2019_Stn8:cast1,NA,NA,NA,NA,25,25,sample,Event,EPSG:4326
GoA2019_Stn8:cast1:niskin:50,GoA2019_Stn8:cast1,NA,NA,NA,NA,50,50,sample,Event,EPSG:4326
GoA2019_Stn8:cast1:niskin:75,GoA2019_Stn8:cast1,NA,NA,NA,NA,75,75,sample,Event,EPSG:4326
GoA2019_Stn8:cast1:niskin:100,GoA2019_Stn8:cast1,NA,NA,NA,NA,100,100,sample,Event,EPSG:4326
GoA2019_Stn8:cast1:niskin:150,GoA2019_Stn8:cast1,NA,NA,NA,NA,150,150,sample,Event,EPSG:4326
GoA2019_Stn9:cast1:niskin:0,GoA2019_Stn9:cast1,NA,NA,NA,NA,0,0,sample,Event,EPSG:4326
GoA2019_Stn9:cast1:niskin:25,GoA2019_Stn9:cast1,NA,NA,NA,NA,25,25,sample,Event,EPSG:4326
GoA2019_Stn9:cast1:niskin:50,GoA2019_Stn9:cast1,NA,NA,NA,NA,50,50,sample,Event,EPSG:4326
GoA2019_Stn9:cast1:niskin:75,GoA2019_Stn9:cast1,NA,NA,NA,NA,75,75,sample,Event,EPSG:4326
GoA2019_Stn9:cast1:niskin:100,GoA2019_Stn9:cast1,NA,NA,NA,NA,100,100,sample,Event,EPSG:4326
GoA2019_Stn9:cast1:niskin:150,GoA2019_Stn9:cast1,NA,NA,NA,NA,150,150,sample,Event,EPSG:4326
GoA2019_Stn10:cast1:niskin:0,GoA2019_Stn10:cast1,NA,NA,NA,NA,0,0,sample,Event,EPSG:4326
GoA2019_Stn10:cast1:niskin:25,GoA2019_Stn10:cast1,NA,NA,NA,NA,25,25,sample,Event,EPSG:4326
GoA2019_Stn10:cast1:niskin:50,GoA2019_Stn10:cast1,NA,NA,NA,NA,50,50,sample,Event,EPSG:4326
GoA2019_Stn10:cast1:niskin:75,GoA2019_Stn10:cast1,NA,NA,NA,NA,75,75,sample,Event,EPSG:4326
GoA2019_Stn10:cast1:niskin:100,GoA2019_Stn10:cast1,NA,NA,NA,NA,100,100,sample,Event,EPSG:4326
GoA2019_Stn10:cast1:niskin:150,GoA2019_Stn10:cast1,NA,NA,NA,NA,150,150,sample,Event,EPSG:4326
GoA2019_Stn11:cast1:niskin:0,GoA2019_Stn11:cast1,NA,NA,NA,NA,0,0,sample,Event,EPSG:4326
GoA2019_Stn11:cast1:niskin:25,GoA2019_Stn11:cast1,NA,NA,NA,NA,25,25,sample,Event,EPSG:4326
GoA2019_Stn11:cast1:niskin:50,GoA2019_Stn11:cast1,NA,NA,NA,NA,50,50,sample,Event,EPSG:4326
GoA2019_Stn11:cast1:niskin:75,GoA2019_Stn11:cast1,NA,NA,NA,NA,75,75,sample,Event,EPSG:4326
GoA2019_Stn11:cast1:niskin:100,GoA2019_Stn11:cast1,NA,NA,NA,NA,100,100,sample,Event,EPSG:4326
GoA2019_Stn11:cast1:niskin:150,GoA2019_Stn11:cast1,NA,NA,NA,NA,150,150,sample,Event,EPSG:4326
GoA2019_Stn12:cast1:niskin:0,GoA2019_Stn12:cast1,NA,NA,NA,NA,0,0,sample,Event,EPSG:4326
GoA2019_Stn12:cast1:niskin:25,GoA2019_Stn12:cast1,NA,NA,NA,NA,25,25,sample,Event,EPSG:4326
GoA2019_Stn12:cast1:niskin:50,GoA2019_Stn12:cast1,NA,NA,NA,NA,50,50,sample,Event,EPSG:4326
GoA2019_Stn12:cast1:niskin:75,GoA2019_Stn12:cast1,NA,NA,NA,NA,75,75,sample,Event,EPSG:4326
GoA2019_Stn12:cast1:niskin:100,GoA2019_Stn12:cast1,NA,NA,NA,NA,100,100,sample,Event,EPSG:4326
GoA2019_Stn12:cast1:niskin:150,GoA2019_Stn12:cast1,NA,NA,NA,NA,150,150,sample,Event,EPSG:4326
GoA2019_Stn13:cast1:niskin:0,GoA2019_Stn13:cast1,NA,NA,NA,NA,0,0,sample,Event,EPSG:4326
GoA2019_Stn13:cast1:niskin:25,GoA2019_Stn13:cast1,NA,NA,NA,NA,25,25,sample,Event,EPSG:4326
GoA2019_Stn13:cast1:niskin:50,GoA2019_Stn13:cast1,NA,NA,NA,NA,50,50,sample,Event,EPSG:4326
GoA2019_Stn13:cast1:niskin:75,GoA2019_Stn13:cast1,NA,NA,NA,NA,75,75,sample,Event,EPSG:4326
GoA2019_Stn13:cast1:niskin:100,GoA2019_Stn13:cast1,NA,NA,NA,NA,100,100,sample,Event,EPSG:4326
GoA2019_Stn13:cast1:niskin:150,GoA2019_Stn13:cast1,NA,NA,NA,NA,150,150,sample,Event,EPSG:4326
GoA2019_Stn14:cast1:niskin:0,GoA2019_Stn14:cast1,NA,NA,NA,NA,0,0,sample,Event,EPSG:4326
GoA2019_Stn14:cast1:niskin:25,GoA2019_Stn14:cast1,NA,NA,NA,NA,25,25,sample,Event,EPSG:4326
GoA2019_Stn14:cast1:niskin:50,GoA2019_Stn14:cast1,NA,NA,NA,NA,50,50,sample,Event,EPSG:4326
GoA2019_Stn14:cast1:niskin:75,GoA2019_Stn14:cast1,NA,NA,NA,NA,75,75,sample,Event,EPSG:4326
GoA2019_Stn14:cast1:niskin:100,GoA2019_Stn14:cast1,NA,NA,NA,NA,100,100,sample,Event,EPSG:4326
GoA2019_Stn14:cast1:niskin:150,GoA2019_Stn14:cast1,NA,NA,NA,NA,150,150,sample,Event,EPSG:4326
GoA2019_Stn15:cast1:niskin:0,GoA2019_Stn15:cast1,NA,NA,NA,NA,0,0,sample,Event,EPSG:4326
GoA2019_Stn15:cast1:niskin:25,GoA2019_Stn15:cast1,NA,NA,NA,NA,25,25,sample,Event,EPSG:4326
GoA2019_Stn15:cast1:niskin:50,GoA2019_Stn15:cast1,NA,NA,NA,NA,50,50,sample,Event,EPSG:4326
GoA2019_Stn15:cast1:niskin:75,GoA2019_Stn15:cast1,NA,NA,NA,NA,75,75,sample,Event,EPSG:4326
GoA2019_Stn15:cast1:niskin:100,GoA2019_Stn15:cast1,NA,NA,NA,NA,100,100,sample,Event,EPSG:4326
GoA2019_Stn15:cast1:niskin:150,GoA2019_Stn15:cast1,NA,NA,NA,NA,150,150,sample,Event,EPSG:4326
GoA2019_Stn16:cast1:niskin:0,GoA2019_Stn16:cast1,NA,NA,NA,NA,0,0,sample,Event,EPSG:4326
GoA2019_Stn16:cast1:niskin:25,GoA2019_Stn16:cast1,NA,NA,NA,NA,25,25,sample,Event,EPSG:4326
GoA2019_Stn16:cast1:niskin:50,GoA2019_Stn16:cast1,NA,NA,NA,NA,50,50,sample,Event,EPSG:4326
GoA2019_Stn16:cast1:niskin:75,GoA2019_Stn16:cast1,NA,NA,NA,NA,75,75,sample,Event,EPSG:4326
GoA2019_Stn16:cast1:niskin:100,GoA2019_Stn16:cast1,NA,NA,NA,NA,100,100,sample,Event,EPSG:4326
GoA2019_Stn16:cast1:niskin:150,GoA2019_Stn16:cast1,NA,NA,NA,NA,150,150,sample,Event,EPSG:4326
GoA2019_Stn17:cast1:niskin:0,GoA2019_Stn17:cast1,NA,NA,NA,NA,0,0,sample,Event,EPSG:4326
GoA2019_Stn17:cast1:niskin:25,GoA2019_Stn17:cast1,NA,NA,NA,NA,25,25,sample,Event,EPSG:4326
GoA2019_Stn17:cast1:niskin:50,GoA2019_Stn17:cast1,NA,NA,NA,NA,50,50,sample,Event,EPSG:4326
GoA2019_Stn17:cast1:niskin:75,GoA2019_Stn17:cast1,NA,NA,NA,NA,75,75,sample,Event,EPSG:4326
GoA2019_Stn17:cast1:niskin:100,GoA2019_Stn17:cast1,NA,NA,NA,NA,100,100,sample,Event,EPSG:4326
GoA2019_Stn17:cast1:niskin:150,GoA2019_Stn17:cast1,NA,NA,NA,NA,150,150,sample,Event,EPSG:4326
GoA2019_Stn18:cast1:niskin:0,GoA2019_Stn18:cast1,NA,NA,NA,NA,0,0,sample,Event,EPSG:4326
GoA2019_Stn18:cast1:niskin:25,GoA2019_Stn18:cast1,NA,NA,NA,NA,25,25,sample,Event,EPSG:4326
GoA2019_Stn18:cast1:niskin:50,GoA2019_Stn18:cast1,NA,NA,NA,NA,50,50,sample,Event,EPSG:4326
GoA2019_Stn18:cast1:niskin:75,GoA2019_Stn18:cast1,NA,NA,NA,NA,75,75,sample,Event,EPSG:4326
GoA2019_Stn18:cast1:niskin:100,GoA2019_Stn18:cast1,NA,NA,NA,NA,100,100,sample,Event,EPSG:4326
GoA2019_Stn18:cast1:niskin:150,GoA2019_Stn18:cast1,NA,NA,NA,NA,150,150,sample,Event,EPSG:4326
GoA2019_Stn19:cast1:niskin:0,GoA2019_Stn19:cast1,NA,NA,NA,NA,0,0,sample,Event,EPSG:4326
GoA2019_Stn19:cast1:niskin:25,GoA2019_Stn19:cast1,NA,NA,NA,NA,25,25,sample,Event,EPSG:4326
GoA2019_Stn19:cast1:niskin:50,GoA2019_Stn19:cast1,NA,NA,NA,NA,50,50,sample,Event,EPSG:4326
GoA2019_Stn19:cast1:niskin:75,GoA2019_Stn19:cast1,NA,NA,NA,NA,75,75,sample,Event,EPSG:4326
GoA2019_Stn19:cast1:niskin:100,GoA2019_Stn19:cast1,NA,NA,NA,NA,100,100,sample,Event,EPSG:4326
GoA2019_Stn19:cast1:niskin:150,GoA2019_Stn19:cast1,NA,NA,NA,NA,150,150,sample,Event,EPSG:4326
GoA2019_Stn20:cast1:niskin:0,GoA2019_Stn20:cast1,NA,NA,NA,NA,0,0,sample,Event,EPSG:4326
GoA2019_Stn20:cast1:niskin:25,GoA2019_Stn20:cast1,NA,NA,NA,NA,25,25,sample,Event,EPSG:4326
GoA2019_Stn20:cast1:niskin:50,GoA2019_Stn20:cast1,NA,NA,NA,NA,50,50,sample,Event,EPSG:4326
GoA2019_Stn20:cast1:niskin:75,GoA2019_Stn20:cast1,NA,NA,NA,NA,75,75,sample,Event,EPSG:4326
GoA2019_Stn20:cast1:niskin:100,GoA2019_Stn20:cast1,NA,NA,NA,NA,100,100,sample,Event,EPSG:4326
GoA2019_Stn20:cast1:niskin:150,GoA2019_Stn20:cast1,NA,NA,NA,NA,150,150,sample,Event,EPSG:4326
GoA2019_Stn21:cast1:niskin:0,GoA2019_Stn21:cast1,NA,NA,NA,NA,0,0,sample,Event,EPSG:4326
GoA2019_Stn21:cast1:niskin:25,GoA2019_Stn21:cast1,NA,NA,NA,NA,25,25,sample,Event,EPSG:4326
GoA2019_Stn21:cast1:niskin:50,GoA2019_Stn21:cast1,NA,NA,NA,NA,50,50,sample,Event,EPSG:4326
GoA2019_Stn21:cast1:niskin:75,GoA2019_Stn21:cast1,NA,NA,NA,NA,75,75,sample,Event,EPSG:4326
GoA2019_Stn21:cast1:niskin:100,GoA2019_Stn21:cast1,NA,NA,NA,NA,100,100,sample,Event,EPSG:4326
GoA2019_Stn21:cast1:niskin:150,GoA2019_Stn21:cast1,NA,NA,NA,NA,150,150,sample,Event,EPSG:4326
GoA2019_Stn22:cast1:niskin:0,GoA2019_Stn22:cast1,NA,NA,NA,NA,0,0,sample,Event,EPSG:4326
GoA2019_Stn22:cast1:niskin:25,GoA2019_Stn22:cast1,NA,NA,NA,NA,25,25,sample,Event,EPSG:4326
GoA2019_Stn22:cast1:niskin:50,GoA2019_Stn22:cast1,NA,NA,NA,NA,50,50,sample,Event,EPSG:4326
GoA2019_Stn22:cast1:niskin:75,GoA2019_Stn22:cast1,NA,NA,NA,NA,75,75,sample,Event,EPSG:4326
GoA2019_Stn22:cast1:niskin:100,GoA2019_Stn22:cast1,NA,NA,NA,NA,100,100,sample,Event,EPSG:4326
GoA2019_Stn22:cast1:niskin:150,GoA2019_Stn22:cast1,NA,NA,NA,NA,150,150,sample,Event,EPSG:4326
GoA2019_Stn23:cast1:niskin:0,GoA2019_Stn23:cast1,NA,NA,NA,NA,0,0,sample,Event,EPSG:4326
GoA2019_Stn23:cast1:niskin:25,GoA2019_Stn23:cast1,NA,NA,NA,NA,25,25,sample,Event,EPSG:4326
GoA2019_Stn23:cast1:niskin:50,GoA2019_Stn23:cast1,NA,NA,NA,NA,50,50,sample,Event,EPSG:4326
GoA2019_Stn23:cast1:niskin:75,GoA2019_Stn23:cast1,NA,NA,NA,NA,75,75,sample,Event,EPSG:4326
GoA2019_Stn23:cast1:niskin:100,GoA2019_Stn23:cast1,NA,NA,NA,NA,100,100,sample,Event,EPSG:4326
GoA2019_Stn23:cast1:niskin:150,GoA2019_Stn23:cast1,NA,NA,NA,NA,150,150,sample,Event,EPSG:4326
GoA2019_Stn24:cast1:niskin:0,GoA2019_Stn24:cast1,NA,NA,NA,NA,0,0,sample,Event,EPSG:4326
GoA2019_Stn24:cast1:niskin:25,GoA2019_Stn24:cast1,NA,NA,NA,NA,25,25,sample,Event,EPSG:4326
GoA2019_Stn24:cast1:niskin:50,GoA2019_Stn24:cast1,NA,NA,NA,NA,50,50,sample,Event,EPSG:4326
GoA2019_Stn24:cast1:niskin:75,GoA2019_Stn24:cast1,NA,NA,NA,NA,75,75,sample,Event,EPSG:4326
GoA2019_Stn24:cast1:niskin:100,GoA2019_Stn24:cast1,NA,NA,NA,NA,100,100,sample,Event,EPSG:4326
GoA2019_Stn24:cast1:niskin:150,GoA2019_Stn24:cast1,NA,NA,NA,NA,150,150,sample,Event,EPSG:4326
GoA2019_Stn25:cast1:niskin:0,GoA2019_Stn25:cast1,NA,NA,NA,NA,0,0,sample,Event,EPSG:4326
GoA2019_Stn25:cast1:niskin:25,GoA2019_Stn25:cast1,NA,NA,NA,NA,25,25,sample,Event,EPSG:4326
GoA2019_Stn25:cast1:niskin:50,GoA2019_Stn25:cast1,NA,NA,NA,NA,50,50,sample,Event,EPSG:4326
GoA2019_Stn25:cast1:niskin:75,GoA2019_Stn25:cast1,NA,NA,NA,NA,75,75,sample,Event,EPSG:4326
GoA2019_Stn25:cast1:niskin:100,GoA2019_Stn25:cast1,NA,NA,NA,NA,100,100,sample,Event,EPSG:4326
GoA2019_Stn25:cast1:niskin:150,GoA2019_Stn25:cast1,NA,NA,NA,NA,150,150,sample,Event,EPSG:4326
GoA2019_Stn26:cast1:niskin:0,GoA2019_Stn26:cast1,NA,NA,NA,NA,0,0,sample,Event,EPSG:4326
GoA2019_Stn26:cast1:niskin:25,GoA2019_Stn26:cast1,NA,NA,NA,NA,25,25,sample,Event,EPSG:4326
GoA2019_Stn26:cast1:niskin:50,GoA2019_Stn26:cast1,NA,NA,NA,NA,50,50,sample,Event,EPSG:4326
GoA2019_Stn26:cast1:niskin:75,GoA2019_Stn26:cast1,NA,NA,NA,NA,75,75,sample,Event,EPSG:4326
GoA2019_Stn26:cast1:niskin:100,GoA2019_Stn26:cast1,NA,NA,NA,NA,100,100,sample,Event,EPSG:4326
GoA2019_Stn26:cast1:niskin:150,GoA2019_Stn26:cast1,NA,NA,NA,NA,150,150,sample,Event,EPSG:4326
GoA2019_Stn27:cast1:niskin:0,GoA2019_Stn27:cast1,NA,NA,NA,NA,0,0,sample,Event,EPSG:4326
GoA2019_Stn27:cast1:niskin:25,GoA2019_Stn27:cast1,NA,NA,NA,NA,25,25,sample,Event,EPSG:4326
GoA2019_Stn27:cast1:niskin:50,GoA2019_Stn27:cast1,NA,NA,NA,NA,50,50,sample,Event,EPSG:4326
GoA2019_Stn27:cast1:niskin:75,GoA2019_Stn27:cast1,NA,NA,NA,NA,75,75,sample,Event,EPSG:4326
GoA2019_Stn27:cast1:niskin:100,GoA2019_Stn27:cast1,NA,NA,NA,NA,100,100,sample,Event,EPSG:4326
GoA2019_Stn27:cast1:niskin:150,GoA2019_Stn27:cast1,NA,NA,NA,NA,150,150,sample,Event,EPSG:4326
GoA2019_Stn28:cast1:niskin:0,GoA2019_Stn28:cast1,NA,NA,NA,NA,0,0,sample,Event,EPSG:4326
GoA2019_Stn28:cast1:niskin:25,GoA2019_Stn28:cast1,NA,NA,NA,NA,25,25,sample,Event,EPSG:4326
GoA2019_Stn28:cast1:niskin:50,GoA2019_Stn28:cast1,NA,NA,NA,NA,50,50,sample,Event,EPSG:4326
GoA2019_Stn28:cast1:niskin:75,GoA2019_Stn28:cast1,NA,NA,NA,NA,75,75,sample,Event,EPSG:4326
GoA2019_Stn28:cast1:niskin:100,GoA2019_Stn28:cast1,NA,NA,NA,NA,100,100,sample,Event,EPSG:4326
GoA2019_Stn28:cast1:niskin:150,GoA2019_Stn28:cast1,NA,NA,NA,NA,150,150,sample,Event,EPSG:4326
GoA2019_Stn29:cast1:niskin:0,GoA2019_Stn29:cast1,NA,NA,NA,NA,0,0,sample,Event,EPSG:4326
GoA2019_Stn29:cast1:niskin:25,GoA2019_Stn29:cast1,NA,NA,NA,NA,25,25,sample,Event,EPSG:4326
GoA2019_Stn29:cast1:niskin:50,GoA2019_Stn29:cast1,NA,NA,NA,NA,50,50,sample,Event,EPSG:4326
GoA2019_Stn29:cast1:niskin:75,GoA2019_Stn29:cast1,NA,NA,NA,NA,75,75,sample,Event,EPSG:4326
GoA2019_Stn29:cast1:niskin:100,GoA2019_Stn29:cast1,NA,NA,NA,NA,100,100,sample,Event,EPSG:4326
GoA2019_Stn29:cast1:niskin:150,GoA2019_Stn29:cast1,NA,NA,NA,NA,150,150,sample,Event,EPSG:4326
GoA2019_Stn30:cast1:niskin:0,GoA2019_Stn30:cast1,NA,NA,NA,NA,0,0,sample,Event,EPSG:4326
GoA2019_Stn30:cast1:niskin:25,GoA2019_Stn30:cast1,NA,NA,NA,NA,25,25,sample,Event,EPSG:4326
GoA2019_Stn30:cast1:niskin:50,GoA2019_Stn30:cast1,NA,NA,NA,NA,50,50,sample,Event,EPSG:4326
GoA2019_Stn30:cast1:niskin:75,GoA2019_Stn30:cast1,NA,NA,NA,NA,75,75,sample,Event,EPSG:4326
GoA2019_Stn30:cast1:niskin:100,GoA2019_Stn30:cast1,NA,NA,NA,NA,100,100,sample,Event,EPSG:4326
GoA2019_Stn30:cast1:niskin:150,GoA2019_Stn30:cast1,NA,NA,NA,NA,150,150,sample,Event,EPSG:4326
GoA2019_Stn31:cast1:niskin:0,GoA2019_Stn31:cast1,NA,NA,NA,NA,0,0,sample,Event,EPSG:4326
GoA2019_Stn31:cast1:niskin:25,GoA2019_Stn31:cast1,NA,NA,NA,NA,25,25,sample,Event,EPSG:4326
GoA2019_Stn31:cast1:niskin:50,GoA2019_Stn31:cast1,NA,NA,NA,NA,50,50,sample,Event,EPSG:4326
GoA2019_Stn31:cast1:niskin:75,GoA2019_Stn31:cast1,NA,NA,NA,NA,75,75,sample,Event,EPSG:4326
GoA2019_Stn31:cast1:niskin:100,GoA2019_Stn31:cast1,NA,NA,NA,NA,100,100,sample,Event,EPSG:4326
GoA2019_Stn31:cast1:niskin:150,GoA2019_Stn31:cast1,NA,NA,NA,NA,150,150,sample,Event,EPSG:4326
GoA2019_Stn32:cast1:niskin:0,GoA2019_Stn32:cast1,NA,NA,NA,NA,0,0,sample,Event,EPSG:4326
GoA2019_Stn32:cast1:niskin:25,GoA2019_Stn32:cast1,NA,NA,NA,NA,25,25,sample,Event,EPSG:4326
GoA2019_Stn32:cast1:niskin:50,GoA2019_Stn32:cast1,NA,NA,NA,NA,50,50,sample,Event,EPSG:4326
GoA2019_Stn32:cast1:niskin:75,GoA2019_Stn32:cast1,NA,NA,NA,NA,75,75,sample,Event,EPSG:4326
GoA2019_Stn32:cast1:niskin:100,GoA2019_Stn32:cast1,NA,NA,NA,NA,100,100,sample,Event,EPSG:4326
GoA2019_Stn32:cast1:niskin:150,GoA2019_Stn32:cast1,NA,NA,NA,NA,150,150,sample,Event,EPSG:4326
GoA2019_Stn33:cast1:niskin:0,GoA2019_Stn33:cast1,NA,NA,NA,NA,0,0,sample,Event,EPSG:4326
GoA2019_Stn33:cast1:niskin:25,GoA2019_Stn33:cast1,NA,NA,NA,NA,25,25,sample,Event,EPSG:4326
GoA2019_Stn33:cast1:niskin:50,GoA2019_Stn33:cast1,NA,NA,NA,NA,50,50,sample,Event,EPSG:4326
GoA2019_Stn33:cast1:niskin:75,GoA2019_Stn33:cast1,NA,NA,NA,NA,75,75,sample,Event,EPSG:4326
GoA2019_Stn33:cast1:niskin:100,GoA2019_Stn33:cast1,NA,NA,NA,NA,100,100,sample,Event,EPSG:4326
GoA2019_Stn33:cast1:niskin:150,GoA2019_Stn33:cast1,NA,NA,NA,NA,150,150,sample,Event,EPSG:4326
GoA2019_Stn34:cast1:niskin:0,GoA2019_Stn34:cast1,NA,NA,NA,NA,0,0,sample,Event,EPSG:4326
GoA2019_Stn34:cast1:niskin:25,GoA2019_Stn34:cast1,NA,NA,NA,NA,25,25,sample,Event,EPSG:4326
GoA2019_Stn34:cast1:niskin:50,GoA2019_Stn34:cast1,NA,NA,NA,NA,50,50,sample,Event,EPSG:4326
GoA2019_Stn34:cast1:niskin:75,GoA2019_Stn34:cast1,NA,NA,NA,NA,75,75,sample,Event,EPSG:4326
GoA2019_Stn34:cast1:niskin:100,GoA2019_Stn34:cast1,NA,NA,NA,NA,100,100,sample,Event,EPSG:4326
GoA2019_Stn34:cast1:niskin:150,GoA2019_Stn34:cast1,NA,NA,NA,NA,150,150,sample,Event,EPSG:4326
GoA2019_Stn35:cast1:niskin:0,GoA2019_Stn35:cast1,NA,NA,NA,NA,0,0,sample,Event,EPSG:4326
GoA2019_Stn35:cast1:niskin:25,GoA2019_Stn35:cast1,NA,NA,NA,NA,25,25,sample,Event,EPSG:4326
GoA2019_Stn35:cast1:niskin:50,GoA2019_Stn35:cast1,NA,NA,NA,NA,50,50,sample,Event,EPSG:4326
GoA2019_Stn35:cast1:niskin:75,GoA2019_Stn35:cast1,NA,NA,NA,NA,75,75,sample,Event,EPSG:4326
GoA2019_Stn35:cast1:niskin:100,GoA2019_Stn35:cast1,NA,NA,NA,NA,100,100,sample,Event,EPSG:4326
GoA2019_Stn35:cast1:niskin:150,GoA2019_Stn35:cast1,NA,NA,NA,NA,150,150,sample,Event,EPSG:4326
GoA2019_Stn36:cast1:niskin:0,GoA2019_Stn36:cast1,NA,NA,NA,NA,0,0,sample,Event,EPSG:4326
GoA2019_Stn36:cast1:niskin:25,GoA2019_Stn36:cast1,NA,NA,NA,NA,25,25,sample,Event,EPSG:4326
GoA2019_Stn36:cast1:niskin:50,GoA2019_Stn36:cast1,NA,NA,NA,NA,50,50,sample,Event,EPSG:4326
GoA2019_Stn36:cast1:niskin:75,GoA2019_Stn36:cast1,NA,NA,NA,NA,75,75,sample,Event,EPSG:4326
GoA2019_Stn36:cast1:niskin:100,GoA2019_Stn36:cast1,NA,NA,NA,NA,100,100,sample,Event,EPSG:4326
GoA2019_Stn36:cast1:niskin:150,GoA2019_Stn36:cast1,NA,NA,NA,NA,150,150,sample,Event,EPSG:4326
GoA2019_Stn37:cast1:niskin:0,GoA2019_Stn37:cast1,NA,NA,NA,NA,0,0,sample,Event,EPSG:4326
GoA2019_Stn37:cast1:niskin:25,GoA2019_Stn37:cast1,NA,NA,NA,NA,25,25,sample,Event,EPSG:4326
GoA2019_Stn37:cast1:niskin:50,GoA2019_Stn37:cast1,NA,NA,NA,NA,50,50,sample,Event,EPSG:4326
GoA2019_Stn37:cast1:niskin:75,GoA2019_Stn37:cast1,NA,NA,NA,NA,75,75,sample,Event,EPSG:4326
GoA2019_Stn37:cast1:niskin:100,GoA2019_Stn37:cast1,NA,NA,NA,NA,100,100,sample,Event,EPSG:4326
GoA2019_Stn37:cast1:niskin:150,GoA2019_Stn37:cast1,NA,NA,NA,NA,150,150,sample,Event,EPSG:4326
GoA2019_Stn38:cast1:niskin:0,GoA2019_Stn38:cast1,NA,NA,NA,NA,0,0,sample,Event,EPSG:4326
GoA2019_Stn38:cast1:niskin:25,GoA2019_Stn38:cast1,NA,NA,NA,NA,25,25,sample,Event,EPSG:4326
GoA2019_Stn38:cast1:niskin:50,GoA2019_Stn38:cast1,NA,NA,NA,NA,50,50,sample,Event,EPSG:4326
GoA2019_Stn38:cast1:niskin:75,GoA2019_Stn38:cast1,NA,NA,NA,NA,75,75,sample,Event,EPSG:4326
GoA2019_Stn38:cast1:niskin:100,GoA2019_Stn38:cast1,NA,NA,NA,NA,100,100,sample,Event,EPSG:4326
GoA2019_Stn38:cast1:niskin:150,GoA2019_Stn38:cast1,NA,NA,NA,NA,150,150,sample,Event,EPSG:4326
GoA2019_Stn39:cast1:niskin:0,GoA2019_Stn39:cast1,NA,NA,NA,NA,0,0,sample,Event,EPSG:4326
GoA2019_Stn39:cast1:niskin:25,GoA2019_Stn39:cast1,NA,NA,NA,NA,25,25,sample,Event,EPSG:4326
GoA2019_Stn39:cast1:niskin:50,GoA2019_Stn39:cast1,NA,NA,NA,NA,50,50,sample,Event,EPSG:4326
GoA2019_Stn39:cast1:niskin:75,GoA2019_Stn39:cast1,NA,NA,NA,NA,75,75,sample,Event,EPSG:4326
GoA2019_Stn39:cast1:niskin:100,GoA2019_Stn39:cast1,NA,NA,NA,NA,100,100,sample,Event,EPSG:4326
GoA2019_Stn39:cast1:niskin:150,GoA2019_Stn39:cast1,NA,NA,NA,NA,150,150,sample,Event,EPSG:4326
GoA2019_Stn40:cast1:niskin:0,GoA2019_Stn40:cast1,NA,NA,NA,NA,0,0,sample,Event,EPSG:4326
GoA2019_Stn40:cast1:niskin:25,GoA2019_Stn40:cast1,NA,NA,NA,NA,25,25,sample,Event,EPSG:4326
GoA2019_Stn40:cast1:niskin:50,GoA2019_Stn40:cast1,NA,NA,NA,NA,50,50,sample,Event,EPSG:4326
GoA2019_Stn40:cast1:niskin:75,GoA2019_Stn40:cast1,NA,NA,NA,NA,75,75,sample,Event,EPSG:4326
GoA2019_Stn40:cast1:niskin:100,GoA2019_Stn40:cast1,NA,NA,NA,NA,100,100,sample,Event,EPSG:4326
GoA2019_Stn40:cast1:niskin:150,GoA2019_Stn40:cast1,NA,NA,NA,NA,150,150,sample,Event,EPSG:4326
GoA2019_Stn41:cast1:niskin:0,GoA2019_Stn41:cast1,NA,NA,NA,NA,0,0,sample,Event,EPSG:4326
GoA2019_Stn41:cast1:niskin:25,GoA2019_Stn41:cast1,NA,NA,NA,NA,25,25,sample,Event,EPSG:4326
GoA2019_Stn41:cast1:niskin:50,GoA2019_Stn41:cast1,NA,NA,NA,NA,50,50,sample,Event,EPSG:4326
GoA2019_Stn41:cast1:niskin:75,GoA2019_Stn41:cast1,NA,NA,NA,NA,75,75,sample,Event,EPSG:4326
GoA2019_Stn41:cast1:niskin:100,GoA2019_Stn41:cast1,NA,NA,NA,NA,100,100,sample,Event,EPSG:4326
GoA2019_Stn41:cast1:niskin:150,GoA2019_Stn41:cast1,NA,NA,NA,NA,150,150,sample,Event,EPSG:4326
GoA2019_Stn42:cast1:niskin:0,GoA2019_Stn42:cast1,NA,NA,NA,NA,0,0,sample,Event,EPSG:4326
GoA2019_Stn42:cast1:niskin:25,GoA2019_Stn42:cast1,NA,NA,NA,NA,25,25,sample,Event,EPSG:4326
GoA2019_Stn42:cast1:niskin:50,GoA2019_Stn42:cast1,NA,NA,NA,NA,50,50,sample,Event,EPSG:4326
GoA2019_Stn42:cast1:niskin:75,GoA2019_Stn42:cast1,NA,NA,NA,NA,75,75,sample,Event,EPSG:4326
GoA2019_Stn42:cast1:niskin:100,GoA2019_Stn42:cast1,NA,NA,NA,NA,100,100,sample,Event,EPSG:4326
GoA2019_Stn42:cast1:niskin:150,GoA2019_Stn42:cast1,NA,NA,NA,NA,150,150,sample,Event,EPSG:4326
GoA2019_Stn43:cast1:niskin:0,GoA2019_Stn43:cast1,NA,NA,NA,NA,0,0,sample,Event,EPSG:4326
GoA2019_Stn43:cast1:niskin:25,GoA2019_Stn43:cast1,NA,NA,NA,NA,25,25,sample,Event,EPSG:4326
GoA2019_Stn43:cast1:niskin:50,GoA2019_Stn43:cast1,NA,NA,NA,NA,50,50,sample,Event,EPSG:4326
GoA2019_Stn43:cast1:niskin:75,GoA2019_Stn43:cast1,NA,NA,NA,NA,75,75,sample,Event,EPSG:4326
GoA2019_Stn43:cast1:niskin:100,GoA2019_Stn43:cast1,NA,NA,NA,NA,100,100,sample,Event,EPSG:4326
GoA2019_Stn43:cast1:niskin:150,GoA2019_Stn43:cast1,NA,NA,NA,NA,150,150,sample,Event,EPSG:4326
GoA2019_Stn44:cast1:niskin:0,GoA2019_Stn44:cast1,NA,NA,NA,NA,0,0,sample,Event,EPSG:4326
GoA2019_Stn44:cast1:niskin:25,GoA2019_Stn44:cast1,NA,NA,NA,NA,25,25,sample,Event,EPSG:4326
GoA2019_Stn44:cast1:niskin:50,GoA2019_Stn44:cast1,NA,NA,NA,NA,50,50,sample,Event,EPSG:4326
GoA2019_Stn44:cast1:niskin:75,GoA2019_Stn44:cast1,NA,NA,NA,NA,75,75,sample,Event,EPSG:4326
GoA2019_Stn44:cast1:niskin:100,GoA2019_Stn44:cast1,NA,NA,NA,NA,100,100,sample,Event,EPSG:4326
GoA2019_Stn44:cast1:niskin:150,GoA2019_Stn44:cast1,NA,NA,NA,NA,150,150,sample,Event,EPSG:4326
GoA2019_Stn45:cast1:niskin:0,GoA2019_Stn45:cast1,NA,NA,NA,NA,0,0,sample,Event,EPSG:4326
GoA2019_Stn45:cast1:niskin:25,GoA2019_Stn45:cast1,NA,NA,NA,NA,25,25,sample,Event,EPSG:4326
GoA2019_Stn45:cast1:niskin:50,GoA2019_Stn45:cast1,NA,NA,NA,NA,50,50,sample,Event,EPSG:4326
GoA2019_Stn45:cast1:niskin:75,GoA2019_Stn45:cast1,NA,NA,NA,NA,75,75,sample,Event,EPSG:4326
GoA2019_Stn45:cast1:niskin:100,GoA2019_Stn45:cast1,NA,NA,NA,NA,100,100,sample,Event,EPSG:4326
GoA2019_Stn45:cast1:niskin:150,GoA2019_Stn45:cast1,NA,NA,NA,NA,150,150,sample,Event,EPSG:4326
GoA2019_Stn46:cast1:niskin:0,GoA2019_Stn46:cast1,NA,NA,NA,NA,0,0,sample,Event,EPSG:4326
GoA2019_Stn46:cast1:niskin:25,GoA2019_Stn46:cast1,NA,NA,NA,NA,25,25,sample,Event,EPSG:4326
GoA2019_Stn46:cast1:niskin:50,GoA2019_Stn46:cast1,NA,NA,NA,NA,50,50,sample,Event,EPSG:4326
GoA2019_Stn46:cast1:niskin:75,GoA2019_Stn46:cast1,NA,NA,NA,NA,75,75,sample,Event,EPSG:4326
GoA2019_Stn46:cast1:niskin:100,GoA2019_Stn46:cast1,NA,NA,NA,NA,100,100,sample,Event,EPSG:4326
GoA2019_Stn46:cast1:niskin:150,GoA2019_Stn46:cast1,NA,NA,NA,NA,150,150,sample,Event,EPSG:4326
GoA2019_Stn47:cast1:niskin:0,GoA2019_Stn47:cast1,NA,NA,NA,NA,0,0,sample,Event,EPSG:4326
GoA2019_Stn47:cast1:niskin:25,GoA2019_Stn47:cast1,NA,NA,NA,NA,25,25,sample,Event,EPSG:4326
GoA2019_Stn47:cast1:niskin:50,GoA2019_Stn47:cast1,NA,NA,NA,NA,50,50,sample,Event,EPSG:4326
GoA2019_Stn47:cast1:niskin:75,GoA2019_Stn47:cast1,NA,NA,NA,NA,75,75,sample,Event,EPSG:4326
GoA2019_Stn47:cast1:niskin:100,GoA2019_Stn47:cast1,NA,NA,NA,NA,100,100,sample,Event,EPSG:4326
GoA2019_Stn47:cast1:niskin:150,GoA2019_Stn47:cast1,NA,NA,NA,NA,150,150,sample,Event,EPSG:4326
GoA2019_Stn48:cast1:niskin:0,GoA2019_Stn48:cast1,NA,NA,NA,NA,0,0,sample,Event,EPSG:4326
GoA2019_Stn48:cast1:niskin:25,GoA2019_Stn48:cast1,NA,NA,NA,NA,25,25,sample,Event,EPSG:4326
GoA2019_Stn48:cast1:niskin:50,GoA2019_Stn48:cast1,NA,NA,NA,NA,50,50,sample,Event,EPSG:4326
GoA2019_Stn48:cast1:niskin:75,GoA2019_Stn48:cast1,NA,NA,NA,NA,75,75,sample,Event,EPSG:4326
GoA2019_Stn48:cast1:niskin:100,GoA2019_Stn48:cast1,NA,NA,NA,NA,100,100,sample,Event,EPSG:4326
GoA2019_Stn48:cast1:niskin:150,GoA2019_Stn48:cast1,NA,NA,NA,NA,150,150,sample,Event,EPSG:4326
GoA2019_Stn49:cast1:niskin:0,GoA2019_Stn49:cast1,NA,NA,NA,NA,0,0,sample,Event,EPSG:4326
GoA2019_Stn49:cast1:niskin:25,GoA2019_Stn49:cast1,NA,NA,NA,NA,25,25,sample,Event,EPSG:4326
GoA2019_Stn49:cast1:niskin:50,GoA2019_Stn49:cast1,NA,NA,NA,NA,50,50,sample,Event,EPSG:4326
GoA2019_Stn49:cast1:niskin:75,GoA2019_Stn49:cast1,NA,NA,NA,NA,75,75,sample,Event,EPSG:4326
GoA2019_Stn49:cast1:niskin:100,GoA2019_Stn49:cast1,NA,NA,NA,NA,100,100,sample,Event,EPSG:4326
GoA2019_Stn49:cast1:niskin:150,GoA2019_Stn49:cast1,NA,NA,NA,NA,150,150,sample,Event,EPSG:4326
GoA2019_Stn50:cast1:niskin:0,GoA2019_Stn50:cast1,NA,NA,NA,NA,0,0,sample,Event,EPSG:4326
GoA2019_Stn50:cast1:niskin:25,GoA2019_Stn50:cast1,NA,NA,NA,NA,25,25,sample,Event,EPSG:4326
GoA2019_Stn50:cast1:niskin:50,GoA2019_Stn50:cast1,NA,NA,NA,NA,50,50,sample,Event,EPSG:4326
GoA2019_Stn50:cast1:niskin:75,GoA2019_Stn50:cast1,NA,NA,NA,NA,75,75,sample,Event,EPSG:4326
GoA2019_Stn50:cast1:niskin:100,GoA2019_Stn50:cast1,NA,NA,NA,NA,100,100,sample,Event,EPSG:4326
GoA2019_Stn50:cast1:niskin:150,GoA2019_Stn50:cast1,NA,NA,NA,NA,150,150,sample,Event,EPSG:4326
GoA2019_Stn51:cast1:niskin:0,GoA2019_Stn51:cast1,NA,NA,NA,NA,0,0,sample,Event,EPSG:4326
GoA2019_Stn51:cast1:niskin:25,GoA2019_Stn51:cast1,NA,NA,NA,NA,25,25,sample,Event,EPSG:4326
GoA2019_Stn51:cast1:niskin:50,GoA2019_Stn51:cast1,NA,NA,NA,NA,50,50,sample,Event,EPSG:4326
GoA2019_Stn51:cast1:niskin:75,GoA2019_Stn51:cast1,NA,NA,NA,NA,75,75,sample,Event,EPSG:4326
GoA2019_Stn51:cast1:niskin:100,GoA2019_Stn51:cast1,NA,NA,NA,NA,100,100,sample,Event,EPSG:4326
GoA2019_Stn51:cast1:niskin:150,GoA2019_Stn51:cast1,NA,NA,NA,NA,150,150,sample,Event,EPSG:4326
GoA2019_Stn52:cast1:niskin:0,GoA2019_Stn52:cast1,NA,NA,NA,NA,0,0,sample,Event,EPSG:4326
GoA2019_Stn52:cast1:niskin:25,GoA2019_Stn52:cast1,NA,NA,NA,NA,25,25,sample,Event,EPSG:4326
GoA2019_Stn52:cast1:niskin:50,GoA2019_Stn52:cast1,NA,NA,NA,NA,50,50,sample,Event,EPSG:4326
GoA2019_Stn52:cast1:niskin:75,GoA2019_Stn52:cast1,NA,NA,NA,NA,75,75,sample,Event,EPSG:4326
GoA2019_Stn52:cast1:niskin:100,GoA2019_Stn52:cast1,NA,NA,NA,NA,100,100,sample,Event,EPSG:4326
GoA2019_Stn52:cast1:niskin:150,GoA2019_Stn52:cast1,NA,NA,NA,NA,150,150,sample,Event,EPSG:4326
GoA2019_Stn53:cast1:niskin:0,GoA2019_Stn53:cast1,NA,NA,NA,NA,0,0,sample,Event,EPSG:4326
GoA2019_Stn53:cast1:niskin:25,GoA2019_Stn53:cast1,NA,NA,NA,NA,25,25,sample,Event,EPSG:4326
GoA2019_Stn53:cast1:niskin:50,GoA2019_Stn53:cast1,NA,NA,NA,NA,50,50,sample,Event,EPSG:4326
GoA2019_Stn53:cast1:niskin:75,GoA2019_Stn53:cast1,NA,NA,NA,NA,75,75,sample,Event,EPSG:4326
GoA2019_Stn53:cast1:niskin:100,GoA2019_Stn53:cast1,NA,NA,NA,NA,100,100,sample,Event,EPSG:4326
GoA2019_Stn53:cast1:niskin:150,GoA2019_Stn53:cast1,NA,NA,NA,NA,150,150,sample,Event,EPSG:4326
GoA2019_Stn54:cast1:niskin:0,GoA2019_Stn54:cast1,NA,NA,NA,NA,0,0,sample,Event,EPSG:4326
GoA2019_Stn54:cast1:niskin:25,GoA2019_Stn54:cast1,NA,NA,NA,NA,25,25,sample,Event,EPSG:4326
GoA2019_Stn54:cast1:niskin:50,GoA2019_Stn54:cast1,NA,NA,NA,NA,50,50,sample,Event,EPSG:4326
GoA2019_Stn54:cast1:niskin:75,GoA2019_Stn54:cast1,NA,NA,NA,NA,75,75,sample,Event,EPSG:4326
GoA2019_Stn54:cast1:niskin:100,GoA2019_Stn54:cast1,NA,NA,NA,NA,100,100,sample,Event,EPSG:4326
GoA2019_Stn54:cast1:niskin:150,GoA2019_Stn54:cast1,NA,NA,NA,NA,150,150,sample,Event,EPSG:4326
GoA2019_Stn55:cast1:niskin:0,GoA2019_Stn55:cast1,NA,NA,NA,NA,0,0,sample,Event,EPSG:4326
GoA2019_Stn55:cast1:niskin:25,GoA2019_Stn55:cast1,NA,NA,NA,NA,25,25,sample,Event,EPSG:4326
GoA2019_Stn55:cast1:niskin:50,GoA2019_Stn55:cast1,NA,NA,NA,NA,50,50,sample,Event,EPSG:4326
GoA2019_Stn55:cast1:niskin:75,GoA2019_Stn55:cast1,NA,NA,NA,NA,75,75,sample,Event,EPSG:4326
GoA2019_Stn55:cast1:niskin:100,GoA2019_Stn55:cast1,NA,NA,NA,NA,100,100,sample,Event,EPSG:4326
GoA2019_Stn55:cast1:niskin:150,GoA2019_Stn55:cast1,NA,NA,NA,NA,150,150,sample,Event,EPSG:4326
GoA2019_Stn56:cast1:niskin:0,GoA2019_Stn56:cast1,NA,NA,NA,NA,0,0,sample,Event,EPSG:4326
GoA2019_Stn56:cast1:niskin:25,GoA2019_Stn56:cast1,NA,NA,NA,NA,25,25,sample,Event,EPSG:4326
GoA2019_Stn56:cast1:niskin:50,GoA2019_Stn56:cast1,NA,NA,NA,NA,50,50,sample,Event,EPSG:4326
GoA2019_Stn56:cast1:niskin:75,GoA2019_Stn56:cast1,NA,NA,NA,NA,75,75,sample,Event,EPSG:4326
GoA2019_Stn56:cast1:niskin:100,GoA2019_Stn56:cast1,NA,NA,NA,NA,100,100,sample,Event,EPSG:4326
GoA2019_Stn56:cast1:niskin:150,GoA2019_Stn56:cast1,NA,NA,NA,NA,150,150,sample,Event,EPSG:4326
GoA2019_Stn57:cast1:niskin:0,GoA2019_Stn57:cast1,NA,NA,NA,NA,0,0,sample,Event,EPSG:4326
GoA2019_Stn57:cast1:niskin:25,GoA2019_Stn57:cast1,NA,NA,NA,NA,25,25,sample,Event,EPSG:4326
GoA2019_Stn57:cast1:niskin:50,GoA2019_Stn57:cast1,NA,NA,NA,NA,50,50,sample,Event,EPSG:4326
GoA2019_Stn57:cast1:niskin:75,GoA2019_Stn57:cast1,NA,NA,NA,NA,75,75,sample,Event,EPSG:4326
GoA2019_Stn57:cast1:niskin:100,GoA2019_Stn57:cast1,NA,NA,NA,NA,100,100,sample,Event,EPSG:4326
GoA2019_Stn57:cast1:niskin:150,GoA2019_Stn57:cast1,NA,NA,NA,NA,150,150,sample,Event,EPSG:4326
GoA2019_Stn58:cast1:niskin:0,GoA2019_Stn58:cast1,NA,NA,NA,NA,0,0,sample,Event,EPSG:4326
GoA2019_Stn58:cast1:niskin:25,GoA2019_Stn58:cast1,NA,NA,NA,NA,25,25,sample,Event,EPSG:4326
GoA2019_Stn58:cast1:niskin:50,GoA2019_Stn58:cast1,NA,NA,NA,NA,50,50,sample,Event,EPSG:4326
GoA2019_Stn58:cast1:niskin:75,GoA2019_Stn58:cast1,NA,NA,NA,NA,75,75,sample,Event,EPSG:4326
GoA2019_Stn58:cast1:niskin:100,GoA2019_Stn58:cast1,NA,NA,NA,NA,100,100,sample,Event,EPSG:4326
GoA2019_Stn58:cast1:niskin:150,GoA2019_Stn58:cast1,NA,NA,NA,NA,150,150,sample,Event,EPSG:4326
GoA2019_Stn59:cast1:niskin:0,GoA2019_Stn59:cast1,NA,NA,NA,NA,0,0,sample,Event,EPSG:4326
GoA2019_Stn59:cast1:niskin:25,GoA2019_Stn59:cast1,NA,NA,NA,NA,25,25,sample,Event,EPSG:4326
GoA2019_Stn59:cast1:niskin:50,GoA2019_Stn59:cast1,NA,NA,NA,NA,50,50,sample,Event,EPSG:4326
GoA2019_Stn59:cast1:niskin:75,GoA2019_Stn59:cast1,NA,NA,NA,NA,75,75,sample,Event,EPSG:4326
GoA2019_Stn59:cast1:niskin:100,GoA2019_Stn59:cast1,NA,NA,NA,NA,100,100,sample,Event,EPSG:4326
GoA2019_Stn59:cast1:niskin:150,GoA2019_Stn59:cast1,NA,NA,NA,NA,150,150,sample,Event,EPSG:4326
GoA2019_Stn60:cast1:niskin:0,GoA2019_Stn60:cast1,NA,NA,NA,NA,0,0,sample,Event,EPSG:4326
GoA2019_Stn60:cast1:niskin:25,GoA2019_Stn60:cast1,NA,NA,NA,NA,25,25,sample,Event,EPSG:4326
GoA2019_Stn60:cast1:niskin:50,GoA2019_Stn60:cast1,NA,NA,NA,NA,50,50,sample,Event,EPSG:4326
GoA2019_Stn60:cast1:niskin:75,GoA2019_Stn60:cast1,NA,NA,NA,NA,75,75,sample,Event,EPSG:4326
GoA2019_Stn60:cast1:niskin:100,GoA2019_Stn60:cast1,NA,NA,NA,NA,100,100,sample,Event,EPSG:4326
GoA2019_Stn60:cast1:niskin:150,GoA2019_Stn60:cast1,NA,NA,NA,NA,150,150,sample,Event,EPSG:4326
GoA2019_Stn1:cast1:niskin:0:T8,GoA2019_Stn1:cast1:niskin:0,NA,NA,NA,NA,NA,NA,subsample,Event,EPSG:4326
GoA2019_Stn1:cast1:niskin:25:T54,GoA2019_Stn1:cast1:niskin:25,NA,NA,NA,NA,NA,NA,subsample,Event,EPSG:4326
GoA2019_Stn1:cast1:niskin:50:T818,GoA2019_Stn1:cast1:niskin:50,NA,NA,NA,NA,NA,NA,subsample,Event,EPSG:4326
GoA2019_Stn1:cast1:niskin:75:T97,GoA2019_Stn1:cast1:niskin:75,NA,NA,NA,NA,NA,NA,subsample,Event,EPSG:4326
GoA2019_Stn1:cast1:niskin:100:T40,GoA2019_Stn1:cast1:niskin:100,NA,NA,NA,NA,NA,NA,subsample,Event,EPSG:4326
GoA2019_Stn1:cast1:niskin:150:T444,GoA2019_Stn1:cast1:niskin:150,NA,NA,NA,NA,NA,NA,subsample,Event,EPSG:4326
GoA2019_Stn2:cast1:niskin:0:T255,GoA2019_Stn2:cast1:niskin:0,NA,NA,NA,NA,NA,NA,subsample,Event,EPSG:4326
GoA2019_Stn2:cast1:niskin:25:T844,GoA2019_Stn2:cast1:niskin:25,NA,NA,NA,NA,NA,NA,subsample,Event,EPSG:4326
GoA2019_Stn2:cast1:niskin:50:T831,GoA2019_Stn2:cast1:niskin:50,NA,NA,NA,NA,NA,NA,subsample,Event,EPSG:4326
GoA2019_Stn2:cast1:niskin:75:T59,GoA2019_Stn2:cast1:niskin:75,NA,NA,NA,NA,NA,NA,subsample,Event,EPSG:4326
GoA2019_Stn2:cast1:niskin:100:T422,GoA2019_Stn2:cast1:niskin:100,NA,NA,NA,NA,NA,NA,subsample,Event,EPSG:4326
GoA2019_Stn2:cast1:niskin:150:T839,GoA2019_Stn2:cast1:niskin:150,NA,NA,NA,NA,NA,NA,subsample,Event,EPSG:4326
GoA2019_Stn3:cast1:niskin:0:T265,GoA2019_Stn3:cast1:niskin:0,NA,NA,NA,NA,NA,NA,subsample,Event,EPSG:4326
GoA2019_Stn3:cast1:niskin:25:T504,GoA2019_Stn3:cast1:niskin:25,NA,NA,NA,NA,NA,NA,subsample,Event,EPSG:4326
GoA2019_Stn3:cast1:niskin:50:T904,GoA2019_Stn3:cast1:niskin:50,NA,NA,NA,NA,NA,NA,subsample,Event,EPSG:4326
GoA2019_Stn3:cast1:niskin:75:T243,GoA2019_Stn3:cast1:niskin:75,NA,NA,NA,NA,NA,NA,subsample,Event,EPSG:4326
GoA2019_Stn3:cast1:niskin:100:T491,GoA2019_Stn3:cast1:niskin:100,NA,NA,NA,NA,NA,NA,subsample,Event,EPSG:4326
GoA2019_Stn3:cast1:niskin:150:T469,GoA2019_Stn3:cast1:niskin:150,NA,NA,NA,NA,NA,NA,subsample,Event,EPSG:4326
GoA2019_Stn4:cast1:niskin:0:T400,GoA2019_Stn4:cast1:niskin:0,NA,NA,NA,NA,NA,NA,subsample,Event,EPSG:4326
GoA2019_Stn4:cast1:niskin:25:T65,GoA2019_Stn4:cast1:niskin:25,NA,NA,NA,NA,NA,NA,subsample,Event,EPSG:4326
GoA2019_Stn4:cast1:niskin:50:T810,GoA2019_Stn4:cast1:niskin:50,NA,NA,NA,NA,NA,NA,subsample,Event,EPSG:4326
GoA2019_Stn4:cast1:niskin:75:T222,GoA2019_Stn4:cast1:niskin:75,NA,NA,NA,NA,NA,NA,subsample,Event,EPSG:4326
GoA2019_Stn4:cast1:niskin:100:T289,GoA2019_Stn4:cast1:niskin:100,NA,NA,NA,NA,NA,NA,subsample,Event,EPSG:4326
GoA2019_Stn4:cast1:niskin:150:T486,GoA2019_Stn4:cast1:niskin:150,NA,NA,NA,NA,NA,NA,subsample,Event,EPSG:4326
GoA2019_Stn5:cast1:niskin:0:T485,GoA2019_Stn5:cast1:niskin:0,NA,NA,NA,NA,NA,NA,subsample,Event,EPSG:4326
GoA2019_Stn5:cast1:niskin:25:T471,GoA2019_Stn5:cast1:niskin:25,NA,NA,NA,NA,NA,NA,subsample,Event,EPSG:4326
GoA2019_Stn5:cast1:niskin:50:T458,GoA2019_Stn5:cast1:niskin:50,NA,NA,NA,NA,NA,NA,subsample,Event,EPSG:4326
GoA2019_Stn5:cast1:niskin:75:T408,GoA2019_Stn5:cast1:niskin:75,NA,NA,NA,NA,NA,NA,subsample,Event,EPSG:4326
GoA2019_Stn5:cast1:niskin:100:T25,GoA2019_Stn5:cast1:niskin:100,NA,NA,NA,NA,NA,NA,subsample,Event,EPSG:4326
GoA2019_Stn5:cast1:niskin:150:T15,GoA2019_Stn5:cast1:niskin:150,NA,NA,NA,NA,NA,NA,subsample,Event,EPSG:4326
GoA2019_Stn6:cast1:niskin:0:T852,GoA2019_Stn6:cast1:niskin:0,NA,NA,NA,NA,NA,NA,subsample,Event,EPSG:4326
GoA2019_Stn6:cast1:niskin:25:T406,GoA2019_Stn6:cast1:niskin:25,NA,NA,NA,NA,NA,NA,subsample,Event,EPSG:4326
GoA2019_Stn6:cast1:niskin:50:T60,GoA2019_Stn6:cast1:niskin:50,NA,NA,NA,NA,NA,NA,subsample,Event,EPSG:4326
GoA2019_Stn6:cast1:niskin:75:T450,GoA2019_Stn6:cast1:niskin:75,NA,NA,NA,NA,NA,NA,subsample,Event,EPSG:4326
GoA2019_Stn6:cast1:niskin:100:T238,GoA2019_Stn6:cast1:niskin:100,NA,NA,NA,NA,NA,NA,subsample,Event,EPSG:4326
GoA2019_Stn6:cast1:niskin:150:T426,GoA2019_Stn6:cast1:niskin:150,NA,NA,NA,NA,NA,NA,subsample,Event,EPSG:4326
GoA2019_Stn7:cast1:niskin:0:T410,GoA2019_Stn7:cast1:niskin:0,NA,NA,NA,NA,NA,NA,subsample,Event,EPSG:4326
GoA2019_Stn7:cast1:niskin:25:T20,GoA2019_Stn7:cast1:niskin:25,NA,NA,NA,NA,NA,NA,subsample,Event,EPSG:4326
GoA2019_Stn7:cast1:niskin:50:T75,GoA2019_Stn7:cast1:niskin:50,NA,NA,NA,NA,NA,NA,subsample,Event,EPSG:4326
GoA2019_Stn7:cast1:niskin:75:T287,GoA2019_Stn7:cast1:niskin:75,NA,NA,NA,NA,NA,NA,subsample,Event,EPSG:4326
GoA2019_Stn7:cast1:niskin:100:T30,GoA2019_Stn7:cast1:niskin:100,NA,NA,NA,NA,NA,NA,subsample,Event,EPSG:4326
GoA2019_Stn7:cast1:niskin:150:T36,GoA2019_Stn7:cast1:niskin:150,NA,NA,NA,NA,NA,NA,subsample,Event,EPSG:4326
GoA2019_Stn8:cast1:niskin:0:T1315,GoA2019_Stn8:cast1:niskin:0,NA,NA,NA,NA,NA,NA,subsample,Event,EPSG:4326
GoA2019_Stn8:cast1:niskin:25:T251,GoA2019_Stn8:cast1:niskin:25,NA,NA,NA,NA,NA,NA,subsample,Event,EPSG:4326
GoA2019_Stn8:cast1:niskin:50:T2,GoA2019_Stn8:cast1:niskin:50,NA,NA,NA,NA,NA,NA,subsample,Event,EPSG:4326
GoA2019_Stn8:cast1:niskin:75:T35,GoA2019_Stn8:cast1:niskin:75,NA,NA,NA,NA,NA,NA,subsample,Event,EPSG:4326
GoA2019_Stn8:cast1:niskin:100:T264,GoA2019_Stn8:cast1:niskin:100,NA,NA,NA,NA,NA,NA,subsample,Event,EPSG:4326
GoA2019_Stn8:cast1:niskin:150:T87,GoA2019_Stn8:cast1:niskin:150,NA,NA,NA,NA,NA,NA,subsample,Event,EPSG:4326
GoA2019_Stn9:cast1:niskin:0:T53,GoA2019_Stn9:cast1:niskin:0,NA,NA,NA,NA,NA,NA,subsample,Event,EPSG:4326
GoA2019_Stn9:cast1:niskin:25:T405,GoA2019_Stn9:cast1:niskin:25,NA,NA,NA,NA,NA,NA,subsample,Event,EPSG:4326
GoA2019_Stn9:cast1:niskin:50:T270,GoA2019_Stn9:cast1:niskin:50,NA,NA,NA,NA,NA,NA,subsample,Event,EPSG:4326
GoA2019_Stn9:cast1:niskin:75:T503,GoA2019_Stn9:cast1:niskin:75,NA,NA,NA,NA,NA,NA,subsample,Event,EPSG:4326
GoA2019_Stn9:cast1:niskin:100:T23,GoA2019_Stn9:cast1:niskin:100,NA,NA,NA,NA,NA,NA,subsample,Event,EPSG:4326
GoA2019_Stn9:cast1:niskin:150:T41,GoA2019_Stn9:cast1:niskin:150,NA,NA,NA,NA,NA,NA,subsample,Event,EPSG:4326
GoA2019_Stn10:cast1:niskin:0:T237,GoA2019_Stn10:cast1:niskin:0,NA,NA,NA,NA,NA,NA,subsample,Event,EPSG:4326
GoA2019_Stn10:cast1:niskin:25:T69,GoA2019_Stn10:cast1:niskin:25,NA,NA,NA,NA,NA,NA,subsample,Event,EPSG:4326
GoA2019_Stn10:cast1:niskin:50:T498,GoA2019_Stn10:cast1:niskin:50,NA,NA,NA,NA,NA,NA,subsample,Event,EPSG:4326
GoA2019_Stn10:cast1:niskin:75:T830,GoA2019_Stn10:cast1:niskin:75,NA,NA,NA,NA,NA,NA,subsample,Event,EPSG:4326
GoA2019_Stn10:cast1:niskin:100:T68,GoA2019_Stn10:cast1:niskin:100,NA,NA,NA,NA,NA,NA,subsample,Event,EPSG:4326
GoA2019_Stn10:cast1:niskin:150:T299,GoA2019_Stn10:cast1:niskin:150,NA,NA,NA,NA,NA,NA,subsample,Event,EPSG:4326
GoA2019_Stn11:cast1:niskin:0:T226,GoA2019_Stn11:cast1:niskin:0,NA,NA,NA,NA,NA,NA,subsample,Event,EPSG:4326
GoA2019_Stn11:cast1:niskin:25:T821,GoA2019_Stn11:cast1:niskin:25,NA,NA,NA,NA,NA,NA,subsample,Event,EPSG:4326
GoA2019_Stn11:cast1:niskin:50:T216,GoA2019_Stn11:cast1:niskin:50,NA,NA,NA,NA,NA,NA,subsample,Event,EPSG:4326
GoA2019_Stn11:cast1:niskin:75:T210,GoA2019_Stn11:cast1:niskin:75,NA,NA,NA,NA,NA,NA,subsample,Event,EPSG:4326
GoA2019_Stn11:cast1:niskin:100:T845,GoA2019_Stn11:cast1:niskin:100,NA,NA,NA,NA,NA,NA,subsample,Event,EPSG:4326
GoA2019_Stn11:cast1:niskin:150:T431,GoA2019_Stn11:cast1:niskin:150,NA,NA,NA,NA,NA,NA,subsample,Event,EPSG:4326
GoA2019_Stn12:cast1:niskin:0:T502,GoA2019_Stn12:cast1:niskin:0,NA,NA,NA,NA,NA,NA,subsample,Event,EPSG:4326
GoA2019_Stn12:cast1:niskin:25:T249,GoA2019_Stn12:cast1:niskin:25,NA,NA,NA,NA,NA,NA,subsample,Event,EPSG:4326
GoA2019_Stn12:cast1:niskin:50:T31,GoA2019_Stn12:cast1:niskin:50,NA,NA,NA,NA,NA,NA,subsample,Event,EPSG:4326
GoA2019_Stn12:cast1:niskin:75:T235,GoA2019_Stn12:cast1:niskin:75,NA,NA,NA,NA,NA,NA,subsample,Event,EPSG:4326
GoA2019_Stn12:cast1:niskin:100:T220,GoA2019_Stn12:cast1:niskin:100,NA,NA,NA,NA,NA,NA,subsample,Event,EPSG:4326
GoA2019_Stn12:cast1:niskin:150:T95,GoA2019_Stn12:cast1:niskin:150,NA,NA,NA,NA,NA,NA,subsample,Event,EPSG:4326
GoA2019_Stn13:cast1:niskin:0:T809,GoA2019_Stn13:cast1:niskin:0,NA,NA,NA,NA,NA,NA,subsample,Event,EPSG:4326
GoA2019_Stn13:cast1:niskin:25:T258,GoA2019_Stn13:cast1:niskin:25,NA,NA,NA,NA,NA,NA,subsample,Event,EPSG:4326
GoA2019_Stn13:cast1:niskin:50:T483,GoA2019_Stn13:cast1:niskin:50,NA,NA,NA,NA,NA,NA,subsample,Event,EPSG:4326
GoA2019_Stn13:cast1:niskin:75:T67,GoA2019_Stn13:cast1:niskin:75,NA,NA,NA,NA,NA,NA,subsample,Event,EPSG:4326
GoA2019_Stn13:cast1:niskin:100:T470,GoA2019_Stn13:cast1:niskin:100,NA,NA,NA,NA,NA,NA,subsample,Event,EPSG:4326
GoA2019_Stn13:cast1:niskin:150:T41,GoA2019_Stn13:cast1:niskin:150,NA,NA,NA,NA,NA,NA,subsample,Event,EPSG:4326
GoA2019_Stn14:cast1:niskin:0:T78,GoA2019_Stn14:cast1:niskin:0,NA,NA,NA,NA,NA,NA,subsample,Event,EPSG:4326
GoA2019_Stn14:cast1:niskin:25:T56,GoA2019_Stn14:cast1:niskin:25,NA,NA,NA,NA,NA,NA,subsample,Event,EPSG:4326
GoA2019_Stn14:cast1:niskin:50:T419,GoA2019_Stn14:cast1:niskin:50,NA,NA,NA,NA,NA,NA,subsample,Event,EPSG:4326
GoA2019_Stn14:cast1:niskin:75:T204,GoA2019_Stn14:cast1:niskin:75,NA,NA,NA,NA,NA,NA,subsample,Event,EPSG:4326
GoA2019_Stn14:cast1:niskin:100:T1312,GoA2019_Stn14:cast1:niskin:100,NA,NA,NA,NA,NA,NA,subsample,Event,EPSG:4326
GoA2019_Stn14:cast1:niskin:150:T77,GoA2019_Stn14:cast1:niskin:150,NA,NA,NA,NA,NA,NA,subsample,Event,EPSG:4326
GoA2019_Stn15:cast1:niskin:0:T23,GoA2019_Stn15:cast1:niskin:0,NA,NA,NA,NA,NA,NA,subsample,Event,EPSG:4326
GoA2019_Stn15:cast1:niskin:25:T66,GoA2019_Stn15:cast1:niskin:25,NA,NA,NA,NA,NA,NA,subsample,Event,EPSG:4326
GoA2019_Stn15:cast1:niskin:50:T292,GoA2019_Stn15:cast1:niskin:50,NA,NA,NA,NA,NA,NA,subsample,Event,EPSG:4326
GoA2019_Stn15:cast1:niskin:75:T63,GoA2019_Stn15:cast1:niskin:75,NA,NA,NA,NA,NA,NA,subsample,Event,EPSG:4326
GoA2019_Stn15:cast1:niskin:100:T227,GoA2019_Stn15:cast1:niskin:100,NA,NA,NA,NA,NA,NA,subsample,Event,EPSG:4326
GoA2019_Stn15:cast1:niskin:150:T492,GoA2019_Stn15:cast1:niskin:150,NA,NA,NA,NA,NA,NA,subsample,Event,EPSG:4326
GoA2019_Stn16:cast1:niskin:0:T417,GoA2019_Stn16:cast1:niskin:0,NA,NA,NA,NA,NA,NA,subsample,Event,EPSG:4326
GoA2019_Stn16:cast1:niskin:25:T217,GoA2019_Stn16:cast1:niskin:25,NA,NA,NA,NA,NA,NA,subsample,Event,EPSG:4326
GoA2019_Stn16:cast1:niskin:50:T436,GoA2019_Stn16:cast1:niskin:50,NA,NA,NA,NA,NA,NA,subsample,Event,EPSG:4326
GoA2019_Stn16:cast1:niskin:75:T1316,GoA2019_Stn16:cast1:niskin:75,NA,NA,NA,NA,NA,NA,subsample,Event,EPSG:4326
GoA2019_Stn16:cast1:niskin:100:T8,GoA2019_Stn16:cast1:niskin:100,NA,NA,NA,NA,NA,NA,subsample,Event,EPSG:4326
GoA2019_Stn16:cast1:niskin:150:T303,GoA2019_Stn16:cast1:niskin:150,NA,NA,NA,NA,NA,NA,subsample,Event,EPSG:4326
GoA2019_Stn17:cast1:niskin:0:T298,GoA2019_Stn17:cast1:niskin:0,NA,NA,NA,NA,NA,NA,subsample,Event,EPSG:4326
GoA2019_Stn17:cast1:niskin:25:T256,GoA2019_Stn17:cast1:niskin:25,NA,NA,NA,NA,NA,NA,subsample,Event,EPSG:4326
GoA2019_Stn17:cast1:niskin:50:T247,GoA2019_Stn17:cast1:niskin:50,NA,NA,NA,NA,NA,NA,subsample,Event,EPSG:4326
GoA2019_Stn17:cast1:niskin:75:T253,GoA2019_Stn17:cast1:niskin:75,NA,NA,NA,NA,NA,NA,subsample,Event,EPSG:4326
GoA2019_Stn17:cast1:niskin:100:T446,GoA2019_Stn17:cast1:niskin:100,NA,NA,NA,NA,NA,NA,subsample,Event,EPSG:4326
GoA2019_Stn17:cast1:niskin:150:T52,GoA2019_Stn17:cast1:niskin:150,NA,NA,NA,NA,NA,NA,subsample,Event,EPSG:4326
GoA2019_Stn18:cast1:niskin:0:T17,GoA2019_Stn18:cast1:niskin:0,NA,NA,NA,NA,NA,NA,subsample,Event,EPSG:4326
GoA2019_Stn18:cast1:niskin:25:T416,GoA2019_Stn18:cast1:niskin:25,NA,NA,NA,NA,NA,NA,subsample,Event,EPSG:4326
GoA2019_Stn18:cast1:niskin:50:T91,GoA2019_Stn18:cast1:niskin:50,NA,NA,NA,NA,NA,NA,subsample,Event,EPSG:4326
GoA2019_Stn18:cast1:niskin:75:T474,GoA2019_Stn18:cast1:niskin:75,NA,NA,NA,NA,NA,NA,subsample,Event,EPSG:4326
GoA2019_Stn18:cast1:niskin:100:T404,GoA2019_Stn18:cast1:niskin:100,NA,NA,NA,NA,NA,NA,subsample,Event,EPSG:4326
GoA2019_Stn18:cast1:niskin:150:T451,GoA2019_Stn18:cast1:niskin:150,NA,NA,NA,NA,NA,NA,subsample,Event,EPSG:4326
GoA2019_Stn19:cast1:niskin:0:T295,GoA2019_Stn19:cast1:niskin:0,NA,NA,NA,NA,NA,NA,subsample,Event,EPSG:4326
GoA2019_Stn19:cast1:niskin:25:T42,GoA2019_Stn19:cast1:niskin:25,NA,NA,NA,NA,NA,NA,subsample,Event,EPSG:4326
GoA2019_Stn19:cast1:niskin:50:T302,GoA2019_Stn19:cast1:niskin:50,NA,NA,NA,NA,NA,NA,subsample,Event,EPSG:4326
GoA2019_Stn19:cast1:niskin:75:T76,GoA2019_Stn19:cast1:niskin:75,NA,NA,NA,NA,NA,NA,subsample,Event,EPSG:4326
GoA2019_Stn19:cast1:niskin:100:T283,GoA2019_Stn19:cast1:niskin:100,NA,NA,NA,NA,NA,NA,subsample,Event,EPSG:4326
GoA2019_Stn19:cast1:niskin:150:T481,GoA2019_Stn19:cast1:niskin:150,NA,NA,NA,NA,NA,NA,subsample,Event,EPSG:4326
GoA2019_Stn20:cast1:niskin:0:T463,GoA2019_Stn20:cast1:niskin:0,NA,NA,NA,NA,NA,NA,subsample,Event,EPSG:4326
GoA2019_Stn20:cast1:niskin:25:T407,GoA2019_Stn20:cast1:niskin:25,NA,NA,NA,NA,NA,NA,subsample,Event,EPSG:4326
GoA2019_Stn20:cast1:niskin:50:T240,GoA2019_Stn20:cast1:niskin:50,NA,NA,NA,NA,NA,NA,subsample,Event,EPSG:4326
GoA2019_Stn20:cast1:niskin:75:T822,GoA2019_Stn20:cast1:niskin:75,NA,NA,NA,NA,NA,NA,subsample,Event,EPSG:4326
GoA2019_Stn20:cast1:niskin:100:T279,GoA2019_Stn20:cast1:niskin:100,NA,NA,NA,NA,NA,NA,subsample,Event,EPSG:4326
GoA2019_Stn20:cast1:niskin:150:T236,GoA2019_Stn20:cast1:niskin:150,NA,NA,NA,NA,NA,NA,subsample,Event,EPSG:4326
GoA2019_Stn21:cast1:niskin:0:T380,GoA2019_Stn21:cast1:niskin:0,NA,NA,NA,NA,NA,NA,subsample,Event,EPSG:4326
GoA2019_Stn21:cast1:niskin:25:T196,GoA2019_Stn21:cast1:niskin:25,NA,NA,NA,NA,NA,NA,subsample,Event,EPSG:4326
GoA2019_Stn21:cast1:niskin:50:T368,GoA2019_Stn21:cast1:niskin:50,NA,NA,NA,NA,NA,NA,subsample,Event,EPSG:4326
GoA2019_Stn21:cast1:niskin:75:T313,GoA2019_Stn21:cast1:niskin:75,NA,NA,NA,NA,NA,NA,subsample,Event,EPSG:4326
GoA2019_Stn21:cast1:niskin:100:T353,GoA2019_Stn21:cast1:niskin:100,NA,NA,NA,NA,NA,NA,subsample,Event,EPSG:4326
GoA2019_Stn21:cast1:niskin:150:T187,GoA2019_Stn21:cast1:niskin:150,NA,NA,NA,NA,NA,NA,subsample,Event,EPSG:4326
GoA2019_Stn22:cast1:niskin:0:T191,GoA2019_Stn22:cast1:niskin:0,NA,NA,NA,NA,NA,NA,subsample,Event,EPSG:4326
GoA2019_Stn22:cast1:niskin:25:T322,GoA2019_Stn22:cast1:niskin:25,NA,NA,NA,NA,NA,NA,subsample,Event,EPSG:4326
GoA2019_Stn22:cast1:niskin:50:T167,GoA2019_Stn22:cast1:niskin:50,NA,NA,NA,NA,NA,NA,subsample,Event,EPSG:4326
GoA2019_Stn22:cast1:niskin:75:T161,GoA2019_Stn22:cast1:niskin:75,NA,NA,NA,NA,NA,NA,subsample,Event,EPSG:4326
GoA2019_Stn22:cast1:niskin:100:T186,GoA2019_Stn22:cast1:niskin:100,NA,NA,NA,NA,NA,NA,subsample,Event,EPSG:4326
GoA2019_Stn22:cast1:niskin:150:T394,GoA2019_Stn22:cast1:niskin:150,NA,NA,NA,NA,NA,NA,subsample,Event,EPSG:4326
GoA2019_Stn23:cast1:niskin:0:T336,GoA2019_Stn23:cast1:niskin:0,NA,NA,NA,NA,NA,NA,subsample,Event,EPSG:4326
GoA2019_Stn23:cast1:niskin:25:T317,GoA2019_Stn23:cast1:niskin:25,NA,NA,NA,NA,NA,NA,subsample,Event,EPSG:4326
GoA2019_Stn23:cast1:niskin:50:T165,GoA2019_Stn23:cast1:niskin:50,NA,NA,NA,NA,NA,NA,subsample,Event,EPSG:4326
GoA2019_Stn23:cast1:niskin:75:T138,GoA2019_Stn23:cast1:niskin:75,NA,NA,NA,NA,NA,NA,subsample,Event,EPSG:4326
GoA2019_Stn23:cast1:niskin:100:T383,GoA2019_Stn23:cast1:niskin:100,NA,NA,NA,NA,NA,NA,subsample,Event,EPSG:4326
GoA2019_Stn23:cast1:niskin:150:T190,GoA2019_Stn23:cast1:niskin:150,NA,NA,NA,NA,NA,NA,subsample,Event,EPSG:4326
GoA2019_Stn24:cast1:niskin:0:T357,GoA2019_Stn24:cast1:niskin:0,NA,NA,NA,NA,NA,NA,subsample,Event,EPSG:4326
GoA2019_Stn24:cast1:niskin:25:T335,GoA2019_Stn24:cast1:niskin:25,NA,NA,NA,NA,NA,NA,subsample,Event,EPSG:4326
GoA2019_Stn24:cast1:niskin:50:T177,GoA2019_Stn24:cast1:niskin:50,NA,NA,NA,NA,NA,NA,subsample,Event,EPSG:4326
GoA2019_Stn24:cast1:niskin:75:T192,GoA2019_Stn24:cast1:niskin:75,NA,NA,NA,NA,NA,NA,subsample,Event,EPSG:4326
GoA2019_Stn24:cast1:niskin:100:T151,GoA2019_Stn24:cast1:niskin:100,NA,NA,NA,NA,NA,NA,subsample,Event,EPSG:4326
GoA2019_Stn24:cast1:niskin:150:T179,GoA2019_Stn24:cast1:niskin:150,NA,NA,NA,NA,NA,NA,subsample,Event,EPSG:4326
GoA2019_Stn25:cast1:niskin:0:T327,GoA2019_Stn25:cast1:niskin:0,NA,NA,NA,NA,NA,NA,subsample,Event,EPSG:4326
GoA2019_Stn25:cast1:niskin:25:T398,GoA2019_Stn25:cast1:niskin:25,NA,NA,NA,NA,NA,NA,subsample,Event,EPSG:4326
GoA2019_Stn25:cast1:niskin:50:T334,GoA2019_Stn25:cast1:niskin:50,NA,NA,NA,NA,NA,NA,subsample,Event,EPSG:4326
GoA2019_Stn25:cast1:niskin:75:T330,GoA2019_Stn25:cast1:niskin:75,NA,NA,NA,NA,NA,NA,subsample,Event,EPSG:4326
GoA2019_Stn25:cast1:niskin:100:T148,GoA2019_Stn25:cast1:niskin:100,NA,NA,NA,NA,NA,NA,subsample,Event,EPSG:4326
GoA2019_Stn25:cast1:niskin:150:T318,GoA2019_Stn25:cast1:niskin:150,NA,NA,NA,NA,NA,NA,subsample,Event,EPSG:4326
GoA2019_Stn26:cast1:niskin:0:T163,GoA2019_Stn26:cast1:niskin:0,NA,NA,NA,NA,NA,NA,subsample,Event,EPSG:4326
GoA2019_Stn26:cast1:niskin:25:T157,GoA2019_Stn26:cast1:niskin:25,NA,NA,NA,NA,NA,NA,subsample,Event,EPSG:4326
GoA2019_Stn26:cast1:niskin:50:T199,GoA2019_Stn26:cast1:niskin:50,NA,NA,NA,NA,NA,NA,subsample,Event,EPSG:4326
GoA2019_Stn26:cast1:niskin:75:T320,GoA2019_Stn26:cast1:niskin:75,NA,NA,NA,NA,NA,NA,subsample,Event,EPSG:4326
GoA2019_Stn26:cast1:niskin:100:T324,GoA2019_Stn26:cast1:niskin:100,NA,NA,NA,NA,NA,NA,subsample,Event,EPSG:4326
GoA2019_Stn26:cast1:niskin:150:T183,GoA2019_Stn26:cast1:niskin:150,NA,NA,NA,NA,NA,NA,subsample,Event,EPSG:4326
GoA2019_Stn27:cast1:niskin:0:T307,GoA2019_Stn27:cast1:niskin:0,NA,NA,NA,NA,NA,NA,subsample,Event,EPSG:4326
GoA2019_Stn27:cast1:niskin:25:T385,GoA2019_Stn27:cast1:niskin:25,NA,NA,NA,NA,NA,NA,subsample,Event,EPSG:4326
GoA2019_Stn27:cast1:niskin:50:T172,GoA2019_Stn27:cast1:niskin:50,NA,NA,NA,NA,NA,NA,subsample,Event,EPSG:4326
GoA2019_Stn27:cast1:niskin:75:T341,GoA2019_Stn27:cast1:niskin:75,NA,NA,NA,NA,NA,NA,subsample,Event,EPSG:4326
GoA2019_Stn27:cast1:niskin:100:T182,GoA2019_Stn27:cast1:niskin:100,NA,NA,NA,NA,NA,NA,subsample,Event,EPSG:4326
GoA2019_Stn27:cast1:niskin:150:T156,GoA2019_Stn27:cast1:niskin:150,NA,NA,NA,NA,NA,NA,subsample,Event,EPSG:4326
GoA2019_Stn28:cast1:niskin:0:T195,GoA2019_Stn28:cast1:niskin:0,NA,NA,NA,NA,NA,NA,subsample,Event,EPSG:4326
GoA2019_Stn28:cast1:niskin:25:T155,GoA2019_Stn28:cast1:niskin:25,NA,NA,NA,NA,NA,NA,subsample,Event,EPSG:4326
GoA2019_Stn28:cast1:niskin:50:T337,GoA2019_Stn28:cast1:niskin:50,NA,NA,NA,NA,NA,NA,subsample,Event,EPSG:4326
GoA2019_Stn28:cast1:niskin:75:T178,GoA2019_Stn28:cast1:niskin:75,NA,NA,NA,NA,NA,NA,subsample,Event,EPSG:4326
GoA2019_Stn28:cast1:niskin:100:T188,GoA2019_Stn28:cast1:niskin:100,NA,NA,NA,NA,NA,NA,subsample,Event,EPSG:4326
GoA2019_Stn28:cast1:niskin:150:T393,GoA2019_Stn28:cast1:niskin:150,NA,NA,NA,NA,NA,NA,subsample,Event,EPSG:4326
GoA2019_Stn29:cast1:niskin:0:T237,GoA2019_Stn29:cast1:niskin:0,NA,NA,NA,NA,NA,NA,subsample,Event,EPSG:4326
GoA2019_Stn29:cast1:niskin:25:T498,GoA2019_Stn29:cast1:niskin:25,NA,NA,NA,NA,NA,NA,subsample,Event,EPSG:4326
GoA2019_Stn29:cast1:niskin:50:T69,GoA2019_Stn29:cast1:niskin:50,NA,NA,NA,NA,NA,NA,subsample,Event,EPSG:4326
GoA2019_Stn29:cast1:niskin:75:T68,GoA2019_Stn29:cast1:niskin:75,NA,NA,NA,NA,NA,NA,subsample,Event,EPSG:4326
GoA2019_Stn29:cast1:niskin:100:T131,GoA2019_Stn29:cast1:niskin:100,NA,NA,NA,NA,NA,NA,subsample,Event,EPSG:4326
GoA2019_Stn29:cast1:niskin:150:T821,GoA2019_Stn29:cast1:niskin:150,NA,NA,NA,NA,NA,NA,subsample,Event,EPSG:4326
GoA2019_Stn30:cast1:niskin:0:T343,GoA2019_Stn30:cast1:niskin:0,NA,NA,NA,NA,NA,NA,subsample,Event,EPSG:4326
GoA2019_Stn30:cast1:niskin:25:T210,GoA2019_Stn30:cast1:niskin:25,NA,NA,NA,NA,NA,NA,subsample,Event,EPSG:4326
GoA2019_Stn30:cast1:niskin:50:T299,GoA2019_Stn30:cast1:niskin:50,NA,NA,NA,NA,NA,NA,subsample,Event,EPSG:4326
GoA2019_Stn30:cast1:niskin:75:T845,GoA2019_Stn30:cast1:niskin:75,NA,NA,NA,NA,NA,NA,subsample,Event,EPSG:4326
GoA2019_Stn30:cast1:niskin:100:T31,GoA2019_Stn30:cast1:niskin:100,NA,NA,NA,NA,NA,NA,subsample,Event,EPSG:4326
GoA2019_Stn30:cast1:niskin:150:T249,GoA2019_Stn30:cast1:niskin:150,NA,NA,NA,NA,NA,NA,subsample,Event,EPSG:4326
GoA2019_Stn31:cast1:niskin:0:T470,GoA2019_Stn31:cast1:niskin:0,NA,NA,NA,NA,NA,NA,subsample,Event,EPSG:4326
GoA2019_Stn31:cast1:niskin:25:T502,GoA2019_Stn31:cast1:niskin:25,NA,NA,NA,NA,NA,NA,subsample,Event,EPSG:4326
GoA2019_Stn31:cast1:niskin:50:T67,GoA2019_Stn31:cast1:niskin:50,NA,NA,NA,NA,NA,NA,subsample,Event,EPSG:4326
GoA2019_Stn31:cast1:niskin:75:T830,GoA2019_Stn31:cast1:niskin:75,NA,NA,NA,NA,NA,NA,subsample,Event,EPSG:4326
GoA2019_Stn31:cast1:niskin:100:T204,GoA2019_Stn31:cast1:niskin:100,NA,NA,NA,NA,NA,NA,subsample,Event,EPSG:4326
GoA2019_Stn31:cast1:niskin:150:T77,GoA2019_Stn31:cast1:niskin:150,NA,NA,NA,NA,NA,NA,subsample,Event,EPSG:4326
GoA2019_Stn32:cast1:niskin:0:T220,GoA2019_Stn32:cast1:niskin:0,NA,NA,NA,NA,NA,NA,subsample,Event,EPSG:4326
GoA2019_Stn32:cast1:niskin:25:T235,GoA2019_Stn32:cast1:niskin:25,NA,NA,NA,NA,NA,NA,subsample,Event,EPSG:4326
GoA2019_Stn32:cast1:niskin:50:T303,GoA2019_Stn32:cast1:niskin:50,NA,NA,NA,NA,NA,NA,subsample,Event,EPSG:4326
GoA2019_Stn32:cast1:niskin:75:T292,GoA2019_Stn32:cast1:niskin:75,NA,NA,NA,NA,NA,NA,subsample,Event,EPSG:4326
GoA2019_Stn32:cast1:niskin:100:T1312,GoA2019_Stn32:cast1:niskin:100,NA,NA,NA,NA,NA,NA,subsample,Event,EPSG:4326
GoA2019_Stn32:cast1:niskin:150:T809,GoA2019_Stn32:cast1:niskin:150,NA,NA,NA,NA,NA,NA,subsample,Event,EPSG:4326
GoA2019_Stn33:cast1:niskin:0:T226,GoA2019_Stn33:cast1:niskin:0,NA,NA,NA,NA,NA,NA,subsample,Event,EPSG:4326
GoA2019_Stn33:cast1:niskin:25:T436,GoA2019_Stn33:cast1:niskin:25,NA,NA,NA,NA,NA,NA,subsample,Event,EPSG:4326
GoA2019_Stn33:cast1:niskin:50:T95,GoA2019_Stn33:cast1:niskin:50,NA,NA,NA,NA,NA,NA,subsample,Event,EPSG:4326
GoA2019_Stn33:cast1:niskin:75:T216,GoA2019_Stn33:cast1:niskin:75,NA,NA,NA,NA,NA,NA,subsample,Event,EPSG:4326
GoA2019_Stn33:cast1:niskin:100:T227,GoA2019_Stn33:cast1:niskin:100,NA,NA,NA,NA,NA,NA,subsample,Event,EPSG:4326
GoA2019_Stn33:cast1:niskin:150:T417,GoA2019_Stn33:cast1:niskin:150,NA,NA,NA,NA,NA,NA,subsample,Event,EPSG:4326
GoA2019_Stn34:cast1:niskin:0:T400,GoA2019_Stn34:cast1:niskin:0,NA,NA,NA,NA,NA,NA,subsample,Event,EPSG:4326
GoA2019_Stn34:cast1:niskin:25:T426,GoA2019_Stn34:cast1:niskin:25,NA,NA,NA,NA,NA,NA,subsample,Event,EPSG:4326
GoA2019_Stn34:cast1:niskin:50:T41,GoA2019_Stn34:cast1:niskin:50,NA,NA,NA,NA,NA,NA,subsample,Event,EPSG:4326
GoA2019_Stn34:cast1:niskin:75:T265,GoA2019_Stn34:cast1:niskin:75,NA,NA,NA,NA,NA,NA,subsample,Event,EPSG:4326
GoA2019_Stn34:cast1:niskin:100:T108,GoA2019_Stn34:cast1:niskin:100,NA,NA,NA,NA,NA,NA,subsample,Event,EPSG:4326
GoA2019_Stn34:cast1:niskin:150:T56,GoA2019_Stn34:cast1:niskin:150,NA,NA,NA,NA,NA,NA,subsample,Event,EPSG:4326
GoA2019_Stn35:cast1:niskin:0:T483,GoA2019_Stn35:cast1:niskin:0,NA,NA,NA,NA,NA,NA,subsample,Event,EPSG:4326
GoA2019_Stn35:cast1:niskin:25:T492,GoA2019_Stn35:cast1:niskin:25,NA,NA,NA,NA,NA,NA,subsample,Event,EPSG:4326
GoA2019_Stn35:cast1:niskin:50:T40,GoA2019_Stn35:cast1:niskin:50,NA,NA,NA,NA,NA,NA,subsample,Event,EPSG:4326
GoA2019_Stn35:cast1:niskin:75:T2,GoA2019_Stn35:cast1:niskin:75,NA,NA,NA,NA,NA,NA,subsample,Event,EPSG:4326
GoA2019_Stn35:cast1:niskin:100:T485,GoA2019_Stn35:cast1:niskin:100,NA,NA,NA,NA,NA,NA,subsample,Event,EPSG:4326
GoA2019_Stn35:cast1:niskin:150:T63,GoA2019_Stn35:cast1:niskin:150,NA,NA,NA,NA,NA,NA,subsample,Event,EPSG:4326
GoA2019_Stn36:cast1:niskin:0:T264,GoA2019_Stn36:cast1:niskin:0,NA,NA,NA,NA,NA,NA,subsample,Event,EPSG:4326
GoA2019_Stn36:cast1:niskin:25:T444,GoA2019_Stn36:cast1:niskin:25,NA,NA,NA,NA,NA,NA,subsample,Event,EPSG:4326
GoA2019_Stn36:cast1:niskin:50:T419,GoA2019_Stn36:cast1:niskin:50,NA,NA,NA,NA,NA,NA,subsample,Event,EPSG:4326
GoA2019_Stn36:cast1:niskin:75:T54,GoA2019_Stn36:cast1:niskin:75,NA,NA,NA,NA,NA,NA,subsample,Event,EPSG:4326
GoA2019_Stn36:cast1:niskin:100:T818,GoA2019_Stn36:cast1:niskin:100,NA,NA,NA,NA,NA,NA,subsample,Event,EPSG:4326
GoA2019_Stn36:cast1:niskin:150:T59,GoA2019_Stn36:cast1:niskin:150,NA,NA,NA,NA,NA,NA,subsample,Event,EPSG:4326
GoA2019_Stn37:cast1:niskin:0:T411,GoA2019_Stn37:cast1:niskin:0,NA,NA,NA,NA,NA,NA,subsample,Event,EPSG:4326
GoA2019_Stn37:cast1:niskin:25:T75,GoA2019_Stn37:cast1:niskin:25,NA,NA,NA,NA,NA,NA,subsample,Event,EPSG:4326
GoA2019_Stn37:cast1:niskin:50:T471,GoA2019_Stn37:cast1:niskin:50,NA,NA,NA,NA,NA,NA,subsample,Event,EPSG:4326
GoA2019_Stn37:cast1:niskin:75:T450,GoA2019_Stn37:cast1:niskin:75,NA,NA,NA,NA,NA,NA,subsample,Event,EPSG:4326
GoA2019_Stn37:cast1:niskin:100:T66,GoA2019_Stn37:cast1:niskin:100,NA,NA,NA,NA,NA,NA,subsample,Event,EPSG:4326
GoA2019_Stn37:cast1:niskin:150:T78,GoA2019_Stn37:cast1:niskin:150,NA,NA,NA,NA,NA,NA,subsample,Event,EPSG:4326
GoA2019_Stn38:cast1:niskin:0:T491,GoA2019_Stn38:cast1:niskin:0,NA,NA,NA,NA,NA,NA,subsample,Event,EPSG:4326
GoA2019_Stn38:cast1:niskin:25:T25,GoA2019_Stn38:cast1:niskin:25,NA,NA,NA,NA,NA,NA,subsample,Event,EPSG:4326
GoA2019_Stn38:cast1:niskin:50:T270,GoA2019_Stn38:cast1:niskin:50,NA,NA,NA,NA,NA,NA,subsample,Event,EPSG:4326
GoA2019_Stn38:cast1:niskin:75:T844,GoA2019_Stn38:cast1:niskin:75,NA,NA,NA,NA,NA,NA,subsample,Event,EPSG:4326
GoA2019_Stn38:cast1:niskin:100:T23,GoA2019_Stn38:cast1:niskin:100,NA,NA,NA,NA,NA,NA,subsample,Event,EPSG:4326
GoA2019_Stn38:cast1:niskin:150:T222,GoA2019_Stn38:cast1:niskin:150,NA,NA,NA,NA,NA,NA,subsample,Event,EPSG:4326
GoA2019_Stn39:cast1:niskin:0:T65,GoA2019_Stn39:cast1:niskin:0,NA,NA,NA,NA,NA,NA,subsample,Event,EPSG:4326
GoA2019_Stn39:cast1:niskin:25:T36,GoA2019_Stn39:cast1:niskin:25,NA,NA,NA,NA,NA,NA,subsample,Event,EPSG:4326
GoA2019_Stn39:cast1:niskin:50:T831,GoA2019_Stn39:cast1:niskin:50,NA,NA,NA,NA,NA,NA,subsample,Event,EPSG:4326
GoA2019_Stn39:cast1:niskin:75:T504,GoA2019_Stn39:cast1:niskin:75,NA,NA,NA,NA,NA,NA,subsample,Event,EPSG:4326
GoA2019_Stn39:cast1:niskin:100:T810,GoA2019_Stn39:cast1:niskin:100,NA,NA,NA,NA,NA,NA,subsample,Event,EPSG:4326
GoA2019_Stn39:cast1:niskin:150:T410,GoA2019_Stn39:cast1:niskin:150,NA,NA,NA,NA,NA,NA,subsample,Event,EPSG:4326
GoA2019_Stn40:cast1:niskin:0:T97,GoA2019_Stn40:cast1:niskin:0,NA,NA,NA,NA,NA,NA,subsample,Event,EPSG:4326
GoA2019_Stn40:cast1:niskin:25:T839,GoA2019_Stn40:cast1:niskin:25,NA,NA,NA,NA,NA,NA,subsample,Event,EPSG:4326
GoA2019_Stn40:cast1:niskin:50:T243,GoA2019_Stn40:cast1:niskin:50,NA,NA,NA,NA,NA,NA,subsample,Event,EPSG:4326
GoA2019_Stn40:cast1:niskin:75:T15,GoA2019_Stn40:cast1:niskin:75,NA,NA,NA,NA,NA,NA,subsample,Event,EPSG:4326
GoA2019_Stn40:cast1:niskin:100:T408,GoA2019_Stn40:cast1:niskin:100,NA,NA,NA,NA,NA,NA,subsample,Event,EPSG:4326
GoA2019_Stn40:cast1:niskin:150:T422,GoA2019_Stn40:cast1:niskin:150,NA,NA,NA,NA,NA,NA,subsample,Event,EPSG:4326
GoA2019_Stn41:cast1:niskin:0:T405,GoA2019_Stn41:cast1:niskin:0,NA,NA,NA,NA,NA,NA,subsample,Event,EPSG:4326
GoA2019_Stn41:cast1:niskin:25:T503,GoA2019_Stn41:cast1:niskin:25,NA,NA,NA,NA,NA,NA,subsample,Event,EPSG:4326
GoA2019_Stn41:cast1:niskin:50:T35,GoA2019_Stn41:cast1:niskin:50,NA,NA,NA,NA,NA,NA,subsample,Event,EPSG:4326
GoA2019_Stn41:cast1:niskin:75:T406,GoA2019_Stn41:cast1:niskin:75,NA,NA,NA,NA,NA,NA,subsample,Event,EPSG:4326
GoA2019_Stn41:cast1:niskin:100:T289,GoA2019_Stn41:cast1:niskin:100,NA,NA,NA,NA,NA,NA,subsample,Event,EPSG:4326
GoA2019_Stn41:cast1:niskin:150:T832,GoA2019_Stn41:cast1:niskin:150,NA,NA,NA,NA,NA,NA,subsample,Event,EPSG:4326
GoA2019_Stn42:cast1:niskin:0:T249,GoA2019_Stn42:cast1:niskin:0,NA,NA,NA,NA,NA,NA,subsample,Event,EPSG:4326
GoA2019_Stn42:cast1:niskin:25:T299,GoA2019_Stn42:cast1:niskin:25,NA,NA,NA,NA,NA,NA,subsample,Event,EPSG:4326
GoA2019_Stn42:cast1:niskin:50:T69,GoA2019_Stn42:cast1:niskin:50,NA,NA,NA,NA,NA,NA,subsample,Event,EPSG:4326
GoA2019_Stn42:cast1:niskin:75:T30,GoA2019_Stn42:cast1:niskin:75,NA,NA,NA,NA,NA,NA,subsample,Event,EPSG:4326
GoA2019_Stn42:cast1:niskin:100:T498,GoA2019_Stn42:cast1:niskin:100,NA,NA,NA,NA,NA,NA,subsample,Event,EPSG:4326
GoA2019_Stn42:cast1:niskin:150:T131,GoA2019_Stn42:cast1:niskin:150,NA,NA,NA,NA,NA,NA,subsample,Event,EPSG:4326
GoA2019_Stn43:cast1:niskin:0:T23,GoA2019_Stn43:cast1:niskin:0,NA,NA,NA,NA,NA,NA,subsample,Event,EPSG:4326
GoA2019_Stn43:cast1:niskin:25:T845,GoA2019_Stn43:cast1:niskin:25,NA,NA,NA,NA,NA,NA,subsample,Event,EPSG:4326
GoA2019_Stn43:cast1:niskin:50:T210,GoA2019_Stn43:cast1:niskin:50,NA,NA,NA,NA,NA,NA,subsample,Event,EPSG:4326
GoA2019_Stn43:cast1:niskin:75:T255,GoA2019_Stn43:cast1:niskin:75,NA,NA,NA,NA,NA,NA,subsample,Event,EPSG:4326
GoA2019_Stn43:cast1:niskin:100:T87,GoA2019_Stn43:cast1:niskin:100,NA,NA,NA,NA,NA,NA,subsample,Event,EPSG:4326
GoA2019_Stn43:cast1:niskin:150:T821,GoA2019_Stn43:cast1:niskin:150,NA,NA,NA,NA,NA,NA,subsample,Event,EPSG:4326
GoA2019_Stn44:cast1:niskin:0:T187,GoA2019_Stn44:cast1:niskin:0,NA,NA,NA,NA,NA,NA,subsample,Event,EPSG:4326
GoA2019_Stn44:cast1:niskin:25:T469,GoA2019_Stn44:cast1:niskin:25,NA,NA,NA,NA,NA,NA,subsample,Event,EPSG:4326
GoA2019_Stn44:cast1:niskin:50:T31,GoA2019_Stn44:cast1:niskin:50,NA,NA,NA,NA,NA,NA,subsample,Event,EPSG:4326
GoA2019_Stn44:cast1:niskin:75:T486,GoA2019_Stn44:cast1:niskin:75,NA,NA,NA,NA,NA,NA,subsample,Event,EPSG:4326
GoA2019_Stn44:cast1:niskin:100:T8,GoA2019_Stn44:cast1:niskin:100,NA,NA,NA,NA,NA,NA,subsample,Event,EPSG:4326
GoA2019_Stn44:cast1:niskin:150:T237,GoA2019_Stn44:cast1:niskin:150,NA,NA,NA,NA,NA,NA,subsample,Event,EPSG:4326
GoA2019_Stn45:cast1:niskin:0:T108,GoA2019_Stn45:cast1:niskin:0,NA,NA,NA,NA,NA,NA,subsample,Event,EPSG:4326
GoA2019_Stn45:cast1:niskin:25:T59,GoA2019_Stn45:cast1:niskin:25,NA,NA,NA,NA,NA,NA,subsample,Event,EPSG:4326
GoA2019_Stn45:cast1:niskin:50:T303,GoA2019_Stn45:cast1:niskin:50,NA,NA,NA,NA,NA,NA,subsample,Event,EPSG:4326
GoA2019_Stn45:cast1:niskin:75:T483,GoA2019_Stn45:cast1:niskin:75,NA,NA,NA,NA,NA,NA,subsample,Event,EPSG:4326
GoA2019_Stn45:cast1:niskin:100:T2,GoA2019_Stn45:cast1:niskin:100,NA,NA,NA,NA,NA,NA,subsample,Event,EPSG:4326
GoA2019_Stn45:cast1:niskin:150:T40,GoA2019_Stn45:cast1:niskin:150,NA,NA,NA,NA,NA,NA,subsample,Event,EPSG:4326
GoA2019_Stn46:cast1:niskin:0:T235,GoA2019_Stn46:cast1:niskin:0,NA,NA,NA,NA,NA,NA,subsample,Event,EPSG:4326
GoA2019_Stn46:cast1:niskin:25:T264,GoA2019_Stn46:cast1:niskin:25,NA,NA,NA,NA,NA,NA,subsample,Event,EPSG:4326
GoA2019_Stn46:cast1:niskin:50:T67,GoA2019_Stn46:cast1:niskin:50,NA,NA,NA,NA,NA,NA,subsample,Event,EPSG:4326
GoA2019_Stn46:cast1:niskin:75:T444,GoA2019_Stn46:cast1:niskin:75,NA,NA,NA,NA,NA,NA,subsample,Event,EPSG:4326
GoA2019_Stn46:cast1:niskin:100:T400,GoA2019_Stn46:cast1:niskin:100,NA,NA,NA,NA,NA,NA,subsample,Event,EPSG:4326
GoA2019_Stn46:cast1:niskin:150:T298,GoA2019_Stn46:cast1:niskin:150,NA,NA,NA,NA,NA,NA,subsample,Event,EPSG:4326
GoA2019_Stn47:cast1:niskin:0:T485,GoA2019_Stn47:cast1:niskin:0,NA,NA,NA,NA,NA,NA,subsample,Event,EPSG:4326
GoA2019_Stn47:cast1:niskin:25:T204,GoA2019_Stn47:cast1:niskin:25,NA,NA,NA,NA,NA,NA,subsample,Event,EPSG:4326
GoA2019_Stn47:cast1:niskin:50:T809,GoA2019_Stn47:cast1:niskin:50,NA,NA,NA,NA,NA,NA,subsample,Event,EPSG:4326
GoA2019_Stn47:cast1:niskin:75:T52,GoA2019_Stn47:cast1:niskin:75,NA,NA,NA,NA,NA,NA,subsample,Event,EPSG:4326
GoA2019_Stn47:cast1:niskin:100:T818,GoA2019_Stn47:cast1:niskin:100,NA,NA,NA,NA,NA,NA,subsample,Event,EPSG:4326
GoA2019_Stn47:cast1:niskin:150:T75,GoA2019_Stn47:cast1:niskin:150,NA,NA,NA,NA,NA,NA,subsample,Event,EPSG:4326
GoA2019_Stn48:cast1:niskin:0:T277,GoA2019_Stn48:cast1:niskin:0,NA,NA,NA,NA,NA,NA,subsample,Event,EPSG:4326
GoA2019_Stn48:cast1:niskin:25:T436,GoA2019_Stn48:cast1:niskin:25,NA,NA,NA,NA,NA,NA,subsample,Event,EPSG:4326
GoA2019_Stn48:cast1:niskin:50:T292,GoA2019_Stn48:cast1:niskin:50,NA,NA,NA,NA,NA,NA,subsample,Event,EPSG:4326
GoA2019_Stn48:cast1:niskin:75:T42,GoA2019_Stn48:cast1:niskin:75,NA,NA,NA,NA,NA,NA,subsample,Event,EPSG:4326
GoA2019_Stn48:cast1:niskin:100:T283,GoA2019_Stn48:cast1:niskin:100,NA,NA,NA,NA,NA,NA,subsample,Event,EPSG:4326
GoA2019_Stn48:cast1:niskin:150:T265,GoA2019_Stn48:cast1:niskin:150,NA,NA,NA,NA,NA,NA,subsample,Event,EPSG:4326
GoA2019_Stn49:cast1:niskin:0:T63,GoA2019_Stn49:cast1:niskin:0,NA,NA,NA,NA,NA,NA,subsample,Event,EPSG:4326
GoA2019_Stn49:cast1:niskin:25:T253,GoA2019_Stn49:cast1:niskin:25,NA,NA,NA,NA,NA,NA,subsample,Event,EPSG:4326
GoA2019_Stn49:cast1:niskin:50:T77,GoA2019_Stn49:cast1:niskin:50,NA,NA,NA,NA,NA,NA,subsample,Event,EPSG:4326
GoA2019_Stn49:cast1:niskin:75:T450,GoA2019_Stn49:cast1:niskin:75,NA,NA,NA,NA,NA,NA,subsample,Event,EPSG:4326
GoA2019_Stn49:cast1:niskin:100:T226,GoA2019_Stn49:cast1:niskin:100,NA,NA,NA,NA,NA,NA,subsample,Event,EPSG:4326
GoA2019_Stn49:cast1:niskin:150:T822,GoA2019_Stn49:cast1:niskin:150,NA,NA,NA,NA,NA,NA,subsample,Event,EPSG:4326
GoA2019_Stn50:cast1:niskin:0:T470,GoA2019_Stn50:cast1:niskin:0,NA,NA,NA,NA,NA,NA,subsample,Event,EPSG:4326
GoA2019_Stn50:cast1:niskin:25:T91,GoA2019_Stn50:cast1:niskin:25,NA,NA,NA,NA,NA,NA,subsample,Event,EPSG:4326
GoA2019_Stn50:cast1:niskin:50:T56,GoA2019_Stn50:cast1:niskin:50,NA,NA,NA,NA,NA,NA,subsample,Event,EPSG:4326
GoA2019_Stn50:cast1:niskin:75:T404,GoA2019_Stn50:cast1:niskin:75,NA,NA,NA,NA,NA,NA,subsample,Event,EPSG:4326
GoA2019_Stn50:cast1:niskin:100:T66,GoA2019_Stn50:cast1:niskin:100,NA,NA,NA,NA,NA,NA,subsample,Event,EPSG:4326
GoA2019_Stn50:cast1:niskin:150:T426,GoA2019_Stn50:cast1:niskin:150,NA,NA,NA,NA,NA,NA,subsample,Event,EPSG:4326
GoA2019_Stn51:cast1:niskin:0:T76,GoA2019_Stn51:cast1:niskin:0,NA,NA,NA,NA,NA,NA,subsample,Event,EPSG:4326
GoA2019_Stn51:cast1:niskin:25:T302,GoA2019_Stn51:cast1:niskin:25,NA,NA,NA,NA,NA,NA,subsample,Event,EPSG:4326
GoA2019_Stn51:cast1:niskin:50:T54,GoA2019_Stn51:cast1:niskin:50,NA,NA,NA,NA,NA,NA,subsample,Event,EPSG:4326
GoA2019_Stn51:cast1:niskin:75:T247,GoA2019_Stn51:cast1:niskin:75,NA,NA,NA,NA,NA,NA,subsample,Event,EPSG:4326
GoA2019_Stn51:cast1:niskin:100:T220,GoA2019_Stn51:cast1:niskin:100,NA,NA,NA,NA,NA,NA,subsample,Event,EPSG:4326
GoA2019_Stn51:cast1:niskin:150:T95,GoA2019_Stn51:cast1:niskin:150,NA,NA,NA,NA,NA,NA,subsample,Event,EPSG:4326
GoA2019_Stn52:cast1:niskin:0:T217,GoA2019_Stn52:cast1:niskin:0,NA,NA,NA,NA,NA,NA,subsample,Event,EPSG:4326
GoA2019_Stn52:cast1:niskin:25:T474,GoA2019_Stn52:cast1:niskin:25,NA,NA,NA,NA,NA,NA,subsample,Event,EPSG:4326
GoA2019_Stn52:cast1:niskin:50:T411,GoA2019_Stn52:cast1:niskin:50,NA,NA,NA,NA,NA,NA,subsample,Event,EPSG:4326
GoA2019_Stn52:cast1:niskin:75:T446,GoA2019_Stn52:cast1:niskin:75,NA,NA,NA,NA,NA,NA,subsample,Event,EPSG:4326
GoA2019_Stn52:cast1:niskin:100:T492,GoA2019_Stn52:cast1:niskin:100,NA,NA,NA,NA,NA,NA,subsample,Event,EPSG:4326
GoA2019_Stn52:cast1:niskin:150:T49,GoA2019_Stn52:cast1:niskin:150,NA,NA,NA,NA,NA,NA,subsample,Event,EPSG:4326
GoA2019_Stn53:cast1:niskin:0:T481,GoA2019_Stn53:cast1:niskin:0,NA,NA,NA,NA,NA,NA,subsample,Event,EPSG:4326
GoA2019_Stn53:cast1:niskin:25:T256,GoA2019_Stn53:cast1:niskin:25,NA,NA,NA,NA,NA,NA,subsample,Event,EPSG:4326
GoA2019_Stn53:cast1:niskin:50:T502,GoA2019_Stn53:cast1:niskin:50,NA,NA,NA,NA,NA,NA,subsample,Event,EPSG:4326
GoA2019_Stn53:cast1:niskin:75:T258,GoA2019_Stn53:cast1:niskin:75,NA,NA,NA,NA,NA,NA,subsample,Event,EPSG:4326
GoA2019_Stn53:cast1:niskin:100:T416,GoA2019_Stn53:cast1:niskin:100,NA,NA,NA,NA,NA,NA,subsample,Event,EPSG:4326
GoA2019_Stn53:cast1:niskin:150:T78,GoA2019_Stn53:cast1:niskin:150,NA,NA,NA,NA,NA,NA,subsample,Event,EPSG:4326
GoA2019_Stn54:cast1:niskin:0:T240,GoA2019_Stn54:cast1:niskin:0,NA,NA,NA,NA,NA,NA,subsample,Event,EPSG:4326
GoA2019_Stn54:cast1:niskin:25:T451,GoA2019_Stn54:cast1:niskin:25,NA,NA,NA,NA,NA,NA,subsample,Event,EPSG:4326
GoA2019_Stn54:cast1:niskin:50:T53,GoA2019_Stn54:cast1:niskin:50,NA,NA,NA,NA,NA,NA,subsample,Event,EPSG:4326
GoA2019_Stn54:cast1:niskin:75:T1315,GoA2019_Stn54:cast1:niskin:75,NA,NA,NA,NA,NA,NA,subsample,Event,EPSG:4326
GoA2019_Stn54:cast1:niskin:100:T17,GoA2019_Stn54:cast1:niskin:100,NA,NA,NA,NA,NA,NA,subsample,Event,EPSG:4326
GoA2019_Stn54:cast1:niskin:150:T463,GoA2019_Stn54:cast1:niskin:150,NA,NA,NA,NA,NA,NA,subsample,Event,EPSG:4326
GoA2019_Stn55:cast1:niskin:0:T68,GoA2019_Stn55:cast1:niskin:0,NA,NA,NA,NA,NA,NA,subsample,Event,EPSG:4326
GoA2019_Stn55:cast1:niskin:25:T41,GoA2019_Stn55:cast1:niskin:25,NA,NA,NA,NA,NA,NA,subsample,Event,EPSG:4326
GoA2019_Stn55:cast1:niskin:50:T279,GoA2019_Stn55:cast1:niskin:50,NA,NA,NA,NA,NA,NA,subsample,Event,EPSG:4326
GoA2019_Stn55:cast1:niskin:75:T458,GoA2019_Stn55:cast1:niskin:75,NA,NA,NA,NA,NA,NA,subsample,Event,EPSG:4326
GoA2019_Stn55:cast1:niskin:100:T236,GoA2019_Stn55:cast1:niskin:100,NA,NA,NA,NA,NA,NA,subsample,Event,EPSG:4326
GoA2019_Stn55:cast1:niskin:150:T830,GoA2019_Stn55:cast1:niskin:150,NA,NA,NA,NA,NA,NA,subsample,Event,EPSG:4326
GoA2019_Stn56:cast1:niskin:0:T1312,GoA2019_Stn56:cast1:niskin:0,NA,NA,NA,NA,NA,NA,subsample,Event,EPSG:4326
GoA2019_Stn56:cast1:niskin:25:T238,GoA2019_Stn56:cast1:niskin:25,NA,NA,NA,NA,NA,NA,subsample,Event,EPSG:4326
GoA2019_Stn56:cast1:niskin:50:T904,GoA2019_Stn56:cast1:niskin:50,NA,NA,NA,NA,NA,NA,subsample,Event,EPSG:4326
GoA2019_Stn56:cast1:niskin:75:T216,GoA2019_Stn56:cast1:niskin:75,NA,NA,NA,NA,NA,NA,subsample,Event,EPSG:4326
GoA2019_Stn56:cast1:niskin:100:T1316,GoA2019_Stn56:cast1:niskin:100,NA,NA,NA,NA,NA,NA,subsample,Event,EPSG:4326
GoA2019_Stn56:cast1:niskin:150:T471,GoA2019_Stn56:cast1:niskin:150,NA,NA,NA,NA,NA,NA,subsample,Event,EPSG:4326
GoA2019_Stn57:cast1:niskin:0:T60,GoA2019_Stn57:cast1:niskin:0,NA,NA,NA,NA,NA,NA,subsample,Event,EPSG:4326
GoA2019_Stn57:cast1:niskin:25:T417,GoA2019_Stn57:cast1:niskin:25,NA,NA,NA,NA,NA,NA,subsample,Event,EPSG:4326
GoA2019_Stn57:cast1:niskin:50:T407,GoA2019_Stn57:cast1:niskin:50,NA,NA,NA,NA,NA,NA,subsample,Event,EPSG:4326
GoA2019_Stn57:cast1:niskin:75:T287,GoA2019_Stn57:cast1:niskin:75,NA,NA,NA,NA,NA,NA,subsample,Event,EPSG:4326
GoA2019_Stn57:cast1:niskin:100:T295,GoA2019_Stn57:cast1:niskin:100,NA,NA,NA,NA,NA,NA,subsample,Event,EPSG:4326
GoA2019_Stn57:cast1:niskin:150:T20,GoA2019_Stn57:cast1:niskin:150,NA,NA,NA,NA,NA,NA,subsample,Event,EPSG:4326
GoA2019_Stn58:cast1:niskin:0:T251,GoA2019_Stn58:cast1:niskin:0,NA,NA,NA,NA,NA,NA,subsample,Event,EPSG:4326
GoA2019_Stn58:cast1:niskin:25:T66,GoA2019_Stn58:cast1:niskin:25,NA,NA,NA,NA,NA,NA,subsample,Event,EPSG:4326
GoA2019_Stn58:cast1:niskin:50:T235,GoA2019_Stn58:cast1:niskin:50,NA,NA,NA,NA,NA,NA,subsample,Event,EPSG:4326
GoA2019_Stn58:cast1:niskin:75:T444,GoA2019_Stn58:cast1:niskin:75,NA,NA,NA,NA,NA,NA,subsample,Event,EPSG:4326
GoA2019_Stn58:cast1:niskin:100:T204,GoA2019_Stn58:cast1:niskin:100,NA,NA,NA,NA,NA,NA,subsample,Event,EPSG:4326
GoA2019_Stn58:cast1:niskin:150:T226,GoA2019_Stn58:cast1:niskin:150,NA,NA,NA,NA,NA,NA,subsample,Event,EPSG:4326
GoA2019_Stn59:cast1:niskin:0:T436,GoA2019_Stn59:cast1:niskin:0,NA,NA,NA,NA,NA,NA,subsample,Event,EPSG:4326
GoA2019_Stn59:cast1:niskin:25:T227,GoA2019_Stn59:cast1:niskin:25,NA,NA,NA,NA,NA,NA,subsample,Event,EPSG:4326
GoA2019_Stn59:cast1:niskin:50:T75,GoA2019_Stn59:cast1:niskin:50,NA,NA,NA,NA,NA,NA,subsample,Event,EPSG:4326
GoA2019_Stn59:cast1:niskin:75:T76,GoA2019_Stn59:cast1:niskin:75,NA,NA,NA,NA,NA,NA,subsample,Event,EPSG:4326
GoA2019_Stn59:cast1:niskin:100:T818,GoA2019_Stn59:cast1:niskin:100,NA,NA,NA,NA,NA,NA,subsample,Event,EPSG:4326
GoA2019_Stn59:cast1:niskin:150:T220,GoA2019_Stn59:cast1:niskin:150,NA,NA,NA,NA,NA,NA,subsample,Event,EPSG:4326
GoA2019_Stn60:cast1:niskin:0:T283,GoA2019_Stn60:cast1:niskin:0,NA,NA,NA,NA,NA,NA,subsample,Event,EPSG:4326
GoA2019_Stn60:cast1:niskin:25:T450,GoA2019_Stn60:cast1:niskin:25,NA,NA,NA,NA,NA,NA,subsample,Event,EPSG:4326
GoA2019_Stn60:cast1:niskin:50:T87,GoA2019_Stn60:cast1:niskin:50,NA,NA,NA,NA,NA,NA,subsample,Event,EPSG:4326
GoA2019_Stn60:cast1:niskin:75:T54,GoA2019_Stn60:cast1:niskin:75,NA,NA,NA,NA,NA,NA,subsample,Event,EPSG:4326
GoA2019_Stn60:cast1:niskin:100:T42,GoA2019_Stn60:cast1:niskin:100,NA,NA,NA,NA,NA,NA,subsample,Event,EPSG:4326
GoA2019_Stn60:cast1:niskin:150:T302,GoA2019_Stn60:cast1:niskin:150,NA,NA,NA,NA,NA,NA,subsample,Event,EPSG:4326
